date,value
2016-01-04,100.0
2016-01-05,100.0
2016-01-06,100.0
2016-01-07,100.0
2016-01-08,100.0
2016-01-11,100.0
2016-01-12,100.0
2016-01-13,100.0
2016-01-14,100.0
2016-01-15,100.0
2016-01-18,100.0
2016-01-19,100.0
2016-01-20,100.0
2016-01-21,100.0
2016-01-22,100.0
2016-01-25,100.0
2016-01-26,100.0
2016-01-27,100.0
2016-01-28,100.0
2016-01-29,100.0
2016-02-01,99.9606
2016-02-02,100.2
2016-02-03,100.3078
2016-02-04,100.6308
2016-02-05,100.0927
2016-02-15,100.3476
2016-02-16,102.697
2016-02-17,104.0205
2016-02-18,103.7843
2016-02-19,104.3055
2016-02-22,106.5242
2016-02-23,106.0104
2016-02-24,106.3475
2016-02-25,97.7176
2016-02-26,97.7827
2016-02-29,92.3262
2016-03-01,94.1771
2016-03-02,98.3008
2016-03-03,98.5088
2016-03-04,95.9294
2016-03-07,97.9621
2016-03-08,98.4399
2016-03-09,96.3488
2016-03-10,94.9463
2016-03-11,94.8634
2016-03-14,97.5737
2016-03-15,96.9927
2016-03-16,96.3229
2016-03-17,98.8854
2016-03-18,101.9039
2016-03-21,104.4277
2016-03-22,104.1257
2016-03-23,105.2467
2016-03-24,103.6442
2016-03-25,104.4643
2016-03-28,103.8135
2016-03-29,101.7214
2016-03-30,105.6008
2016-03-31,106.0541
2016-04-01,105.6733
2016-04-05,108.5216
2016-04-06,109.147
2016-04-07,107.4161
2016-04-08,106.6254
2016-04-11,108.9726
2016-04-12,108.154
2016-04-13,109.6285
2016-04-14,110.9239
2016-04-15,110.8056
2016-04-18,109.2194
2016-04-19,109.6507
2016-04-20,104.8305
2016-04-21,103.9544
2016-04-22,104.3976
2016-04-25,104.2169
2016-04-26,105.0348
2016-04-27,104.822
2016-04-28,104.6316
2016-04-29,104.5948
2016-05-03,106.4935
2016-05-04,106.5785
2016-05-05,107.0843
2016-05-06,103.9416
2016-05-09,100.9848
2016-05-10,100.7797
2016-05-11,100.4199
2016-05-12,100.222
2016-05-13,100.0753
2016-05-16,101.1684
2016-05-17,101.0233
2016-05-18,99.2565
2016-05-19,99.5825
2016-05-20,100.2079
2016-05-23,101.1392
2016-05-24,100.5158
2016-05-25,100.3271
2016-05-26,100.7382
2016-05-27,100.7062
2016-05-30,100.4338
2016-05-31,103.3781
2016-06-01,104.0235
2016-06-02,105.0973
2016-06-03,105.4154
2016-06-06,105.652
2016-06-07,106.0408
2016-06-08,105.6194
2016-06-13,100.4814
2016-06-14,100.8625
2016-06-15,103.8987
2016-06-16,103.8544
2016-06-17,104.5755
2016-06-20,104.9595
2016-06-21,103.9587
2016-06-22,105.5184
2016-06-23,105.115
2016-06-24,104.3265
2016-06-27,106.5687
2016-06-28,107.5523
2016-06-29,107.8518
2016-06-30,107.5191
2016-07-01,107.4198
2016-07-04,109.3449
2016-07-05,110.0103
2016-07-06,110.6928
2016-07-07,110.7933
2016-07-08,110.468
2016-07-11,109.8061
2016-07-12,110.9615
2016-07-13,111.6568
2016-07-14,111.9185
2016-07-15,111.6502
2016-07-18,110.9835
2016-07-19,111.3708
2016-07-20,111.4148
2016-07-21,111.5794
2016-07-22,110.4863
2016-07-25,110.5881
2016-07-26,111.7807
2016-07-27,107.5773
2016-07-28,107.5349
2016-07-29,107.0934
2016-08-01,105.8513
2016-08-02,106.4458
2016-08-03,106.8602
2016-08-04,107.2267
2016-08-05,106.969
2016-08-08,107.6987
2016-08-09,108.3567
2016-08-10,108.1635
2016-08-11,107.1326
2016-08-12,108.0093
2016-08-15,109.7249
2016-08-16,110.2562
2016-08-17,110.6389
2016-08-18,110.599
2016-08-19,110.7953
2016-08-22,109.4814
2016-08-23,109.7605
2016-08-24,109.9761
2016-08-25,109.4533
2016-08-26,109.7337
2016-08-29,109.9896
2016-08-30,109.9514
2016-08-31,110.0724
2016-09-01,109.4251
2016-09-02,109.1599
2016-09-05,109.606
2016-09-06,110.8104
2016-09-07,110.7743
2016-09-08,111.2131
2016-09-09,110.5843
2016-09-12,107.9648
2016-09-13,108.5546
2016-09-14,108.0812
2016-09-19,109.0101
2016-09-20,109.0933
2016-09-21,109.2037
2016-09-22,109.7323
2016-09-23,109.5711
2016-09-26,107.7684
2016-09-27,108.3485
2016-09-28,108.2351
2016-09-29,108.4843
2016-09-30,108.8864
2016-10-10,110.3166
2016-10-11,110.8175
2016-10-12,110.9777
2016-10-13,111.2355
2016-10-14,111.1365
2016-10-17,110.2561
2016-10-18,111.7135
2016-10-19,111.79
2016-10-20,111.9205
2016-10-21,111.5742
2016-10-24,112.5188
2016-10-25,112.8496
2016-10-26,112.4734
2016-10-27,112.3298
2016-10-28,111.3199
2016-10-31,111.3278
2016-11-01,112.5766
2016-11-02,112.17
2016-11-03,112.9027
2016-11-04,112.8152
2016-11-07,112.9671
2016-11-08,113.5349
2016-11-09,113.1237
2016-11-10,114.5818
2016-11-11,115.0912
2016-11-14,115.4062
2016-11-15,115.6888
2016-11-16,115.5741
2016-11-17,115.2973
2016-11-18,115.0542
2016-11-21,115.6089
2016-11-22,116.5371
2016-11-23,115.8695
2016-11-24,115.3007
2016-11-25,115.5675
2016-11-28,115.4868
2016-11-29,114.3494
2016-11-30,114.0452
2016-12-01,114.5622
2016-12-02,112.9476
2016-12-05,112.4263
2016-12-06,112.6062
2016-12-07,113.5484
2016-12-08,113.1017
2016-12-09,112.8632
2016-12-12,109.3011
2016-12-13,109.6913
2016-12-14,109.4637
2016-12-15,110.0487
2016-12-16,110.4603
2016-12-19,110.5328
2016-12-20,110.422
2016-12-21,111.065
2016-12-22,111.027
2016-12-23,110.0484
2016-12-26,110.3268
2016-12-27,110.532
2016-12-28,110.2803
2016-12-29,109.9725
2016-12-30,110.1167
2017-01-03,110.7918
2017-01-04,111.6269
2017-01-05,111.5945
2017-01-06,111.0843
2017-01-09,111.6414
2017-01-10,111.2878
2017-01-11,110.2721
2017-01-12,109.4459
2017-01-13,108.0109
2017-01-16,105.0488
2017-01-17,105.6476
2017-01-18,105.4664
2017-01-19,105.1569
2017-01-20,106.1797
2017-01-23,106.7684
2017-01-24,106.5206
2017-01-25,106.6296
2017-01-26,107.0488
2017-02-03,106.7906
2017-02-06,107.6143
2017-02-07,107.5883
2017-02-08,108.2634
2017-02-09,108.8937
2017-02-10,108.7032
2017-02-13,109.3699
2017-02-14,109.2654
2017-02-15,108.6145
2017-02-16,109.1845
2017-02-17,108.3252
2017-02-20,109.1169
2017-02-21,109.9384
2017-02-22,110.3652
2017-02-23,110.3051
2017-02-24,110.5746
2017-02-27,109.8764
2017-02-28,110.2556
2017-03-01,110.4611
2017-03-02,109.893
2017-03-03,110.109
2017-03-06,111.1677
2017-03-07,111.4605
2017-03-08,111.0685
2017-03-09,110.4494
2017-03-10,110.3888
2017-03-13,111.2609
2017-03-14,111.1834
2017-03-15,111.1539
2017-03-16,112.1561
2017-03-17,111.3707
2017-03-20,111.8011
2017-03-21,112.0956
2017-03-22,111.8379
2017-03-23,111.7706
2017-03-24,111.9779
2017-03-27,111.8242
2017-03-28,111.4147
2017-03-29,110.6566
2017-03-30,108.9748
2017-03-31,108.9436
2017-04-05,110.4434
2017-04-06,110.5517
2017-04-07,110.6674
2017-04-10,109.9454
2017-04-11,110.635
2017-04-12,109.8651
2017-04-13,109.7904
2017-04-14,108.5103
2017-04-17,107.5922
2017-04-18,106.9506
2017-04-19,106.2372
2017-04-20,105.804
2017-04-21,105.3997
2017-04-24,103.5885
2017-04-25,103.8162
2017-04-26,104.1067
2017-04-27,104.4966
2017-04-28,104.9034
2017-05-02,104.8444
2017-05-03,104.8613
2017-05-04,104.5619
2017-05-05,103.6628
2017-05-08,102.3093
2017-05-09,102.7165
2017-05-10,101.6359
2017-05-11,101.4352
2017-05-12,101.4479
2017-05-15,101.7206
2017-05-16,103.1204
2017-05-17,103.328
2017-05-18,102.8635
2017-05-19,102.7433
2017-05-22,101.165
2017-05-23,98.886
2017-05-24,99.2634
2017-05-25,99.7917
2017-05-26,99.8057
2017-05-31,99.6035
2017-06-01,97.6416
2017-06-02,98.5427
2017-06-05,99.1069
2017-06-06,99.3892
2017-06-07,101.0254
2017-06-08,100.9798
2017-06-09,101.1385
2017-06-12,99.7714
2017-06-13,101.0274
2017-06-14,101.0376
2017-06-15,102.0582
2017-06-16,101.8369
2017-06-19,102.4421
2017-06-20,102.4457
2017-06-21,102.5599
2017-06-22,101.0201
2017-06-23,101.1636
2017-06-26,102.2821
2017-06-27,102.4595
2017-06-28,101.8242
2017-06-29,102.1892
2017-06-30,102.4077
2017-07-03,103.1254
2017-07-04,102.8832
2017-07-05,103.6414
2017-07-06,103.835
2017-07-07,104.3179
2017-07-10,103.6955
2017-07-11,102.568
2017-07-12,102.4471
2017-07-13,102.5123
2017-07-14,102.0591
2017-07-17,98.1562
2017-07-18,98.9089
2017-07-19,99.987
2017-07-20,100.3505
2017-07-21,100.3826
2017-07-24,100.8071
2017-07-25,100.5814
2017-07-26,100.6918
2017-07-27,101.3817
2017-07-28,101.4091
2017-07-31,102.0968
2017-08-01,101.9596
2017-08-02,101.3276
2017-08-03,101.6475
2017-08-04,101.2072
2017-08-07,101.9036
2017-08-08,102.0237
2017-08-09,102.3458
2017-08-10,101.6233
2017-08-11,100.1574
2017-08-14,101.6058
2017-08-15,101.8633
2017-08-16,102.3273
2017-08-17,103.105
2017-08-18,102.6795
2017-08-21,103.4301
2017-08-22,102.9183
2017-08-23,102.6512
2017-08-24,102.1234
2017-08-25,103.0927
2017-08-28,104.283
2017-08-29,104.23
2017-08-30,104.4295
2017-08-31,104.979
2017-09-01,105.4514
2017-09-04,105.8479
2017-09-05,105.868
2017-09-06,106.2514
2017-09-07,105.9029
2017-09-08,106.071
2017-09-11,107.0858
2017-09-12,106.7038
2017-09-13,107.1584
2017-09-14,106.9933
2017-09-15,106.4351
2017-09-18,106.9366
2017-09-19,106.7558
2017-09-20,107.4198
2017-09-21,106.4995
2017-09-22,106.3281
2017-09-25,105.412
2017-09-26,105.1329
2017-09-27,105.7735
2017-09-28,105.4402
2017-09-29,106.0307
2017-10-09,106.9628
2017-10-10,107.734
2017-10-11,107.3058
2017-10-12,107.1168
2017-10-13,107.5932
2017-10-16,105.8892
2017-10-17,105.9527
2017-10-18,105.255
2017-10-19,104.4709
2017-10-20,105.2994
2017-10-23,105.8799
2017-10-24,105.5186
2017-10-25,106.0566
2017-10-26,106.3785
2017-10-27,105.8783
2017-10-30,103.9912
2017-10-31,104.6014
2017-11-01,104.7468
2017-11-02,104.0142
2017-11-03,103.4511
2017-11-06,104.1582
2017-11-07,104.5614
2017-11-08,104.7555
2017-11-09,105.1333
2017-11-10,105.3861
2017-11-13,105.5621
2017-11-14,104.828
2017-11-15,104.0017
2017-11-16,103.7776
2017-11-17,101.0332
2017-11-20,101.4388
2017-11-21,101.5215
2017-11-22,101.4762
2017-11-23,99.8502
2017-11-24,99.8858
2017-11-27,99.0686
2017-11-28,100.0028
2017-11-29,100.0652
2017-11-30,99.752
2017-12-01,100.2252
2017-12-04,99.2458
2017-12-05,97.5082
2017-12-06,98.1182
2017-12-07,97.9563
2017-12-08,98.5957
2017-12-11,99.2544
2017-12-12,98.4745
2017-12-13,98.9641
2017-12-14,99.0998
2017-12-15,98.9205
2017-12-18,98.4985
2017-12-19,99.0218
2017-12-20,98.2768
2017-12-21,98.3257
2017-12-22,98.1619
2017-12-25,97.3062
2017-12-26,98.0929
2017-12-27,97.7139
2017-12-28,97.9833
2017-12-29,98.4763
2018-01-02,99.4663
2018-01-03,100.0734
2018-01-04,100.2373
2018-01-05,100.2077
2018-01-08,100.4642
2018-01-09,100.463
2018-01-10,99.8813
2018-01-11,100.207
2018-01-12,99.9048
2018-01-15,98.0421
2018-01-16,98.6808
2018-01-17,98.6605
2018-01-18,98.8341
2018-01-19,98.6883
2018-01-22,99.0634
2018-01-23,99.265
2018-01-24,99.717
2018-01-25,99.5764
2018-01-26,99.4738
2018-01-29,98.5869
2018-01-30,98.3259
2018-01-31,96.6881
2018-02-01,94.3027
2018-02-02,93.8407
2018-02-05,93.6168
2018-02-06,90.5352
2018-02-07,90.7879
2018-02-08,91.2697
2018-02-09,89.497
2018-02-12,90.8365
2018-02-13,90.8597
2018-02-14,90.936
2018-02-22,91.6605
2018-02-23,91.7416
2018-02-26,93.0713
2018-02-27,93.1651
2018-02-28,93.4202
2018-03-01,94.4575
2018-03-02,94.1893
2018-03-05,94.6407
2018-03-06,95.4671
2018-03-07,95.1087
2018-03-08,95.7602
2018-03-09,97.0179
2018-03-12,98.2469
2018-03-13,97.6427
2018-03-14,96.8023
2018-03-15,96.2251
2018-03-16,96.2428
2018-03-19,96.5704
2018-03-20,96.9197
2018-03-21,96.4785
2018-03-22,96.6408
2018-03-23,92.3898
2018-03-26,93.1232
2018-03-27,94.6287
2018-03-28,94.2063
2018-03-29,94.7075
2018-03-30,95.6548
2018-04-02,96.0942
2018-04-03,95.6749
2018-04-04,95.3176
2018-04-09,95.6128
2018-04-10,95.6439
2018-04-11,96.2369
2018-04-12,95.8791
2018-04-13,95.6351
2018-04-16,95.0929
2018-04-17,93.4854
2018-04-18,94.2998
2018-04-19,94.3745
2018-04-20,92.8804
2018-04-23,92.3766
2018-04-24,93.8592
2018-04-25,94.1645
2018-04-26,92.8857
2018-04-27,93.0037
2018-05-02,92.7676
2018-05-03,93.2202
2018-05-04,93.1911
2018-05-07,94.4313
2018-05-08,94.8691
2018-05-09,94.9029
2018-05-10,95.3593
2018-05-11,94.4708
2018-05-14,94.074
2018-05-15,94.8794
2018-05-16,94.7555
2018-05-17,94.5803
2018-05-18,94.9019
2018-05-21,95.9662
2018-05-22,96.3675
2018-05-23,95.5465
2018-05-24,95.3128
2018-05-25,94.6959
2018-05-28,94.1227
2018-05-29,93.4508
2018-05-30,90.8551
2018-05-31,92.0557
2018-06-01,91.4077
2018-06-04,91.302
2018-06-05,92.3532
2018-06-06,92.5415
2018-06-07,92.0604
2018-06-08,91.4451
2018-06-11,91.0131
2018-06-12,91.4123
2018-06-13,90.4164
2018-06-14,90.0546
2018-06-15,88.8096
2018-06-19,84.9965
2018-06-20,85.5657
2018-06-21,84.2728
2018-06-22,84.981
2018-06-25,84.7998
2018-06-26,85.2011
2018-06-27,84.8532
2018-06-28,84.2961
2018-06-29,85.7737
2018-07-02,85.0518
2018-07-03,85.8088
2018-07-04,84.6791
2018-07-05,83.131
2018-07-06,83.4536
2018-07-09,84.697
2018-07-10,85.2089
2018-07-11,83.8444
2018-07-12,85.5026
2018-07-13,85.6142
2018-07-16,85.6338
2018-07-17,85.7586
2018-07-18,85.3821
2018-07-19,84.6037
2018-07-20,85.417
2018-07-23,85.8575
2018-07-24,87.1179
2018-07-25,87.1257
2018-07-26,86.8929
2018-07-27,86.5337
2018-07-30,85.5851
2018-07-31,85.673
2018-08-01,84.6362
2018-08-02,82.966
2018-08-03,82.2362
2018-08-06,81.1663
2018-08-07,82.6035
2018-08-08,81.8384
2018-08-09,82.9337
2018-08-10,83.1064
2018-08-13,83.1824
2018-08-14,83.1623
2018-08-15,82.0888
2018-08-16,81.5471
2018-08-17,80.6362
2018-08-20,80.8936
2018-08-21,81.4595
2018-08-22,80.7861
2018-08-23,81.1137
2018-08-24,80.9779
2018-08-27,82.1012
2018-08-28,82.2
2018-08-29,81.8649
2018-08-30,80.9949
2018-08-31,80.3792
2018-09-03,80.3162
2018-09-04,81.0441
2018-09-05,80.226
2018-09-06,80.0135
2018-09-07,80.0294
2018-09-10,78.8918
2018-09-11,78.9811
2018-09-12,79.008
2018-09-13,79.4298
2018-09-14,78.8858
2018-09-17,77.9658
2018-09-18,78.9882
2018-09-19,79.6445
2018-09-20,79.5246
2018-09-21,80.3615
2018-09-25,80.1543
2018-09-26,80.4442
2018-09-27,79.304
2018-09-28,80.0174
2018-10-08,77.8172
2018-10-09,77.9942
2018-10-10,78.1479
2018-10-11,73.7223
2018-10-12,73.4013
2018-10-15,72.8258
2018-10-16,71.8112
2018-10-17,72.3233
2018-10-18,70.7339
2018-10-19,71.848
2018-10-22,74.1677
2018-10-23,73.4208
2018-10-24,73.3303
2018-10-25,73.1329
2018-10-26,73.3053
2018-10-29,72.5052
2018-10-30,73.269
2018-10-31,74.0523
2018-11-01,74.4159
2018-11-02,75.9673
2018-11-05,76.3492
2018-11-06,76.2998
2018-11-07,76.1066
2018-11-08,76.012
2018-11-09,75.7519
2018-11-12,77.5796
2018-11-13,78.8103
2018-11-14,78.8585
2018-11-15,80.0017
2018-11-16,80.717
2018-11-19,81.1671
2018-11-20,79.2442
2018-11-21,79.6978
2018-11-22,79.7642
2018-11-23,76.7737
2018-11-26,76.5896
2018-11-27,77.0321
2018-11-28,77.7365
2018-11-29,76.3929
2018-11-30,76.6415
2018-12-03,78.3481
2018-12-04,78.7563
2018-12-05,78.4859
2018-12-06,77.4067
2018-12-07,77.3089
2018-12-10,76.7196
2018-12-11,77.2504
2018-12-12,77.2639
2018-12-13,77.7431
2018-12-14,76.3747
2018-12-17,76.3478
2018-12-18,75.9912
2018-12-19,75.3943
2018-12-20,75.629
2018-12-21,75.0776
2018-12-24,75.5844
2018-12-25,75.1012
2018-12-26,74.9767
2018-12-27,74.2382
2018-12-28,74.2737
2019-01-02,74.0666
2019-01-03,73.7559
2019-01-04,75.0255
2019-01-07,76.0277
2019-01-08,75.924
2019-01-09,76.1892
2019-01-10,76.1029
2019-01-11,76.6215
2019-01-14,76.253
2019-01-15,76.938
2019-01-16,76.8407
2019-01-17,76.1839
2019-01-18,76.6326
2019-01-21,77.0404
2019-01-22,76.4618
2019-01-23,76.6349
2019-01-24,76.9477
2019-01-25,76.5466
2019-01-28,76.0528
2019-01-29,75.1367
2019-01-30,74.2374
2019-01-31,73.3597
2019-02-01,74.8187
2019-02-11,76.2438
2019-02-12,77.1217
2019-02-13,78.1577
2019-02-14,78.5176
2019-02-15,78.3061
2019-02-18,80.5957
2019-02-19,80.7686
2019-02-20,80.8838
2019-02-21,80.7994
2019-02-22,82.3148
2019-02-25,86.0056
2019-02-26,85.8832
2019-02-27,85.6158
2019-02-28,85.9962
2019-03-01,86.6407
2019-03-04,88.0551
2019-03-05,90.0734
2019-03-06,91.6573
2019-03-07,93.0296
2019-03-08,89.1222
2019-03-11,92.4059
2019-03-12,93.9124
2019-03-13,92.3098
2019-03-14,90.0595
2019-03-15,91.3285
2019-03-18,93.2904
2019-03-19,93.6914
2019-03-20,93.6959
2019-03-21,94.5352
2019-03-22,94.9276
2019-03-25,94.1181
2019-03-26,92.025
2019-03-27,92.7507
2019-03-28,91.5523
2019-03-29,93.6823
2019-04-01,96.3845
2019-04-02,96.8741
2019-04-03,97.7201
2019-04-04,98.2458
2019-04-08,98.0389
2019-04-09,98.315
2019-04-10,98.257
2019-04-11,96.6519
2019-04-12,96.5789
2019-04-15,95.9576
2019-04-16,97.5553
2019-04-17,98.2927
2019-04-18,97.9198
2019-04-19,98.4339
2019-04-22,97.3873
2019-04-23,96.052
2019-04-24,96.615
2019-04-25,93.9215
2019-04-26,92.9139
2019-04-29,91.0126
2019-04-30,91.5711
2019-05-06,86.8834
2019-05-07,87.7467
2019-05-08,87.5383
2019-05-09,86.984
2019-05-10,88.7292
2019-05-13,88.3951
2019-05-14,88.0656
2019-05-15,89.156
2019-05-16,89.5763
2019-05-17,87.7658
2019-05-20,87.4873
2019-05-21,88.3294
2019-05-22,88.1047
2019-05-23,86.867
2019-05-24,86.4702
2019-05-27,87.8876
2019-05-28,87.9842
2019-05-29,88.2508
2019-05-30,87.9102
2019-05-31,88.0576
2019-06-03,87.2237
2019-06-04,86.244
2019-06-05,86.2597
2019-06-06,84.8711
2019-06-10,85.6142
2019-06-11,87.58
2019-06-12,87.3944
2019-06-13,87.6514
2019-06-14,86.3554
2019-06-17,86.43
2019-06-18,86.4366
2019-06-19,87.203
2019-06-20,88.2963
2019-06-21,89.5256
2019-06-24,89.339
2019-06-25,88.7362
2019-06-26,88.7091
2019-06-27,89.1912
2019-06-28,88.3935
2019-07-01,90.3679
2019-07-02,90.5262
2019-07-03,89.7013
2019-07-04,89.5431
2019-07-05,89.7042
2019-07-08,87.2897
2019-07-09,87.6078
2019-07-10,87.1941
2019-07-11,87.2932
2019-07-12,87.4368
2019-07-15,87.9976
2019-07-16,88.1257
2019-07-17,88.0474
2019-07-18,87.0078
2019-07-19,87.4975
2019-07-22,86.0211
2019-07-23,86.7329
2019-07-24,87.2872
2019-07-25,87.4869
2019-07-26,87.5073
2019-07-29,87.6508
2019-07-30,87.7384
2019-07-31,87.4191
2019-08-01,87.179
2019-08-02,86.3022
2019-08-05,85.7472
2019-08-06,84.3386
2019-08-07,84.1438
2019-08-08,84.336
2019-08-09,83.8283
2019-08-12,84.6942
2019-08-13,84.3198
2019-08-14,84.598
2019-08-15,84.9466
2019-08-16,85.295
2019-08-19,87.1316
2019-08-20,87.263
2019-08-21,87.3165
2019-08-22,87.4609
2019-08-23,87.3527
2019-08-26,86.9648
2019-08-27,88.0857
2019-08-28,88.0335
2019-08-29,88.1281
2019-08-30,87.0937
2019-09-02,88.6945
2019-09-03,89.2488
2019-09-04,89.8497
2019-09-05,90.3963
2019-09-06,90.7109
2019-09-09,92.305
2019-09-10,92.3457
2019-09-11,91.9194
2019-09-12,92.4937
2019-09-16,92.7335
2019-09-17,90.8772
2019-09-18,90.9962
2019-09-19,91.8824
2019-09-20,91.9641
2019-09-23,91.3035
2019-09-24,91.5536
2019-09-25,90.2274
2019-09-26,88.3538
2019-09-27,89.0288
2019-09-30,88.2505
2019-10-08,88.2104
2019-10-09,88.6783
2019-10-10,89.5448
2019-10-11,89.6639
2019-10-14,90.5
2019-10-15,89.9083
2019-10-16,89.6122
2019-10-17,89.5316
2019-10-18,88.8636
2019-10-21,88.4558
2019-10-22,89.1284
2019-10-23,88.6465
2019-10-24,88.7785
2019-10-25,89.1672
2019-10-28,90.0766
2019-10-29,89.3494
2019-10-30,88.6071
2019-10-31,87.9088
2019-11-01,88.4874
2019-11-04,88.7692
2019-11-05,88.9939
2019-11-06,88.3796
2019-11-07,88.8482
2019-11-08,88.7048
2019-11-11,87.2651
2019-11-12,87.2945
2019-11-13,87.1566
2019-11-14,87.5202
2019-11-15,86.8318
2019-11-18,87.1897
2019-11-19,88.181
2019-11-20,87.882
2019-11-21,87.7302
2019-11-22,87.2799
2019-11-25,87.058
2019-11-26,86.9775
2019-11-27,86.8969
2019-11-28,86.7038
2019-11-29,86.6945
2019-12-02,86.795
2019-12-03,87.1516
2019-12-04,87.3106
2019-12-05,87.8115
2019-12-06,88.2717
2019-12-09,88.4797
2019-12-10,88.8201
2019-12-11,88.627
2019-12-12,88.473
2019-12-13,89.4491
2019-12-16,90.5043
2019-12-17,91.3987
2019-12-18,91.5322
2019-12-19,91.9002
2019-12-20,91.179
2019-12-23,89.9269
2019-12-24,90.9779
2019-12-25,91.2182
2019-12-26,91.8853
2019-12-27,91.3914
2019-12-30,91.8988
2019-12-31,92.2524
2020-01-02,93.6621
2020-01-03,94.035
2020-01-06,94.5969
2020-01-07,95.4354
2020-01-08,94.4455
2020-01-09,95.6305
2020-01-10,95.3317
2020-01-13,96.2939
2020-01-14,96.3211
2020-01-15,96.0244
2020-01-16,95.781
2020-01-17,95.8374
2020-01-20,96.6182
2020-01-21,95.7713
2020-01-22,96.0704
2020-01-23,93.5094
2020-02-03,87.1754
2020-02-04,87.1483
2020-02-05,88.6862
2020-02-06,90.1799
2020-02-07,90.7912
2020-02-10,91.5227
2020-02-11,91.0089
2020-02-12,92.1309
2020-02-13,91.6562
2020-02-14,91.7108
2020-02-17,93.8768
2020-02-18,94.9231
2020-02-19,94.5028
2020-02-20,95.6667
2020-02-21,96.5799
2020-02-24,97.6198
2020-02-25,97.7385
2020-02-26,96.0167
2020-02-27,96.0953
2020-02-28,92.0785
2020-03-02,95.0093
2020-03-03,95.907
2020-03-04,96.5156
2020-03-05,97.8403
2020-03-06,97.6665
2020-03-09,95.2594
2020-03-10,96.4215
2020-03-11,95.8013
2020-03-12,94.4301
2020-03-13,93.568
2020-03-16,91.3749
2020-03-17,91.1849
2020-03-18,90.3558
2020-03-19,90.4782
2020-03-20,91.3496
2020-03-23,89.4008
2020-03-24,90.2812
2020-03-25,91.365
2020-03-26,90.8576
2020-03-27,90.5506
2020-03-30,89.9321
2020-03-31,89.9734
2020-04-01,89.6156
2020-04-02,90.4773
2020-04-03,90.287
2020-04-07,91.8167
2020-04-08,92.0832
2020-04-09,92.5113
2020-04-10,91.1796
2020-04-13,90.7062
2020-04-14,91.9142
2020-04-15,91.5525
2020-04-16,91.8462
2020-04-17,91.9179
2020-04-20,92.7473
2020-04-21,92.4418
2020-04-22,93.0236
2020-04-23,92.8256
2020-04-24,91.6988
2020-04-27,91.5568
2020-04-28,90.4076
2020-04-29,90.4821
2020-04-30,91.9546
2020-05-06,92.6448
2020-05-07,92.3865
2020-05-08,93.1033
2020-05-11,93.0813
2020-05-12,93.0372
2020-05-13,93.4187
2020-05-14,92.8217
2020-05-15,93.0623
2020-05-18,92.8297
2020-05-19,93.7131
2020-05-20,93.1111
2020-05-21,92.41
2020-05-22,91.3275
2020-05-25,91.32
2020-05-26,92.5554
2020-05-27,92.3575
2020-05-28,92.1563
2020-05-29,92.6428
2020-06-01,94.2944
2020-06-02,94.4311
2020-06-03,94.5843
2020-06-04,94.8394
2020-06-05,94.8459
2020-06-08,94.7965
2020-06-09,95.0933
2020-06-10,94.925
2020-06-11,94.8374
2020-06-12,94.8507
2020-06-15,94.7095
2020-06-16,95.8811
2020-06-17,96.2002
2020-06-18,96.0911
2020-06-19,96.5273
2020-06-22,96.7497
2020-06-23,96.936
2020-06-24,96.9134
2020-06-29,96.4391
2020-06-30,97.7762
2020-07-01,98.0359
2020-07-02,99.0251
2020-07-03,99.8812
2020-07-06,103.0642
2020-07-07,103.999
2020-07-08,105.7179
2020-07-09,108.0223
2020-07-10,107.6051
2020-07-13,110.4829
2020-07-14,109.8159
2020-07-15,107.5132
2020-07-16,103.2611
2020-07-17,103.4225
2020-07-20,106.1201
2020-07-21,106.5746
2020-07-22,107.0943
2020-07-23,107.0616
2020-07-24,103.5883
2020-07-27,103.9615
2020-07-28,104.743
2020-07-29,106.6581
2020-07-30,106.6818
2020-07-31,107.6208
2020-08-03,109.9079
2020-08-04,109.412
2020-08-05,110.2803
2020-08-06,110.072
2020-08-07,109.1385
2020-08-10,109.6506
2020-08-11,108.1791
2020-08-12,107.3037
2020-08-13,107.7827
2020-08-14,108.2291
2020-08-17,109.7401
2020-08-18,110.368
2020-08-19,109.1069
2020-08-20,108.0842
2020-08-21,108.6003
2020-08-24,109.0178
2020-08-25,108.8971
2020-08-26,107.3652
2020-08-27,108.2885
2020-08-28,108.9644
2020-08-31,109.0393
2020-09-01,109.6042
2020-09-02,109.9876
2020-09-03,109.2497
2020-09-04,109.248
2020-09-07,108.3967
2020-09-08,108.9703
2020-09-09,107.1328
2020-09-10,104.7621
2020-09-11,105.53
2020-09-14,106.4768
2020-09-15,106.5704
2020-09-16,106.2761
2020-09-17,106.3821
2020-09-18,107.0989
2020-09-21,106.8776
2020-09-22,106.0111
2020-09-23,106.2828
2020-09-24,104.6929
2020-09-25,104.3295
2020-09-28,103.5747
2020-09-29,103.9323
2020-09-30,103.8604
2020-10-09,105.539
2020-10-12,107.2739
2020-10-13,107.5121
2020-10-14,107.2186
2020-10-15,106.6415
2020-10-16,106.5776
2020-10-19,106.1668
2020-10-20,106.8968
2020-10-21,106.1134
2020-10-22,105.7685
2020-10-23,104.8105
2020-10-26,104.8396
2020-10-27,104.9154
2020-10-28,105.1076
2020-10-29,104.9771
2020-10-30,103.365
2020-11-02,103.5604
2020-11-03,104.6455
2020-11-04,104.5896
2020-11-05,105.6888
2020-11-06,105.0452
2020-11-09,106.447
2020-11-10,105.7745
2020-11-11,104.9516
2020-11-12,105.0759
2020-11-13,105.0102
2020-11-16,105.7351
2020-11-17,105.3764
2020-11-18,105.5724
2020-11-19,105.7037
2020-11-20,106.1506
2020-11-23,106.532
2020-11-24,106.5689
2020-11-25,105.5149
2020-11-26,105.228
2020-11-27,105.2553
2020-11-30,105.0737
2020-12-01,105.9639
2020-12-02,106.0464
2020-12-03,105.8053
2020-12-04,106.0065
2020-12-07,105.6238
2020-12-08,105.4823
2020-12-09,104.2928
2020-12-10,104.2434
2020-12-11,103.2921
2020-12-14,103.7479
2020-12-15,103.7334
2020-12-16,103.2872
2020-12-17,103.8394
2020-12-18,103.7239
2020-12-21,104.4532
2020-12-22,103.2997
2020-12-23,103.7338
2020-12-24,102.697
2020-12-25,103.2845
2020-12-28,102.8964
2020-12-29,102.3753
2020-12-30,102.8364
2020-12-31,103.6909
2021-01-04,104.7537
2021-01-05,104.864
2021-01-06,104.1707
2021-01-07,102.9616
2021-01-08,102.7475
2021-01-11,101.4663
2021-01-12,102.1992
2021-01-13,101.4102
2021-01-14,101.335
2021-01-15,101.8418
2021-01-18,102.7463
2021-01-19,102.712
2021-01-20,103.0693
2021-01-21,103.5846
2021-01-22,103.1462
2021-01-25,102.4493
2021-01-26,101.6622
2021-01-27,101.7499
2021-01-28,100.5729
2021-01-29,99.804
2021-02-01,100.3507
2021-02-02,100.6594
2021-02-03,99.8842
2021-02-04,98.9359
2021-02-05,98.097
2021-02-08,98.3189
2021-02-09,99.3625
2021-02-10,99.9578
2021-02-18,101.1505
2021-02-19,102.4601
2021-02-22,102.752
2021-02-23,102.4102
2021-02-24,102.0271
2021-02-25,101.7676
2021-02-26,101.2287
2021-03-01,102.7245
2021-03-02,102.3181
2021-03-03,103.2983
2021-03-04,102.5883
2021-03-05,102.906
2021-03-08,102.0461
2021-03-09,100.3164
2021-03-10,99.6424
2021-03-11,100.9002
2021-03-12,101.0597
2021-03-15,100.8899
2021-03-16,101.625
2021-03-17,101.8493
2021-03-18,101.985
2021-03-19,101.7582
2021-03-22,102.8037
2021-03-23,101.9973
2021-03-24,101.431
2021-03-25,101.109
2021-03-26,101.909
2021-03-29,102.047
2021-03-30,101.6791
2021-03-31,101.7168
2021-04-01,101.9815
2021-04-02,102.2681
2021-04-06,102.7895
2021-04-07,103.1798
2021-04-08,102.7924
2021-04-09,102.7483
2021-04-12,101.8406
2021-04-13,101.3064
2021-04-14,102.0306
2021-04-15,101.7809
2021-04-16,102.6424
2021-04-19,103.6282
2021-04-20,103.4045
2021-04-21,103.316
2021-04-22,103.6252
2021-04-23,103.248
2021-04-26,102.9588
2021-04-27,102.7195
2021-04-28,102.8748
2021-04-29,102.8162
2021-04-30,102.6642
2021-05-06,102.6018
2021-05-07,102.0768
2021-05-10,102.4585
2021-05-11,102.5353
2021-05-12,103.1305
2021-05-13,102.8541
2021-05-14,103.6434
2021-05-17,103.2831
2021-05-18,103.618
2021-05-19,103.6446
2021-05-20,103.3491
2021-05-21,103.3502
2021-05-24,103.8464
2021-05-25,104.4731
2021-05-26,104.8519
2021-05-27,105.4717
2021-05-28,105.2994
2021-05-31,106.3319
2021-06-01,106.8846
2021-06-02,106.2111
2021-06-03,106.0616
2021-06-04,106.1892
2021-06-07,106.8759
2021-06-08,106.5417
2021-06-09,106.7105
2021-06-10,107.126
2021-06-11,106.607
2021-06-15,106.1397
2021-06-16,105.0209
2021-06-17,105.7691
2021-06-18,106.3096
2021-06-21,107.0573
2021-06-22,107.3908
2021-06-23,107.8623
2021-06-24,107.4055
2021-06-25,107.6717
2021-06-28,108.1955
2021-06-29,107.5778
2021-06-30,108.1061
2021-07-01,107.1453
2021-07-02,106.6525
2021-07-05,107.5793
2021-07-06,107.3986
2021-07-07,108.1378
2021-07-08,108.0035
2021-07-09,108.4343
2021-07-12,109.4435
2021-07-13,109.7853
2021-07-14,109.1002
2021-07-15,108.978
2021-07-16,108.8833
2021-07-19,108.6834
2021-07-20,108.9599
2021-07-21,110.0356
2021-07-22,110.5304
2021-07-23,109.8891
2021-07-26,108.9067
2021-07-27,107.3602
2021-07-28,105.8763
2021-07-29,107.7678
2021-07-30,108.4279
2021-08-02,109.4746
2021-08-03,108.8371
2021-08-04,109.9432
2021-08-05,109.492
2021-08-06,109.6031
2021-08-09,110.198
2021-08-10,110.7699
2021-08-11,111.1937
2021-08-12,111.4068
2021-08-13,111.3947
2021-08-16,111.2539
2021-08-17,109.3354
2021-08-18,109.9337
2021-08-19,109.8259
2021-08-20,109.4961
2021-08-23,111.214
2021-08-24,111.6661
2021-08-25,112.2364
2021-08-26,111.813
2021-08-27,111.7991
2021-08-30,112.0233
2021-08-31,112.0046
2021-09-01,111.4104
2021-09-02,112.4354
2021-09-03,112.2748
2021-09-06,113.1464
2021-09-07,114.1238
2021-09-08,114.5767
2021-09-09,114.7981
2021-09-10,114.5396
2021-09-13,114.8929
2021-09-14,114.0461
2021-09-15,114.4087
2021-09-16,113.2328
2021-09-17,113.1053
2021-09-22,113.6488
2021-09-23,113.8889
2021-09-24,112.7274
2021-09-27,110.9799
2021-09-28,111.1977
2021-09-29,109.4641
2021-09-30,110.6585
2021-10-08,111.1992
2021-10-11,110.9575
2021-10-12,110.0313
2021-10-13,110.1902
2021-10-14,110.3877
2021-10-15,110.0651
2021-10-18,110.1835
2021-10-19,110.6282
2021-10-20,110.6188
2021-10-21,110.3144
2021-10-22,109.8513
2021-10-25,110.3562
2021-10-26,110.0611
2021-10-27,109.1535
2021-10-28,108.1484
2021-10-29,108.9971
2021-11-01,109.8267
2021-11-02,109.2309
2021-11-03,109.553
2021-11-04,110.6016
2021-11-05,110.2986
2021-11-08,110.636
2021-11-09,111.3706
2021-11-10,111.7023
2021-11-11,112.3688
2021-11-12,113.1008
2021-11-15,113.3789
2021-11-16,112.704
2021-11-17,113.6606
2021-11-18,113.0679
2021-11-19,113.9314
2021-11-22,114.7332
2021-11-23,114.9716
2021-11-24,115.1869
2021-11-25,115.1503
2021-11-26,114.9394
2021-11-29,115.013
2021-11-30,115.4262
2021-12-01,115.9448
2021-12-02,115.1272
2021-12-03,115.3864
2021-12-06,114.2575
2021-12-07,113.6065
2021-12-08,114.5078
2021-12-09,114.8106
2021-12-10,114.9234
2021-12-13,115.2425
2021-12-14,115.4695
2021-12-15,115.4002
2021-12-16,116.0399
2021-12-17,115.3948
2021-12-20,114.5577
2021-12-21,115.548
2021-12-22,115.7537
2021-12-23,115.4674
2021-12-24,114.4618
2021-12-27,114.7501
2021-12-28,115.0226
2021-12-29,114.8509
2021-12-30,115.5491
2021-12-31,115.9644
2022-01-04,116.5431
2022-01-05,115.517
2022-01-06,116.0341
2022-01-07,114.9939
2022-01-10,115.5361
2022-01-11,115.163
2022-01-12,116.0229
2022-01-13,115.3816
2022-01-14,115.1613
2022-01-17,116.0347
2022-01-18,115.1097
2022-01-19,115.0982
2022-01-20,113.8353
2022-01-21,112.9685
2022-01-24,112.7382
2022-01-25,110.4118
2022-01-26,110.6813
2022-01-27,108.9777
2022-01-28,109.4331
2022-02-07,110.2748
2022-02-08,110.8745
2022-02-09,111.5809
2022-02-10,111.5133
2022-02-11,110.4821
2022-02-14,110.3138
2022-02-15,110.5339
2022-02-16,111.1787
2022-02-17,111.0731
2022-02-18,111.4895
2022-02-21,112.1947
2022-02-22,111.5166
2022-02-23,112.5512
2022-02-24,110.9378
2022-02-25,111.5699
2022-02-28,111.6416
2022-03-01,112.1825
2022-03-02,112.3469
2022-03-03,112.1266
2022-03-04,111.2641
2022-03-07,110.0558
2022-03-08,107.9041
2022-03-09,107.1432
2022-03-10,108.184
2022-03-11,108.5116
2022-03-14,106.9533
2022-03-15,104.2324
2022-03-16,105.8096
2022-03-17,106.8155
2022-03-18,107.4576
2022-03-21,108.1901
2022-03-22,107.9715
2022-03-23,108.1312
2022-03-24,107.5464
2022-03-25,107.1262
2022-03-28,106.8498
2022-03-29,106.412
2022-03-30,107.4321
2022-03-31,107.3588
2022-04-01,107.3378
2022-04-06,107.8618
2022-04-07,106.4415
2022-04-08,106.1445
2022-04-11,104.4118
2022-04-12,105.3384
2022-04-13,104.2986
2022-04-14,104.8627
2022-04-15,103.9631
2022-04-18,104.1342
2022-04-19,104.2813
2022-04-20,103.685
2022-04-21,101.6977
2022-04-22,101.2411
2022-04-25,97.7017
2022-04-26,96.2823
2022-04-27,97.5011
2022-04-28,97.0696
2022-04-29,99.0274
2022-05-05,100.4873
2022-05-06,99.4784
2022-05-09,100.0687
2022-05-10,100.994
2022-05-11,101.3335
2022-05-12,101.7388
2022-05-13,102.1653
2022-05-16,102.087
2022-05-17,102.1947
2022-05-18,102.562
2022-05-19,103.0974
2022-05-20,103.9199
2022-05-23,104.6893
2022-05-24,101.785
2022-05-25,102.8779
2022-05-26,103.1437
2022-05-27,103.2168
2022-05-30,104.0143
2022-05-31,104.8972
2022-06-01,105.2924
2022-06-02,106.2015
2022-06-06,107.5733
2022-06-07,107.1277
2022-06-08,107.1173
2022-06-09,105.6252
2022-06-10,107.0239
2022-06-13,107.2209
2022-06-14,107.3179
2022-06-15,107.1672
2022-06-16,107.6702
2022-06-17,108.3733
2022-06-20,109.176
2022-06-21,108.7189
2022-06-22,107.8415
2022-06-23,109.3989
2022-06-24,110.3089
2022-06-27,111.0825
2022-06-28,112.2729
2022-06-29,110.3796
2022-06-30,111.2126
2022-07-01,110.9863
2022-07-04,111.6918
2022-07-05,111.0538
2022-07-06,110.4646
2022-07-07,111.1121
2022-07-08,110.9707
2022-07-11,110.2644
2022-07-12,109.0358
2022-07-13,109.761
2022-07-14,110.378
2022-07-15,109.4684
2022-07-18,110.8371
2022-07-19,111.2765
2022-07-20,111.9136
2022-07-21,111.6058
2022-07-22,111.4447
2022-07-25,110.7657
2022-07-26,111.4733
2022-07-27,112.1858
2022-07-28,112.7401
2022-07-29,112.4476
2022-08-01,112.913
2022-08-02,110.4491
2022-08-03,110.009
2022-08-04,110.7201
2022-08-05,111.4792
2022-08-08,112.3823
2022-08-09,112.6937
2022-08-10,112.9467
2022-08-11,113.8013
2022-08-12,113.2721
2022-08-15,113.6795
2022-08-16,114.2332
2022-08-17,114.4263
2022-08-18,114.6866
2022-08-19,113.5248
2022-08-22,113.9092
2022-08-23,114.2601
2022-08-24,111.8634
2022-08-25,111.5738
2022-08-26,111.1887
2022-08-29,111.6294
2022-08-30,111.275
2022-08-31,109.6036
2022-09-01,109.3888
2022-09-02,109.9538
2022-09-05,110.1135
2022-09-06,110.8645
2022-09-07,111.0477
2022-09-08,110.5339
2022-09-09,110.57
2022-09-13,110.7002
2022-09-14,110.2411
2022-09-15,108.9336
2022-09-16,107.571
2022-09-19,106.9586
2022-09-20,107.6415
2022-09-21,107.7552
2022-09-22,107.5459
2022-09-23,106.4696
2022-09-26,105.5985
2022-09-27,106.7381
2022-09-28,105.3776
2022-09-29,105.1876
2022-09-30,104.4939
2022-10-10,103.5715
2022-10-11,103.7979
2022-10-12,105.0586
2022-10-13,105.5578
2022-10-14,106.8819
2022-10-17,107.7277
2022-10-18,108.0251
2022-10-19,107.4383
2022-10-20,107.1675
2022-10-21,107.2921
2022-10-24,106.3853
2022-10-25,106.1363
2022-10-26,107.5607
2022-10-27,107.2576
2022-10-28,104.86
2022-10-31,105.583
2022-11-01,107.2328
2022-11-02,108.1072
2022-11-03,108.4438
2022-11-04,109.7623
2022-11-07,110.1776
2022-11-08,110.0581
2022-11-09,109.9719
2022-11-10,109.4481
2022-11-11,109.9083
2022-11-14,109.8124
2022-11-15,111.324
2022-11-16,111.0478
2022-11-17,111.3419
2022-11-18,110.9086
2022-11-21,111.1555
2022-11-22,110.1694
2022-11-23,109.7259
2022-11-24,109.9177
2022-11-25,109.3627
2022-11-28,109.022
2022-11-29,110.2731
2022-11-30,110.2101
2022-12-01,110.7391
2022-12-02,111.0036
2022-12-05,111.6192
2022-12-06,111.3514
2022-12-07,111.3629
2022-12-08,111.1647
2022-12-09,111.1854
2022-12-12,110.9262
2022-12-13,110.6996
2022-12-14,110.487
2022-12-15,110.5838
2022-12-16,109.9959
2022-12-19,108.5851
2022-12-20,108.0953
2022-12-21,107.7737
2022-12-22,107.1144
2022-12-23,106.8215
2022-12-26,107.5848
2022-12-27,107.9068
2022-12-28,107.3503
2022-12-29,107.1577
2022-12-30,107.4852
2023-01-03,108.5522
2023-01-04,108.7836
2023-01-05,109.2726
2023-01-06,109.2003
2023-01-09,109.6134
2023-01-10,109.6321
2023-01-11,109.0526
2023-01-12,109.0721
2023-01-13,109.4121
2023-01-16,110.2257
2023-01-17,110.2114
2023-01-18,110.4446
2023-01-19,110.9571
2023-01-20,111.5343
2023-01-30,112.4375
2023-01-31,112.6792
2023-02-01,113.9257
2023-02-02,114.084
2023-02-03,114.0417
2023-02-06,113.7122
2023-02-07,114.2055
2023-02-08,113.7825
2023-02-09,114.9241
2023-02-10,114.7143
2023-02-13,115.5586
2023-02-14,115.6121
2023-02-15,115.7632
2023-02-16,113.9681
2023-02-17,113.4218
2023-02-20,114.4346
2023-02-21,114.6779
2023-02-22,114.736
2023-02-23,114.5157
2023-02-24,114.2952
2023-02-27,113.6923
2023-02-28,114.3203
2023-03-01,114.9443
2023-03-02,114.6829
2023-03-03,114.6594
2023-03-06,114.7332
2023-03-07,113.3171
2023-03-08,113.7631
2023-03-09,113.8674
2023-03-10,112.9291
2023-03-13,113.2034
2023-03-14,112.4901
2023-03-15,112.9322
2023-03-16,111.9492
2023-03-17,112.4747
2023-03-20,112.2264
2023-03-21,113.0621
2023-03-22,113.4767
2023-03-23,113.6677
2023-03-24,113.7146
2023-03-27,113.7126
2023-03-28,113.0868
2023-03-29,112.9449
2023-03-30,112.7541
2023-03-31,113.3642
2023-04-03,114.2028
2023-04-04,113.761
2023-04-06,113.8186
2023-04-07,114.4807
2023-04-10,113.6196
2023-04-11,113.7368
2023-04-12,114.3124
2023-04-13,113.8225
2023-04-14,114.2429
2023-04-17,114.3025
2023-04-18,113.9871
2023-04-19,113.7381
2023-04-20,113.5683
2023-04-21,111.6886
2023-04-24,111.3543
2023-04-25,110.1547
2023-04-26,110.6549
2023-04-27,110.6598
2023-04-28,111.8085
2023-05-04,112.6493
2023-05-05,111.7901
2023-05-08,112.2208
2023-05-09,111.2116
2023-05-10,111.3407
2023-05-11,111.5716
2023-05-12,110.969
2023-05-15,111.5473
2023-05-16,111.0361
2023-05-17,111.5454
2023-05-18,111.8034
2023-05-19,111.8305
2023-05-22,112.1429
2023-05-23,111.5655
2023-05-24,111.5138
2023-05-25,111.4893
2023-05-26,111.788
2023-05-29,111.5364
2023-05-30,111.7927
2023-05-31,111.554
2023-06-01,111.7048
2023-06-02,112.2109
2023-06-05,112.4306
2023-06-06,111.0368
2023-06-07,111.2957
2023-06-08,110.9048
2023-06-09,111.3045
2023-06-12,111.7078
2023-06-13,112.0505
2023-06-14,112.1525
2023-06-15,112.438
2023-06-16,113.0693
2023-06-19,113.1113
2023-06-20,112.9007
2023-06-21,111.7178
2023-06-26,110.357
2023-06-27,111.4441
2023-06-28,111.2819
2023-06-29,111.8472
2023-06-30,112.5991
2023-07-03,112.9181
2023-07-04,113.3745
2023-07-05,112.9535
2023-07-06,112.8949
2023-07-07,112.5042
2023-07-10,112.5648
2023-07-11,113.1688
2023-07-12,112.44
2023-07-13,113.19
2023-07-14,113.0965
2023-07-17,112.8834
2023-07-18,112.9125
2023-07-19,112.7435
2023-07-20,111.9717
2023-07-21,111.7534
2023-07-24,111.6317
2023-07-25,112.6923
2023-07-26,112.4931
2023-07-27,112.1032
2023-07-28,112.7001
2023-07-31,113.2582
2023-08-01,113.0381
2023-08-02,112.85
2023-08-03,112.9025
2023-08-04,112.9289
2023-08-07,112.4767
2023-08-08,112.2668
2023-08-09,111.8079
2023-08-10,111.9946
2023-08-11,110.8766
2023-08-14,110.9693
2023-08-15,110.6275
2023-08-16,110.0555
2023-08-17,110.6593
2023-08-18,109.8435
2023-08-21,109.4122
2023-08-22,109.5647
2023-08-23,108.5789
2023-08-24,108.5467
2023-08-25,107.5123
2023-08-28,108.0779
2023-08-29,109.8394
2023-08-30,110.1705
2023-08-31,109.8536
2023-09-01,109.9098
2023-09-04,110.8199
2023-09-05,110.4177
2023-09-06,110.7185
2023-09-07,109.4594
2023-09-08,109.606
2023-09-11,110.2017
2023-09-12,110.1058
2023-09-13,109.3117
2023-09-14,108.8328
2023-09-15,108.9258
2023-09-18,109.2694
2023-09-19,108.6591
2023-09-20,108.1571
2023-09-21,107.6773
2023-09-22,108.6879
2023-09-25,108.4669
2023-09-26,108.1802
2023-09-27,108.4324
2023-09-28,108.9304
2023-10-09,108.6939
2023-10-10,108.4366
2023-10-11,108.6526
2023-10-12,109.0064
2023-10-13,108.6426
2023-10-16,108.116
2023-10-17,108.0217
2023-10-18,106.9401
2023-10-19,106.2578
2023-10-20,105.6456
2023-10-23,104.3439
2023-10-24,105.5164
2023-10-25,106.2137
2023-10-26,106.3865
2023-10-27,107.2963
2023-10-30,108.0573
2023-10-31,107.7311
2023-11-01,107.8005
2023-11-02,107.1012
2023-11-03,107.9559
2023-11-06,109.358
2023-11-07,109.7306
2023-11-08,109.9291
2023-11-09,109.5029
2023-11-10,109.3268
2023-11-13,110.0039
2023-11-14,110.4541
2023-11-15,110.9947
2023-11-16,110.2662
2023-11-17,110.8269
2023-11-20,111.6627
2023-11-21,111.4563
2023-11-22,111.0971
2023-11-23,111.7318
2023-11-24,111.3771
2023-11-27,112.1095
2023-11-28,112.238
2023-11-29,111.3696
2023-11-30,110.9669
2023-12-01,111.0993
2023-12-04,110.9944
2023-12-05,110.3935
2023-12-06,110.6684
2023-12-07,110.618
2023-12-08,110.2681
2023-12-11,110.7457
2023-12-12,111.1484
2023-12-13,110.9917
2023-12-14,110.9143
2023-12-15,110.6975
2023-12-18,110.1557
2023-12-19,110.2449
2023-12-20,109.8868
2023-12-21,109.4782
2023-12-22,108.883
2023-12-25,109.0895
2023-12-26,108.5368
2023-12-27,108.8811
2023-12-28,110.0096
2023-12-29,111.0083
2024-01-02,111.2463
2024-01-03,110.8898
2024-01-04,110.6101
2024-01-05,109.179
2024-01-08,107.6263
2024-01-09,107.8487
2024-01-10,107.3909
2024-01-11,108.2842
2024-01-12,107.52
2024-01-15,107.3045
2024-01-16,107.3078
2024-01-17,105.7473
2024-01-18,105.5616
2024-01-19,104.9328
2024-01-22,101.9166
2024-01-23,102.1736
2024-01-24,102.8951
2024-01-25,104.5904
2024-01-26,104.3078
2024-01-29,102.6572
2024-01-30,101.0501
2024-01-31,99.0168
2024-02-01,98.3549
2024-02-02,96.5612
2024-02-05,93.6691
2024-02-06,95.3025
2024-02-07,95.346
2024-02-08,97.4528
2024-02-19,98.6015
2024-02-20,99.0823
2024-02-21,99.7464
2024-02-22,100.7945
2024-02-23,101.9669
2024-02-26,102.6397
2024-02-27,104.6137
2024-02-28,100.5791
2024-02-29,103.1984
2024-03-01,104.0203
2024-03-04,104.1942
2024-03-05,103.206
2024-03-06,103.8395
2024-03-07,103.0333
2024-03-08,103.8437
2024-03-11,105.2324
2024-03-12,105.9152
2024-03-13,105.9734
2024-03-14,105.5194
2024-03-15,106.5519
2024-03-18,108.0193
2024-03-19,107.6586
2024-03-20,108.3775
2024-03-21,108.3875
2024-03-22,107.2879
2024-03-25,105.4968
2024-03-26,105.428
2024-03-27,103.4326
2024-03-28,104.6676
2024-03-29,105.3497
2024-04-01,106.5721
2024-04-02,106.4743
2024-04-03,106.0744
2024-04-08,104.7688
2024-04-09,105.4643
2024-04-10,104.522
2024-04-11,104.5787
2024-04-12,104.1867
2024-04-15,102.8943
2024-04-16,100.0983
2024-04-17,102.4166
2024-04-18,102.3972
2024-04-19,102.1997
2024-04-22,101.8717
2024-04-23,101.831
2024-04-24,102.6048
2024-04-25,102.7585
2024-04-26,103.6046
2024-04-29,105.1005
2024-04-30,105.0573
2024-05-06,106.1834
2024-05-07,106.508
2024-05-08,105.6327
2024-05-09,106.615
2024-05-10,105.9763
2024-05-13,105.1069
2024-05-14,105.4974
2024-05-15,104.9139
2024-05-16,105.1411
2024-05-17,106.008
2024-05-20,106.33
2024-05-21,105.607
2024-05-22,105.918
2024-05-23,104.6539
2024-05-24,103.9284
2024-05-27,104.3682
2024-05-28,103.849
2024-05-29,103.9305
2024-05-30,103.4991
2024-05-31,103.777
2024-06-03,102.9697
2024-06-04,102.8135
2024-06-05,101.9114
2024-06-06,100.4685
2024-06-07,101.0263
2024-06-11,101.2964
2024-06-12,101.8189
2024-06-13,101.6836
2024-06-14,101.7062
2024-06-17,101.6295
2024-06-18,102.1843
2024-06-19,101.8693
2024-06-20,100.9637
2024-06-21,100.8955
2024-06-24,99.1668
2024-06-25,99.0764
2024-06-26,100.2514
2024-06-27,99.3255
2024-06-28,99.653
2024-07-01,100.0522
2024-07-02,99.9399
2024-07-03,99.4783
2024-07-04,98.2345
2024-07-05,98.6893
2024-07-08,97.4057
2024-07-09,98.2976
2024-07-10,97.9197
2024-07-11,99.4157
2024-07-12,99.2805
2024-07-15,98.5597
2024-07-16,98.8572
2024-07-17,98.6231
2024-07-18,98.545
2024-07-19,98.7625
2024-07-22,98.8906
2024-07-23,97.4797
2024-07-24,96.5423
2024-07-25,96.7952
2024-07-26,97.6635
2024-07-29,97.6087
2024-07-30,97.8172
2024-07-31,99.8097
2024-08-01,99.7403
2024-08-02,98.8125
2024-08-05,97.1778
2024-08-06,98.3
2024-08-07,98.2849
2024-08-08,98.1209
2024-08-09,97.6441
2024-08-12,97.3107
2024-08-13,97.653
2024-08-14,97.2208
2024-08-15,97.7028
2024-08-16,97.4752
2024-08-19,97.2472
2024-08-20,96.3086
2024-08-21,96.1377
2024-08-22,95.3452
2024-08-23,95.1971
2024-08-26,95.6384
2024-08-27,94.9313
2024-08-28,95.094
2024-08-29,95.7149
2024-08-30,96.7435
2024-09-02,95.7322
2024-09-03,96.2831
2024-09-04,95.9022
2024-09-05,96.312
2024-09-06,95.244
2024-09-09,94.9764
2024-09-10,95.2389
2024-09-11,95.0363
2024-09-12,94.8469
2024-09-13,94.1832
2024-09-18,93.9865
2024-09-19,95.1005
2024-09-20,94.916
2024-09-23,95.015
2024-09-24,97.1594
2024-09-25,97.8606
2024-09-26,100.4101
2024-09-27,104.3798
2024-09-30,113.4289
2024-10-08,121.4742
2024-10-09,112.8228
2024-10-10,112.5117
2024-10-11,108.8441
2024-10-14,111.6859
2024-10-15,110.1091
2024-10-16,110.3677
2024-10-17,110.2471
2024-10-18,113.7472
2024-10-21,116.1259
2024-10-22,116.344
2024-10-23,116.9067
2024-10-24,116.844
2024-10-25,118.5639
2024-10-28,120.7607
2024-10-29,119.6199
2024-10-30,119.6316
2024-10-31,120.6268
2024-11-01,117.5351
2024-11-04,119.6422
2024-11-05,122.9837
2024-11-06,123.8449
2024-11-07,126.174
2024-11-08,126.0466
2024-11-11,128.0155
2024-11-12,126.8298
2024-11-13,127.0727
2024-11-14,124.1678
2024-11-15,122.3414
2024-11-18,120.3269
2024-11-19,121.8731
2024-11-20,123.6571
2024-11-21,124.1966
2024-11-22,121.297
2024-11-25,122.0801
2024-11-26,120.9693
2024-11-27,122.2839
2024-11-28,122.3374
2024-11-29,123.5457
2024-12-02,125.1002
2024-12-03,125.1582
2024-12-04,123.9892
2024-12-05,124.8619
2024-12-06,125.3421
2024-12-09,124.8004
2024-12-10,125.5012
2024-12-11,126.2457
2024-12-12,126.9834
2024-12-13,125.5307
2024-12-16,124.9144
2024-12-17,122.3787
2024-12-18,122.7367
2024-12-19,122.7839
2024-12-20,123.3599
2024-12-23,120.9725
2024-12-24,121.6976
2024-12-25,120.6727
2024-12-26,121.3646
2024-12-27,121.527
2024-12-30,121.058
2024-12-31,119.6107
2025-01-02,118.4435
2025-01-03,116.8388
2025-01-06,116.6248
2025-01-07,117.5501
2025-01-08,117.5194
2025-01-09,117.6098
2025-01-10,116.2676
2025-01-13,116.2082
2025-01-14,118.4412
2025-01-15,118.1669
2025-01-16,118.461
2025-01-17,118.5903
2025-01-20,119.0795
2025-01-21,119.1047
2025-01-22,118.3679
2025-01-23,118.2212
2025-01-24,119.0117
2025-01-27,118.2366
2025-02-05,118.731
2025-02-06,120.3893
2025-02-07,121.454
2025-02-10,122.7186
2025-02-11,122.5791
2025-02-12,123.4948
2025-02-13,122.6126
2025-02-14,122.9683
2025-02-17,123.863
2025-02-18,122.0754
2025-02-19,123.8693
2025-02-20,124.5291
2025-02-21,125.626
2025-02-24,125.7086
2025-02-25,125.2678
2025-02-26,126.4902
2025-02-27,126.3759
2025-02-28,123.6365
2025-03-03,124.0705
2025-03-04,125.0188
2025-03-05,125.3938
2025-03-06,126.6543
2025-03-07,126.3657
2025-03-10,126.721
2025-03-11,127.0559
2025-03-12,127.3098
2025-03-13,126.426
2025-03-14,127.7505
2025-03-17,128.2503
2025-03-18,128.708
2025-03-19,128.0709
2025-03-20,127.677
2025-03-21,126.1594
2025-03-24,125.35
2025-03-25,125.1244
2025-03-26,125.5871
2025-03-27,125.3219
2025-03-28,124.4045
2025-03-31,123.6128
2025-04-01,124.3285
2025-04-02,124.3975
2025-04-03,123.9458
2025-04-07,116.9842
2025-04-08,117.3625
2025-04-09,118.4903
2025-04-10,119.8026
2025-04-11,120.1193
2025-04-14,120.9816
2025-04-15,120.904
2025-04-16,120.3429
2025-04-17,120.6835
2025-04-18,120.5402
2025-04-21,121.438
2025-04-22,121.5033
2025-04-23,121.692
2025-04-24,121.1893
2025-04-25,121.3573
2025-04-28,120.4717
2025-04-29,121.1428
2025-04-30,121.6747
2025-05-06,123.1989
2025-05-07,123.6175
2025-05-08,124.3091
2025-05-09,123.5213
2025-05-12,124.6091
2025-05-13,124.4009
2025-05-14,124.655
2025-05-15,123.9035
2025-05-16,124.2166
2025-05-19,124.7839
2025-05-20,125.5479
2025-05-21,125.2708
2025-05-22,124.2457
2025-05-23,123.561
2025-05-26,123.9913
2025-05-27,124.1081
2025-05-28,123.9317
2025-05-29,124.8897
2025-05-30,124.0813
2025-06-03,124.6651
2025-06-04,125.2468
2025-06-05,125.3556
2025-06-06,125.4019
2025-06-09,126.3095
2025-06-10,125.8919
2025-06-11,126.2982
2025-06-12,126.5234
2025-06-13,125.3339
2025-06-16,125.8733
2025-06-17,125.6794
2025-06-18,125.486
2025-06-19,124.248
2025-06-20,123.8192
2025-06-23,124.8232
2025-06-24,125.9488
2025-06-25,126.6815
2025-06-26,126.495
2025-06-27,126.7993
2025-06-30,127.7645
2025-07-01,127.9783
2025-07-02,127.5324
2025-07-03,128.016
2025-07-04,127.4079
2025-07-07,127.764
2025-07-08,128.69
2025-07-09,128.4862
2025-07-10,128.6923
2025-07-11,129.0947
2025-07-14,129.4238
2025-07-15,128.9602
2025-07-16,129.3068
2025-07-17,130.074
2025-07-18,130.3191
2025-07-21,131.433
2025-07-22,131.8539
2025-07-23,131.3202
2025-07-24,132.3789
2025-07-25,132.4571
2025-07-28,132.8824
2025-07-29,133.2604
2025-07-30,132.7372
2025-07-31,131.7031
2025-08-01,131.8624
2025-08-04,132.7379
2025-08-05,133.5371
2025-08-06,134.2668
2025-08-07,134.2587
2025-08-08,134.1623
2025-08-11,135.3335
2025-08-12,135.4385
2025-08-13,136.3103
2025-08-14,134.8909
2025-08-15,136.5745
2025-08-18,138.215
2025-08-19,138.4612
2025-08-20,139.1603
2025-08-21,138.7492
2025-08-22,139.7911
2025-08-25,141.0925
2025-08-26,141.0716
2025-08-27,139.0619
2025-08-28,140.1569
2025-08-29,140.103
2025-09-01,141.0059
2025-09-02,139.4255
2025-09-03,138.0091
2025-09-04,136.6601
2025-09-05,138.9175
2025-09-08,139.7109
2025-09-09,138.9522
2025-09-10,139.0735
2025-09-11,140.484
2025-09-12,140.4729
2025-09-15,140.4522
2025-09-16,141.1517
2025-09-17,141.6034
2025-09-18,140.7135
2025-09-19,140.2541
2025-09-22,140.6386
2025-09-23,139.8416
2025-09-24,141.0958
2025-09-25,140.8699
2025-09-26,139.8086
2025-09-29,140.7865
2025-09-30,141.2752
2025-10-09,142.1003
2025-10-10,141.1406
2025-10-13,141.0341
2025-10-14,139.7287
2025-10-15,140.7876
2025-10-16,140.1648
2025-10-17,138.2964
2025-10-20,139.1024
2025-10-21,140.2476
2025-10-22,140.0536
2025-10-23,140.1285
2025-10-24,140.6759
2025-10-27,141.3309
2025-10-28,141.2692
2025-10-29,141.796
2025-10-30,141.0108
2025-10-31,141.2722
2025-11-03,141.7357
2025-11-04,141.0373
2025-11-05,141.5678
2025-11-06,142.0723
2025-11-07,142.0019
2025-11-10,142.4223
2025-11-11,142.5207
2025-11-12,142.2116
2025-11-13,143.1804
2025-11-14,142.6189
2025-11-17,142.6439
2025-11-18,141.593
2025-11-19,140.8596
2025-11-20,140.3376
2025-11-21,137.7689
2025-11-24,138.5382
2025-11-25,139.3425
2025-11-26,139.2514
2025-11-27,139.3384
2025-11-28,139.8893
2025-12-01,140.3028
2025-12-02,139.908
2025-12-03,139.443
2025-12-04,139.087
2025-12-05,139.9319
2025-12-08,140.5744
2025-12-09,140.1147
2025-12-10,140.2653
2025-12-11,139.3237
2025-12-12,139.6539
2025-12-15,139.4424
2025-12-16,138.4072
2025-12-17,138.9914
2025-12-18,138.9847
2025-12-19,139.8321
2025-12-22,140.2905
2025-12-23,139.99
2025-12-24,140.8444
2025-12-25,141.5408
2025-12-26,141.5764
2025-12-29,141.4775
2025-12-30,141.3615
2025-12-31,141.2985
2026-01-05,142.7032
2026-01-06,143.8888
2026-01-07,144.0982
2026-01-08,144.8738
2026-01-09,146.1859
2026-01-12,148.4854
2026-01-13,147.2196
2026-01-14,147.8349
2026-01-15,147.2132
2026-01-16,147.1776
2026-01-19,147.8894
2026-01-20,147.3618
2026-01-21,148.1345
2026-01-22,148.8183
2026-01-23,150.1966
2026-01-26,149.1894
2026-01-27,149.2012
2026-01-28,148.9842
2026-01-29,148.3728
2026-01-30,147.8311
2026-02-02,145.6002
2026-02-03,147.4372
2026-02-04,147.6147
2026-02-05,146.7903
2026-02-06,146.8294
2026-02-09,148.1219
2026-02-10,148.0928
2026-02-11,147.9864
2026-02-12,148.0853
2026-02-13,147.4393
2026-02-24,148.3268
2026-02-25,149.0331
2026-02-26,149.388
2026-02-27,149.9907
2026-03-02,149.0313
2026-03-03,146.4784
2026-03-04,145.9834
2026-03-05,146.7901
2026-03-06,147.7019
2026-03-09,147.1969
2026-03-10,148.3631
2026-03-11,148.4656
2026-03-12,147.973
2026-03-13,147.2062
2026-03-16,147.1869
2026-03-17,145.8251
2026-03-18,146.4661
2026-03-19,144.9442
2026-03-20,143.7095
2026-03-23,140.8327
2026-03-24,142.5451
2026-03-25,143.5814
2026-03-26,142.8139
2026-03-27,143.4769
2026-03-30,143.5381
2026-03-31,142.6671
2026-04-01,143.6377
2026-04-02,142.7951
2026-04-03,141.6942
2026-04-07,142.3537
2026-04-08,144.5376
2026-04-09,143.9653
2026-04-10,144.6251
2026-04-13,144.7548
2026-04-14,145.6104
2026-04-15,145.3426
2026-04-16,146.5315
2026-04-17,146.8676
2026-04-20,147.5425
2026-04-21,147.3125
2026-04-22,147.9209
2026-04-23,146.8384
2026-04-24,146.5101
2026-04-27,147.1154
2026-04-28,146.4075
2026-04-29,147.6534
2026-04-30,148.0244
2026-05-06,149.1841
2026-05-07,150.2315
2026-05-08,150.8402
2026-05-11,151.9538
2026-05-12,151.3258
2026-05-13,152.2693
2026-05-14,150.7566
2026-05-15,150.2118
2026-05-18,150.2296
2026-05-19,151.116
2026-05-20,150.9254
2026-05-21,148.6121
2026-05-22,150.0362
2026-05-25,150.5615
2026-05-26,149.7116
2026-05-27,148.4566
2026-05-28,149.0593
2026-05-29,147.4268
2026-06-01,147.3618
2026-06-02,147.351
2026-06-03,147.332
2026-06-04,146.9507
2026-06-05,146.7778
2026-06-08,145.0262
2026-06-09,146.0592
2026-06-10,145.2731
2026-06-11,144.7191
2026-06-12,145.1618
2026-06-15,146.6918
2026-06-16,147.1902
2026-06-17,147.3457
2026-06-18,147.4062
2026-06-22,148.1598
2026-06-23,147.3677
2026-06-24,147.3085
2026-06-25,147.0015
2026-06-26,145.1627
2026-06-29,145.2679
2026-06-30,146.3634
2026-07-01,147.3931
2026-07-02,146.1203
2026-07-03,146.6159
2026-07-06,145.6702
2026-07-07,143.9293
2026-07-08,142.8958
2026-07-09,143.5011
2026-07-10,143.6452
2026-07-13,141.1638
2026-07-14,142.0106
2026-07-15,142.2803
2026-07-16,141.9631
2026-07-17,139.4971
2026-07-20,138.9762
2026-07-21,139.4659
2026-07-22,139.159
2026-07-23,139.9661
2026-07-24,138.4471
2026-07-27,139.852
2026-07-28,139.5228
2026-07-29,140.3753
2026-07-30,139.7881
2026-07-31,140.8662
2026-08-03,141.4139
2026-08-04,142.0844
2026-08-05,143.0066
2026-08-06,143.1415
2026-08-07,143.7777
2026-08-10,144.6814
2026-08-11,144.2371
2026-08-12,145.1054
2026-08-13,144.2261
2026-08-14,147.9515
