entry_date,exit_date,side,size,entry_price,exit_price,pnl,pnl_pct,holding_bars,symbol,symbol_name,display_symbol
2016-01-05,2016-02-03,long,78616,1.272,1.077,-15330.12,-15.33,29,163209,163209,163209
2016-01-05,2016-02-03,long,35385,2.826,2.133,-24521.81,-24.52,29,000404,000404,000404
2016-01-05,2016-02-03,long,61599,1.6234,1.4046,-13477.86,-13.48,29,001518,001518,001518
2016-01-05,2016-02-03,long,86058,1.162,0.933,-19707.28,-19.71,29,160634,160634,160634
2016-01-05,2016-02-03,long,80775,1.238,1.005,-18820.58,-18.82,29,164304,164304,164304
2016-01-05,2016-02-03,long,60168,1.662,1.348,-18892.75,-18.89,29,200015,200015,200015
2016-01-05,2016-02-03,long,96061,1.041,0.884,-15081.58,-15.08,29,001071,001071,001071
2016-01-05,2016-02-03,long,78003,1.282,1.058,-17472.67,-17.47,29,165511,165511,165511
2016-01-05,2016-02-03,long,82453,1.2128,1.0209,-15822.73,-15.82,29,160224,160224,160224
2016-01-05,2016-02-03,long,85535,1.1691,0.9564,-18193.29,-18.19,29,162107,162107,162107
2016-02-03,2016-03-10,long,80733,1.019,0.984,-2825.65,-3.43,36,161024,161024,161024
2016-02-03,2016-03-10,long,79871,1.03,0.9553,-5966.36,-7.25,36,162412,162412,162412
2016-02-03,2016-03-10,long,96865,0.8493,0.7711,-7574.84,-9.21,36,160420,160420,160420
2016-02-03,2016-04-11,long,80733,1.019,1.1305,9001.73,10.94,68,502003,502003,502003
2016-02-03,2016-04-11,long,92706,0.8874,0.985,9048.11,11.0,68,163116,163116,163116
2016-02-03,2016-04-11,long,86144,0.955,1.051,8269.82,10.05,68,160637,160637,160637
2016-02-03,2016-05-11,long,80050,1.0277,1.0547,2161.35,2.63,98,502010,502010,502010
2016-04-11,2016-05-11,long,71512,1.2,1.085,-8223.88,-9.58,30,160629,160629,160629
2016-02-03,2016-06-13,long,94997,0.866,0.912,4369.86,5.31,131,160633,160633,160633
2016-02-03,2016-06-13,long,82267,1.0,1.041,3372.95,4.1,131,165515,165515,165515
2016-05-11,2016-06-13,long,89160,0.935,0.964,2585.64,3.1,33,160637,160637,160637
2016-02-03,2016-06-13,long,59442,1.384,1.4,951.07,1.16,131,001342,001342,001342
2016-06-13,2016-07-12,long,157834,0.533,0.588,8680.87,10.32,29,378546,378546,378546
2016-03-10,2016-07-12,long,52146,1.547,1.582,1825.11,2.26,124,001315,001315,001315
2016-06-13,2016-07-12,long,959244,0.0877,0.0896,1822.56,2.17,29,001481,001481,001481
2016-06-13,2016-07-12,long,145798,0.577,0.6,3353.35,3.99,29,162411,162411,162411
2016-03-10,2016-07-12,long,55178,1.462,1.4975,1958.82,2.43,124,001380,001380,001380
2016-06-13,2016-07-12,long,76269,1.103,1.192,6787.94,8.07,29,160629,160629,160629
2016-04-11,2016-07-12,long,54244,1.582,1.609,1464.59,1.71,92,001903,001903,001903
2016-04-11,2016-07-12,long,61826,1.388,1.405,1051.04,1.22,92,002186,002186,002186
2016-07-12,2016-08-10,long,110274,0.7883,0.7379,-5557.81,-6.39,29,398021,398021,398021
2016-07-12,2016-08-10,long,36928,2.354,2.165,-6979.39,-8.03,29,100060,100060,100060
2016-07-12,2016-08-10,long,156459,0.5556,0.5262,-4599.89,-5.29,29,100022,100022,100022
2016-07-12,2016-08-10,long,60577,1.435,1.29,-8783.67,-10.1,29,002207,002207,002207
2016-07-12,2016-08-10,long,50103,1.735,1.673,-3106.39,-3.57,29,210009,210009,210009
2016-08-10,2016-09-08,long,137836,0.598,0.603,689.18,0.84,29,378546,378546,378546
2016-07-12,2016-09-08,long,58275,1.4917,1.5004,506.99,0.58,58,002441,002441,002441
2016-08-10,2016-09-08,long,60921,1.353,1.397,2680.52,3.25,29,168101,168101,168101
2016-08-10,2016-09-08,long,34691,2.376,2.379,104.07,0.13,29,001887,001887,001887
2016-07-12,2016-09-08,long,60283,1.442,1.294,-8921.88,-10.26,58,001302,001302,001302
2016-07-12,2016-09-08,long,81014,1.073,0.965,-8749.51,-10.07,58,161725,161725,161725
2016-05-11,2016-09-08,long,34836,2.393,2.487,3274.58,3.93,120,002059,002059,002059
2016-09-08,2016-10-17,long,80710,1.026,1.024,-161.42,-0.19,39,160635,160635,160635
2016-06-13,2016-10-17,long,36576,2.3,2.35,1828.8,2.17,126,002061,002061,002061
2016-09-08,2016-10-17,long,66241,1.2501,1.2227,-1815.0,-2.19,39,000071,000071,000071
2016-09-08,2016-10-17,long,119492,0.693,0.675,-2150.86,-2.6,39,070012,070012,070012
2016-09-08,2016-10-17,long,77138,1.0735,1.0357,-2915.82,-3.52,39,510900,510900,510900
2016-09-08,2016-10-17,long,65121,1.2716,1.2411,-1986.19,-2.4,39,159920,159920,159920
2016-09-08,2016-10-17,long,39558,2.0933,2.0421,-2025.37,-2.45,39,513660,513660,513660
2016-09-08,2016-10-17,long,83392,0.993,0.991,-166.78,-0.2,39,000934,000934,000934
2016-08-10,2016-10-17,long,51710,1.594,1.608,723.94,0.88,68,002425,002425,002425
2016-11-15,2016-12-14,long,75409,1.083,0.992,-6862.22,-8.4,29,110025,110025,110025
2016-11-15,2016-12-14,long,71853,1.1366,1.0343,-7350.56,-9.0,29,160135,160135,160135
2016-11-15,2016-12-14,long,51885,1.574,1.515,-3061.22,-3.75,29,210004,210004,210004
2016-11-15,2016-12-14,long,97339,0.839,0.789,-4866.95,-5.96,29,502013,502013,502013
2016-11-15,2016-12-14,long,63161,1.293,1.142,-9537.31,-11.68,29,161724,161724,161724
2016-11-15,2016-12-14,long,62247,1.312,1.134,-11079.97,-13.57,29,161032,161032,161032
2016-11-15,2016-12-14,long,71651,1.1398,1.1186,-1519.0,-1.86,29,519191,519191,519191
2016-11-15,2016-12-14,long,91968,0.888,0.787,-9288.77,-11.37,29,168204,168204,168204
2016-11-15,2016-12-14,long,50319,1.623,1.6,-1157.34,-1.42,29,002425,002425,002425
2016-12-14,2017-01-12,long,85896,0.8854,0.8787,-575.5,-0.76,29,050013,050013,050013
2016-12-14,2017-01-12,long,734103,0.1036,0.1012,-1761.85,-2.32,29,001481,001481,001481
2016-11-15,2017-01-12,long,67943,1.202,1.186,-1087.09,-1.33,58,165525,165525,165525
2016-12-14,2017-01-12,long,31984,2.3778,2.3586,-614.09,-0.81,29,510020,510020,510020
2017-01-12,2017-02-15,long,49174,1.539,1.532,-344.22,-0.45,34,210004,210004,210004
2017-01-12,2017-02-15,long,32846,2.304,2.317,427.0,0.56,34,519091,519091,519091
2016-12-14,2017-02-15,long,106368,0.715,0.686,-3084.67,-4.06,63,162411,162411,162411
2016-12-14,2017-02-15,long,74198,1.025,0.991,-2522.73,-3.32,63,160416,160416,160416
2016-12-14,2017-02-15,long,76976,0.988,0.951,-2848.11,-3.74,63,163208,163208,163208
2016-12-14,2017-02-15,long,64566,1.1779,1.2209,2776.34,3.65,63,202021,202021,202021
2017-01-12,2017-03-16,long,110319,0.686,0.678,-882.55,-1.17,63,378546,378546,378546
2017-02-15,2017-03-16,long,76087,1.002,0.995,-532.61,-0.7,29,502023,502023,502023
2017-02-15,2017-03-16,long,89588,0.851,0.852,89.59,0.12,29,160638,160638,160638
2017-02-15,2017-03-16,long,79748,0.956,0.973,1355.72,1.78,29,001104,001104,001104
2017-01-12,2017-03-16,long,69366,1.091,1.147,3884.5,5.13,63,001662,001662,001662
2017-02-15,2017-03-16,long,60845,1.253,1.251,-121.69,-0.16,29,165525,165525,165525
2016-12-14,2017-03-16,long,141678,0.5368,0.5687,4519.53,5.94,92,510160,510160,510160
2017-03-16,2017-04-17,long,63213,1.204,1.172,-2022.82,-2.66,32,050015,050015,050015
2017-03-16,2017-04-17,long,435406,0.1748,0.1707,-1785.16,-2.35,32,000927,000927,000927
2017-03-16,2017-04-17,long,62569,1.2164,1.1924,-1501.66,-1.97,32,501021,501021,501021
2017-03-16,2017-04-17,long,67056,1.135,1.146,737.62,0.97,32,161725,161725,161725
2017-03-16,2017-04-17,long,47568,1.6,1.633,1569.74,2.06,32,110022,110022,110022
2017-03-16,2017-04-17,long,65952,1.154,1.156,131.9,0.17,32,002851,002851,002851
2017-03-16,2017-05-17,long,52890,1.439,1.449,528.9,0.69,62,241001,241001,241001
2017-02-15,2017-05-17,long,64315,1.1854,1.1872,115.77,0.15,91,002533,002533,002533
2017-04-17,2017-05-17,long,29918,2.538,2.603,1944.67,2.56,30,160212,160212,160212
2017-04-17,2017-05-17,long,30168,2.517,2.491,-784.37,-1.03,30,519091,519091,519091
2017-04-17,2017-05-17,long,24550,3.093,3.169,1865.8,2.46,30,160211,160211,160211
2017-04-17,2017-05-17,long,55875,1.359,1.391,1788.0,2.35,30,001878,001878,001878
2017-04-17,2017-06-19,long,56625,1.341,1.361,1132.5,1.49,63,000892,000892,000892
2017-04-17,2017-06-19,long,56625,1.341,1.357,906.0,1.19,63,002028,002028,002028
2017-02-15,2017-06-19,long,48746,1.564,1.588,1169.9,1.53,124,002534,002534,002534
2017-05-17,2017-07-18,long,78022,0.981,0.939,-3276.92,-4.28,62,160630,160630,160630
2017-06-19,2017-07-18,long,53267,1.437,1.45,692.47,0.9,29,169101,169101,169101
2017-05-17,2017-07-18,long,74629,1.0256,0.9029,-9156.98,-11.96,62,160420,160420,160420
2017-06-19,2017-07-18,long,61138,1.252,1.247,-305.69,-0.4,29,161725,161725,161725
2017-05-17,2017-07-18,long,76994,0.9941,0.8845,-8438.54,-11.03,62,164818,164818,164818
2017-06-19,2017-07-18,long,41578,1.841,1.855,582.09,0.76,29,110022,110022,110022
2017-07-18,2017-08-16,long,54172,1.334,1.376,2275.22,3.15,29,002803,002803,002803
2017-07-18,2017-08-16,long,53921,1.3402,1.4118,3860.74,5.34,29,513050,513050,513050
2017-07-18,2017-08-16,long,60021,1.204,1.182,-1320.46,-1.83,29,167301,167301,167301
2017-07-18,2017-08-16,long,54863,1.3172,1.3538,2007.99,2.78,29,169105,169105,169105
2017-07-18,2017-08-16,long,52083,1.3875,1.4112,1234.37,1.71,29,040008,040008,040008
2017-06-19,2017-08-16,long,71738,1.067,1.04,-1936.93,-2.53,58,161030,161030,161030
2017-05-17,2017-09-14,long,36699,2.0856,2.1622,2811.14,3.67,120,003142,003142,003142
2017-08-16,2017-09-14,long,54925,1.3513,1.4658,6288.91,8.47,29,000755,000755,000755
2017-05-17,2017-09-14,long,35029,2.185,1.768,-14607.09,-19.08,120,001387,001387,001387
2017-08-16,2017-09-14,long,77241,0.9609,0.9717,834.2,1.12,29,164818,164818,164818
2017-07-18,2017-09-14,long,57720,1.252,1.214,-2193.36,-3.04,58,002778,002778,002778
2017-08-16,2017-09-14,long,54176,1.37,1.48,5959.36,8.03,29,001740,001740,001740
2017-09-14,2017-10-20,long,55371,1.3763,1.2652,-6151.72,-8.07,36,003625,003625,003625
2017-08-16,2017-10-20,long,43302,1.714,1.3643,-15142.71,-20.4,65,004009,004009,004009
2017-09-14,2017-10-20,long,54991,1.3858,1.2771,-5977.52,-7.84,36,003624,003624,003624
2017-08-16,2017-10-20,long,75474,0.9834,0.9843,67.93,0.09,65,160420,160420,160420
2017-08-16,2017-10-20,long,43204,1.7179,1.3733,-14888.1,-20.06,65,004008,004008,004008
2017-09-14,2017-10-20,long,54009,1.411,1.299,-6049.01,-7.94,36,165520,165520,165520
2017-09-14,2017-10-20,long,54590,1.396,1.222,-9498.66,-12.46,36,161724,161724,161724
2017-05-17,2017-10-20,long,74166,1.032,1.148,8603.26,11.24,156,161025,161025,161025
2017-09-14,2017-10-20,long,72926,1.045,1.043,-145.85,-0.19,36,161030,161030,161030
2017-10-20,2017-11-20,long,83518,0.8412,0.9131,6004.94,8.55,31,398021,398021,398021
2017-10-20,2017-11-20,long,36668,1.916,2.072,5720.21,8.14,31,001542,001542,001542
2017-10-20,2017-11-20,long,35040,2.005,1.901,-3644.16,-5.19,31,470028,470028,470028
2017-10-20,2017-11-20,long,26303,2.671,2.924,6654.66,9.47,31,398061,398061,398061
2017-10-20,2017-11-20,long,22403,3.136,3.244,2419.52,3.44,31,960007,960007,960007
2017-10-20,2017-11-20,long,48509,1.4483,1.3922,-2721.35,-3.87,31,000755,000755,000755
2017-10-20,2017-11-20,long,29681,2.367,2.523,4630.24,6.59,31,000742,000742,000742
2017-10-20,2017-11-20,long,22460,3.128,3.235,2403.22,3.42,31,377240,377240,377240
2017-10-20,2017-11-20,long,22554,3.115,3.175,1353.24,1.93,31,370024,370024,370024
2017-11-20,2017-12-19,long,45871,1.595,1.513,-3761.42,-5.14,29,217012,217012,217012
2017-11-20,2017-12-19,long,55537,1.3174,1.327,533.16,0.73,29,160222,160222,160222
2017-11-20,2017-12-19,long,72584,1.008,0.989,-1379.1,-1.88,29,001076,001076,001076
2017-11-20,2017-12-19,long,47714,1.5334,1.5411,367.4,0.5,29,000248,000248,000248
2017-11-20,2018-01-16,long,43859,1.6682,1.4569,-9267.41,-12.67,57,004223,004223,004223
2017-10-20,2018-01-16,long,53630,1.31,1.437,6811.01,9.69,88,519772,519772,519772
2017-12-19,2018-01-16,long,58948,1.223,1.254,1827.39,2.53,28,003119,003119,003119
2017-12-19,2018-01-16,long,58996,1.222,1.253,1828.88,2.54,28,003120,003120,003120
2017-12-19,2018-01-16,long,46753,1.542,1.614,3366.22,4.67,28,002851,002851,002851
2018-01-16,2018-02-13,long,43449,1.6915,1.5216,-7381.99,-10.04,28,000248,000248,000248
2017-12-19,2018-02-13,long,70611,1.021,0.85,-12074.48,-16.75,56,161628,161628,161628
2017-11-20,2018-02-13,long,31859,2.2965,2.3008,136.99,0.19,85,512600,512600,512600
2017-11-20,2018-02-13,long,31876,2.2953,2.2698,-812.84,-1.11,85,159928,159928,159928
2018-01-16,2018-02-13,long,49793,1.476,1.308,-8365.22,-11.38,28,162605,162605,162605
2018-01-16,2018-02-13,long,46782,1.571,1.276,-13800.69,-18.78,28,260108,260108,260108
2018-01-16,2018-02-13,long,28935,2.54,2.333,-5989.54,-8.15,28,110022,110022,110022
2018-02-13,2018-03-21,long,55150,1.2206,1.202,-1025.79,-1.52,36,519225,519225,519225
2018-02-13,2018-03-21,long,54243,1.241,1.278,2006.99,2.98,36,003120,003120,003120
2017-11-20,2018-03-21,long,31793,2.3013,2.201,-3188.84,-4.36,121,002163,002163,002163
2018-02-13,2018-03-21,long,54200,1.242,1.278,1951.2,2.9,36,003119,003119,003119
2018-03-21,2018-04-20,long,73505,0.948,1.023,5512.87,7.91,30,161628,161628,161628
2018-03-21,2018-04-20,long,58181,1.1977,1.2104,738.9,1.06,30,003503,003503,003503
2018-03-21,2018-04-20,long,46393,1.502,1.428,-3433.08,-4.93,30,000531,000531,000531
2018-04-20,2018-05-22,long,49437,1.439,1.578,6871.74,9.66,32,001510,001510,001510
2018-04-20,2018-05-22,long,59957,1.1865,1.1636,-1373.02,-1.93,32,519225,519225,519225
2018-03-21,2018-05-22,long,49632,1.404,1.592,9330.82,13.39,62,001508,001508,001508
2018-01-16,2018-05-22,long,49888,1.4732,1.4515,-1082.57,-1.47,126,550016,550016,550016
2018-02-13,2018-06-21,long,67587,0.996,0.897,-6691.11,-9.94,128,164402,164402,164402
2018-02-13,2018-06-21,long,67115,1.003,0.819,-12349.16,-18.34,128,160639,160639,160639
2018-02-13,2018-06-21,long,66809,1.0076,0.9173,-6032.85,-8.96,128,163115,163115,163115
2018-05-22,2018-06-21,long,55244,1.2913,1.1918,-5496.78,-7.71,30,005112,005112,005112
2018-02-13,2018-06-21,long,66848,1.007,0.832,-11698.4,-17.38,128,161720,161720,161720
2018-05-22,2018-07-19,long,31904,2.236,2.205,-989.02,-1.39,58,000220,000220,000220
2018-05-22,2018-07-19,long,55472,1.286,1.258,-1553.22,-2.18,58,161616,161616,161616
2018-05-22,2018-07-19,long,52151,1.3679,1.348,-1037.8,-1.45,58,005176,005176,005176
2018-06-21,2018-07-19,long,97481,0.66,0.707,4581.61,7.12,28,162411,162411,162411
2018-07-19,2018-08-17,long,65467,0.9949,0.903,-6016.42,-9.24,29,161123,161123,161123
2018-04-20,2018-08-17,long,18166,3.916,3.951,635.81,0.89,119,519760,519760,519760
2018-06-21,2018-08-17,long,65987,0.975,0.896,-5212.97,-8.1,57,164905,164905,164905
2018-07-19,2018-08-17,long,64693,1.0068,0.9011,-6838.05,-10.5,29,164818,164818,164818
2018-06-21,2018-08-17,long,64596,0.996,0.923,-4715.51,-7.33,57,168204,168204,168204
2018-06-21,2018-09-17,long,66396,0.969,0.903,-4382.14,-6.81,88,165522,165522,165522
2018-08-17,2018-09-17,long,65557,0.966,0.91,-3671.19,-5.8,31,161022,161022,161022
2018-07-19,2018-09-17,long,65539,0.9938,0.9969,203.17,0.31,60,161721,161721,161721
2018-08-17,2018-09-17,long,63563,0.9963,0.9319,-4093.46,-6.46,31,160420,160420,160420
2018-09-17,2018-10-24,long,65564,0.9473,0.9033,-2884.82,-4.64,37,160137,160137,160137
2018-09-17,2018-10-24,long,63963,0.971,0.897,-4733.26,-7.62,37,161031,161031,161031
2018-08-17,2018-10-24,long,63903,0.991,1.012,1341.96,2.12,68,160633,160633,160633
2018-07-19,2018-10-24,long,66260,0.983,0.962,-1391.46,-2.14,97,160638,160638,160638
2018-06-21,2018-10-24,long,65119,0.988,0.953,-2279.17,-3.54,125,167503,167503,167503
2018-09-17,2018-10-24,long,63376,0.98,0.886,-5957.34,-9.59,37,165524,165524,165524
2018-10-24,2018-12-21,long,60046,1.005,0.954,-3062.35,-5.07,58,161024,161024,161024
2018-08-17,2018-12-21,long,18664,3.393,3.48,1623.77,2.56,126,003105,003105,003105
2018-08-17,2018-12-21,long,18680,3.39,3.479,1662.52,2.63,126,003106,003106,003106
2018-12-21,2019-01-22,long,58474,1.044,1.111,3917.76,6.42,32,160632,160632,160632
2018-10-24,2019-01-22,long,58446,1.0325,1.043,613.68,1.02,90,502003,502003,502003
2018-09-17,2019-01-22,long,61677,1.007,1.103,5920.99,9.53,127,502053,502053,502053
2018-10-24,2019-02-27,long,52731,1.1444,0.9915,-8062.57,-13.36,126,163113,163113,163113
2018-10-24,2019-02-27,long,53498,1.128,0.993,-7222.23,-11.97,126,161027,161027,161027
2018-10-24,2019-02-27,long,60225,1.002,1.164,9756.45,16.17,126,502013,502013,502013
2019-01-22,2019-02-27,long,60560,1.043,1.186,8660.08,13.71,36,164304,164304,164304
2019-01-22,2019-02-27,long,68881,0.917,1.026,7508.03,11.89,36,168203,168203,168203
2018-10-24,2019-02-27,long,53408,1.1299,1.0089,-6462.37,-10.71,126,160419,160419,160419
2019-02-27,2019-03-28,long,58704,1.0736,1.1022,1678.93,2.66,29,160422,160422,160422
2019-02-27,2019-03-28,long,48781,1.292,1.501,10195.23,16.18,29,160632,160632,160632
2019-02-27,2019-03-28,long,50379,1.251,1.2207,-1526.48,-2.42,29,004496,004496,004496
2019-02-27,2019-03-28,long,51065,1.2342,1.2042,-1531.95,-2.43,29,004497,004497,004497
2019-02-27,2019-03-28,long,62893,1.0021,0.9531,-3081.76,-4.89,29,512900,512900,512900
2019-02-27,2019-03-28,long,60665,1.0389,0.9874,-3124.25,-4.96,29,512880,512880,512880
2019-03-28,2019-04-29,long,45352,1.41,1.461,2312.95,3.62,32,519915,519915,519915
2018-12-21,2019-04-29,long,33894,1.8011,1.804,98.29,0.16,129,003254,003254,003254
2019-01-22,2019-04-29,long,63584,0.9934,1.2486,16226.64,25.69,97,160219,160219,160219
2019-03-28,2019-04-29,long,41863,1.5275,1.4737,-2252.23,-3.52,32,002407,002407,002407
2019-03-28,2019-04-29,long,42902,1.4905,1.5121,926.68,1.45,32,006216,006216,006216
2018-12-21,2019-04-29,long,33393,1.8281,1.8286,16.7,0.03,129,003255,003255,003255
2019-03-28,2019-05-31,long,36744,1.7403,1.6946,-1679.2,-2.63,64,006109,006109,006109
2019-03-28,2019-05-31,long,46274,1.3819,1.2985,-3859.25,-6.04,64,003516,003516,003516
2019-04-29,2019-05-31,long,22125,2.9204,2.724,-4345.35,-6.73,32,510850,510850,510850
2019-04-29,2019-05-31,long,46771,1.3815,1.3104,-3325.42,-5.15,32,161725,161725,161725
2019-04-29,2019-05-31,long,73761,0.876,0.862,-1032.65,-1.6,32,000971,000971,000971
2019-05-31,2019-07-01,long,62610,0.9925,0.9973,300.53,0.48,31,163209,163209,163209
2019-05-31,2019-07-01,long,43702,1.4219,1.4903,2989.22,4.81,31,003191,003191,003191
2019-05-31,2019-07-01,long,43622,1.4245,1.4949,3070.99,4.94,31,003190,003190,003190
2019-05-31,2019-07-01,long,49554,1.254,1.328,3667.0,5.9,31,002079,002079,002079
2019-04-29,2019-07-01,long,51163,1.2629,1.2755,644.65,1.0,63,005106,005106,005106
2019-03-28,2019-07-01,long,60498,1.057,1.184,7683.25,12.02,95,160127,160127,160127
2019-04-29,2019-07-01,long,46485,1.39,1.351,-1812.91,-2.81,63,210005,210005,210005
2019-04-29,2019-07-01,long,34627,1.866,1.936,2423.89,3.75,63,050026,050026,050026
2019-05-31,2019-07-01,long,51957,1.196,1.267,3688.95,5.94,31,001679,001679,001679
2019-07-30,2019-08-28,long,42422,1.522,1.5785,2396.84,3.71,29,003191,003191,003191
2019-07-30,2019-08-28,long,31149,2.0728,2.192,3712.96,5.75,29,003890,003890,003890
2019-07-30,2019-08-28,long,42225,1.5291,1.5877,2474.38,3.83,29,003190,003190,003190
2019-07-30,2019-08-28,long,9545,6.764,6.976,2023.54,3.13,29,260104,260104,260104
2019-07-30,2019-08-28,long,30482,2.1182,2.24,3712.71,5.75,29,003889,003889,003889
2019-07-30,2019-08-28,long,36937,1.748,1.79,1551.35,2.4,29,260108,260108,260108
2019-07-30,2019-08-28,long,32626,1.979,2.095,3784.62,5.86,29,000854,000854,000854
2019-08-28,2019-09-27,long,62327,1.074,1.096,1371.19,2.05,30,001915,001915,001915
2019-08-28,2019-09-27,long,77209,0.867,0.887,1544.18,2.31,30,000939,000939,000939
2019-08-28,2019-09-27,long,43889,1.5252,1.6026,3397.01,5.07,30,004851,004851,004851
2019-08-28,2019-09-27,long,47021,1.4236,1.4901,3126.9,4.67,30,000913,000913,000913
2019-08-28,2019-09-27,long,54071,1.238,1.3186,4358.12,6.51,30,005682,005682,005682
2019-07-30,2019-09-27,long,63688,1.0138,1.0268,827.94,1.28,59,004189,004189,004189
2019-08-28,2019-09-27,long,30330,2.207,2.245,1152.54,1.72,30,050026,050026,050026
2019-08-28,2019-09-27,long,48113,1.3913,1.4499,2819.42,4.21,30,005689,005689,005689
2019-07-30,2019-11-04,long,64606,0.9994,1.0202,1343.8,2.08,97,163209,163209,163209
2019-09-27,2019-11-04,long,47920,1.4395,1.4483,421.7,0.61,38,501046,501046,501046
2019-09-27,2019-11-04,long,59569,1.158,1.1559,-125.09,-0.18,38,001956,001956,001956
2019-09-27,2019-11-04,long,52681,1.3094,1.2998,-505.74,-0.73,38,006503,006503,006503
2019-09-27,2019-11-04,long,55900,1.234,1.235,55.9,0.08,38,001480,001480,001480
2019-09-27,2019-11-04,long,52338,1.318,1.3094,-450.11,-0.65,38,006502,006502,006502
2019-09-27,2019-11-04,long,37958,1.8173,1.829,444.11,0.64,38,257070,257070,257070
2019-07-30,2019-11-04,long,11426,5.6507,6.3959,8514.66,13.19,97,960033,960033,960033
2019-09-27,2019-11-04,long,46640,1.479,1.478,-46.64,-0.07,38,519727,519727,519727
2019-11-04,2019-12-03,long,31903,2.171,2.084,-2775.56,-4.01,29,161810,161810,161810
2019-11-04,2019-12-03,long,65164,1.0629,1.0298,-2156.93,-3.11,29,004189,004189,004189
2019-11-04,2019-12-03,long,17455,3.9681,3.8411,-2216.79,-3.2,29,510350,510350,510350
2019-12-03,2020-01-02,long,41264,1.7108,1.8824,7080.9,10.03,30,002939,002939,002939
2019-11-04,2020-01-02,long,19415,3.5675,4.2087,12448.9,17.97,59,519674,519674,519674
2019-09-27,2020-01-02,long,39395,1.751,2.072,12645.8,18.33,97,001071,001071,001071
2019-11-04,2020-01-02,long,48385,1.4315,1.6645,11273.71,16.28,59,006879,006879,006879
2019-11-04,2020-02-07,long,37911,1.827,2.576,28395.34,41.0,95,000717,000717,000717
2019-12-03,2020-02-07,long,70168,1.0061,1.2681,18384.02,26.04,66,002560,002560,002560
2019-11-04,2020-02-07,long,63896,1.084,1.471,24727.75,35.7,95,320007,320007,320007
2019-11-04,2020-02-07,long,36693,1.8876,2.5209,23237.68,33.55,95,005911,005911,005911
2019-11-04,2020-02-07,long,50835,1.3625,1.8437,24461.8,35.32,95,003745,003745,003745
2020-01-02,2020-02-07,long,70865,1.093,1.214,8574.66,11.07,36,001790,001790,001790
2020-01-02,2020-02-07,long,50165,1.544,1.7851,12094.78,15.62,36,007490,007490,007490
2020-01-02,2020-02-07,long,56467,1.3717,1.5545,10322.17,13.33,36,540008,540008,540008
2020-01-02,2020-02-07,long,50374,1.5376,1.7763,12024.27,15.52,36,007491,007491,007491
2020-03-09,2020-04-08,long,17218,5.181,4.9317,-4292.45,-4.81,30,519674,519674,519674
2020-03-09,2020-04-08,long,16218,5.5004,5.2511,-4043.15,-4.53,30,510530,510530,510530
2020-03-09,2020-04-08,long,57566,1.5497,1.31,-13798.57,-15.47,30,001643,001643,001643
2020-03-09,2020-04-08,long,58803,1.5171,1.282,-13824.59,-15.5,30,001644,001644,001644
2020-03-09,2020-04-08,long,45765,1.9493,1.9012,-2201.3,-2.47,30,512760,512760,512760
2020-03-09,2020-04-08,long,56497,1.579,1.3331,-13892.61,-15.57,30,540008,540008,540008
2020-03-09,2020-04-08,long,48965,1.8219,1.775,-2296.46,-2.57,30,512480,512480,512480
2020-04-08,2020-05-09,long,45072,1.838,1.929,4101.55,4.95,31,002264,002264,002264
2020-04-08,2020-05-09,long,62950,1.316,1.358,2643.9,3.19,31,398041,398041,398041
2020-03-09,2020-05-09,long,49674,1.7959,1.9431,7312.01,8.2,61,005311,005311,005311
2020-04-08,2020-05-09,long,33390,2.481,2.641,5342.4,6.45,31,001717,001717,001717
2020-03-09,2020-05-09,long,50609,1.7627,1.9056,7232.03,8.11,61,005312,005312,005312
2020-04-08,2020-06-08,long,27358,3.028,3.474,12201.67,14.73,61,270050,270050,270050
2020-04-08,2020-06-08,long,40517,2.0446,2.4041,14565.86,17.58,61,006002,006002,006002
2020-03-09,2020-06-08,long,81247,1.098,1.094,-324.99,-0.36,91,502023,502023,502023
2020-04-08,2020-06-08,long,67351,1.23,1.432,13604.9,16.42,61,001171,001171,001171
2020-07-08,2020-08-06,long,46584,1.9415,2.0787,6391.32,7.07,29,004868,004868,004868
2020-07-08,2020-08-06,long,32026,2.824,3.043,7013.69,7.75,29,000727,000727,000727
2020-07-08,2020-08-06,long,63513,1.424,1.517,5906.71,6.53,29,519714,519714,519714
2020-07-08,2020-08-06,long,30099,3.0048,3.2646,7819.72,8.65,29,004851,004851,004851
2020-07-08,2020-08-06,long,59435,1.5217,1.6327,6597.28,7.29,29,005004,005004,005004
2020-07-08,2020-08-06,long,23066,3.921,4.166,5651.17,6.25,29,000294,000294,000294
2020-07-08,2020-08-06,long,32545,2.779,2.9264,4797.13,5.3,29,003230,003230,003230
2020-07-08,2020-08-06,long,67029,1.3493,1.3562,462.5,0.51,29,161725,161725,161725
2020-07-08,2020-08-06,long,54008,1.6746,1.7006,1404.21,1.55,29,512690,512690,512690
2020-07-08,2020-08-06,long,32793,2.758,2.9026,4741.87,5.24,29,003231,003231,003231
2020-08-06,2020-09-04,long,43326,2.2047,2.1379,-2894.18,-3.03,29,004997,004997,004997
2020-08-06,2020-09-04,long,228959,0.4172,0.3995,-4052.57,-4.24,29,000906,000906,000906
2020-08-06,2020-09-04,long,40456,2.3611,2.1208,-9721.58,-10.18,29,512290,512290,512290
2020-08-06,2020-09-04,long,57821,1.652,1.489,-9424.82,-9.87,29,460010,460010,460010
2020-08-06,2020-09-04,long,50712,1.8836,1.8961,633.9,0.66,29,002190,002190,002190
2020-08-06,2020-09-04,long,32972,2.897,2.731,-5473.35,-5.73,29,270023,270023,270023
2020-08-06,2020-09-04,long,39106,2.4426,2.3742,-2674.85,-2.8,29,000977,000977,000977
2020-08-06,2020-09-04,long,40294,2.3706,2.3059,-2607.02,-2.73,29,002542,002542,002542
2020-08-06,2020-09-04,long,39293,2.431,2.4187,-483.3,-0.51,29,001606,001606,001606
2020-08-06,2020-09-04,long,35451,2.6944,2.6852,-326.15,-0.34,29,000336,000336,000336
2020-09-04,2020-10-12,long,53127,1.7283,1.7478,1035.98,1.13,38,006299,006299,006299
2020-09-04,2020-10-12,long,67316,1.364,1.416,3500.43,3.81,38,001475,001475,001475
2020-09-04,2020-10-12,long,52970,1.7334,1.7526,1017.02,1.11,38,007193,007193,007193
2020-09-04,2020-10-12,long,27173,3.379,3.391,326.08,0.36,38,090018,090018,090018
2020-09-04,2020-10-12,long,23585,3.893,3.9,165.1,0.18,38,000746,000746,000746
2020-09-04,2020-10-12,long,29084,3.157,3.324,4857.03,5.29,38,570008,570008,570008
2020-09-04,2020-10-12,long,68881,1.333,1.327,-413.29,-0.45,38,001301,001301,001301
2020-09-04,2020-10-12,long,35695,2.5723,2.712,4986.59,5.43,38,570001,570001,570001
2020-09-04,2020-10-12,long,65962,1.392,1.387,-329.81,-0.36,38,001300,001300,001300
2020-09-04,2020-10-12,long,47273,1.9423,1.9326,-458.55,-0.5,38,512690,512690,512690
2020-10-12,2020-11-10,long,208092,0.4483,0.4389,-1956.06,-2.1,29,000906,000906,000906
2020-10-12,2020-11-10,long,32340,2.8846,2.9999,3728.8,4.0,29,003961,003961,003961
2020-10-12,2020-11-10,long,41540,2.2457,2.3774,5470.82,5.86,29,005968,005968,005968
2020-10-12,2020-11-10,long,42202,2.2105,2.3389,5418.74,5.81,29,005969,005969,005969
2020-10-12,2020-11-10,long,32102,2.9059,3.0216,3714.2,3.98,29,003962,003962,003962
2020-10-12,2020-11-10,long,30784,3.0304,3.0618,966.62,1.04,29,000336,000336,000336
2020-10-12,2020-11-10,long,66302,1.407,1.477,4641.14,4.98,29,001476,001476,001476
2020-10-12,2020-12-09,long,39065,2.388,2.5244,5328.47,5.71,58,004997,004997,004997
2020-11-10,2020-12-09,long,54392,1.7851,1.8149,1620.88,1.67,29,501058,501058,501058
2020-11-10,2020-12-09,long,41292,2.3514,2.3308,-850.62,-0.88,29,005668,005668,005668
2020-11-10,2020-12-09,long,56232,1.7267,1.7542,1546.38,1.59,29,515700,515700,515700
2020-11-10,2020-12-09,long,53996,1.7982,1.8286,1641.48,1.69,29,501057,501057,501057
2020-10-12,2020-12-09,long,33627,2.7742,2.9151,4738.04,5.08,58,001606,001606,001606
2020-10-12,2020-12-09,long,42651,2.1872,2.3299,6086.3,6.52,58,002190,002190,002190
2020-12-09,2021-01-08,long,100585,0.9776,0.9942,1669.71,1.7,30,160135,160135,160135
2020-11-10,2021-01-08,long,75767,1.2815,1.3999,8970.81,9.24,59,004854,004854,004854
2020-11-10,2021-01-08,long,75897,1.2793,1.397,8933.08,9.2,59,004855,004855,004855
2020-12-09,2021-01-08,long,68567,1.4341,1.8624,29367.25,29.87,30,009147,009147,009147
2020-12-09,2021-01-08,long,49068,2.004,2.431,20952.04,21.31,30,001790,001790,001790
2020-12-09,2021-01-08,long,68524,1.435,1.137,-20420.15,-20.77,30,160632,160632,160632
2020-12-09,2021-01-08,long,42456,2.3161,2.8717,23588.55,23.99,30,512690,512690,512690
2021-01-08,2021-02-08,long,43513,2.5789,2.4156,-7105.67,-6.33,31,002083,002083,002083
2021-01-08,2021-02-08,long,47350,2.3699,2.2408,-6112.88,-5.45,31,005927,005927,005927
2020-12-09,2021-02-08,long,46361,2.121,2.801,31525.48,32.06,61,003834,003834,003834
2021-01-08,2021-02-08,long,49071,2.2868,2.2205,-3253.41,-2.9,31,515700,515700,515700
2021-01-08,2021-02-08,long,36461,3.0777,2.9038,-6340.57,-5.65,31,400015,400015,400015
2020-12-09,2021-02-08,long,70900,1.3869,1.6666,19830.73,20.17,61,005669,005669,005669
2021-01-08,2021-02-08,long,32827,3.4184,3.0732,-11331.88,-10.1,31,540008,540008,540008
2021-01-08,2021-02-08,long,43738,2.5656,2.4028,-7120.55,-6.35,31,002084,002084,002084
2021-01-08,2021-02-08,long,48917,2.294,2.1676,-6183.11,-5.51,31,159806,159806,159806
2021-03-16,2021-04-15,long,103588,1.0155,0.9691,-4806.48,-4.57,30,160135,160135,160135
2021-03-16,2021-04-15,long,251601,0.4181,0.3871,-7799.63,-7.41,30,007844,007844,007844
2021-03-16,2021-04-15,long,640648,0.1642,0.157,-4612.67,-4.38,30,006679,006679,006679
2021-03-16,2021-04-15,long,637929,0.1649,0.1576,-4656.88,-4.43,30,006680,006680,006680
2021-03-16,2021-04-15,long,250463,0.42,0.389,-7764.35,-7.38,30,162411,162411,162411
2021-03-16,2021-04-15,long,164110,0.641,0.611,-4923.3,-4.68,30,163208,163208,163208
2021-03-16,2021-04-15,long,1628398,0.0646,0.0596,-8141.99,-7.74,30,001481,001481,001481
2021-03-16,2021-05-19,long,98101,1.0723,1.1043,3139.23,2.98,64,004243,004243,004243
2021-03-16,2021-05-19,long,98524,1.0677,1.1012,3300.55,3.14,64,162719,162719,162719
2021-04-15,2021-06-18,long,51110,1.9659,2.3124,17709.61,17.63,64,005297,005297,005297
2021-03-16,2021-06-18,long,66122,1.5909,1.7193,8490.06,8.07,94,008099,008099,008099
2021-04-15,2021-06-18,long,60347,1.665,1.613,-3138.04,-3.12,64,502023,502023,502023
2021-04-15,2021-06-18,long,66869,1.5026,1.4603,-2828.56,-2.82,64,008190,008190,008190
2021-04-15,2021-06-18,long,49448,2.032,2.3918,17791.39,17.71,64,005296,005296,005296
2021-04-15,2021-06-18,long,63832,1.5741,1.505,-4410.79,-4.39,64,515210,515210,515210
2021-05-19,2021-06-18,long,37597,2.8486,2.9335,3191.99,2.98,30,002943,002943,002943
2021-05-19,2021-06-18,long,88657,1.208,1.149,-5230.76,-4.88,30,168203,168203,168203
2021-04-15,2021-06-18,long,66630,1.508,1.4663,-2778.47,-2.77,64,008189,008189,008189
2021-07-19,2021-08-17,long,32358,3.2278,3.3668,4497.76,4.31,29,005927,005927,005927
2021-07-19,2021-08-17,long,25729,4.0594,4.1919,3409.09,3.26,29,400015,400015,400015
2021-07-19,2021-08-17,long,30560,3.4177,3.515,2973.49,2.85,29,003567,003567,003567
2021-07-19,2021-09-15,long,22950,4.551,6.0865,35239.72,33.74,58,000209,000209,000209
2021-07-19,2021-09-15,long,32078,3.256,3.974,23032.0,22.05,58,000828,000828,000828
2021-07-19,2021-09-15,long,82750,1.2622,1.516,21001.95,20.11,58,010136,010136,010136
2021-07-19,2021-09-15,long,82547,1.2653,1.5204,21057.74,20.16,58,010135,010135,010135
2021-08-17,2021-09-15,long,54392,2.062,2.5759,27952.05,24.92,29,009645,009645,009645
2021-07-19,2021-10-25,long,46684,2.2373,2.8383,28057.08,26.86,98,002296,002296,002296
2021-09-15,2021-10-25,long,23035,5.6315,4.7939,-19294.12,-14.87,40,006736,006736,006736
2021-09-15,2021-10-25,long,49763,2.6068,2.4156,-9514.69,-7.33,40,167001,167001,167001
2021-07-19,2021-10-25,long,39384,2.652,3.2996,25505.08,24.42,98,005669,005669,005669
2021-07-19,2021-10-25,long,38655,2.702,3.3471,24936.34,23.87,98,000689,000689,000689
2021-08-17,2021-10-25,long,54087,2.0736,2.504,23279.04,20.76,69,009644,009644,009644
2021-10-25,2021-11-23,long,20217,5.8913,5.4746,-8424.42,-7.07,29,000209,000209,000209
2021-10-25,2021-11-23,long,73278,1.6254,1.5967,-2103.08,-1.77,29,012148,012148,012148
2021-10-25,2021-11-23,long,35669,3.3392,3.1405,-7087.43,-5.95,29,167002,167002,167002
2021-09-15,2021-11-23,long,30125,4.3061,3.6571,-19551.12,-15.07,69,007689,007689,007689
2021-09-15,2021-11-23,long,30344,4.275,3.6279,-19635.6,-15.14,69,007690,007690,007690
2021-10-25,2021-11-23,long,73387,1.623,1.5939,-2135.56,-1.79,29,012149,012149,012149
2021-10-25,2021-11-23,long,33223,3.585,3.554,-1029.91,-0.86,29,002258,002258,002258
2021-11-23,2021-12-22,long,64712,1.8261,1.6193,-13382.44,-11.32,29,398021,398021,398021
2021-11-23,2021-12-22,long,36608,3.228,3.068,-5857.28,-4.96,29,001822,001822,001822
2021-11-23,2021-12-22,long,38280,3.087,2.934,-5856.84,-4.96,29,001933,001933,001933
2021-09-15,2021-12-22,long,23089,5.6184,4.5495,-24679.83,-19.02,98,001704,001704,001704
2021-11-23,2021-12-22,long,65841,1.7948,1.7185,-5023.67,-4.25,29,010963,010963,010963
2021-11-23,2021-12-22,long,28447,4.154,4.154,0.0,0.0,29,000729,000729,000729
2021-11-23,2021-12-22,long,20733,5.6995,5.6107,-1841.09,-1.56,29,200015,200015,200015
2021-11-23,2021-12-22,long,31962,3.6972,3.545,-4864.62,-4.12,29,000689,000689,000689
2021-12-22,2022-01-16,long,63357,1.793,1.8893,6101.28,5.37,25,005585,005585,005585
2021-12-22,2022-01-16,long,63417,1.7913,1.7848,-412.21,-0.36,25,009687,009687,009687
2021-12-22,2022-01-16,long,104912,1.0828,1.0739,-933.72,-0.82,25,516770,516770,516770
2021-10-25,2022-01-16,long,77387,1.5391,1.496,-3335.38,-2.8,83,010085,010085,010085
2021-12-22,2022-01-16,long,104382,1.0883,1.077,-1179.52,-1.04,25,516010,516010,516010
2021-12-22,2022-01-16,long,63065,1.8013,1.7953,-378.39,-0.33,25,009686,009686,009686
2021-12-22,2022-01-16,long,103611,1.0964,1.0787,-1833.91,-1.61,25,159855,159855,159855
2021-12-22,2022-01-16,long,103924,1.0931,1.0822,-1132.77,-1.0,25,159869,159869,159869
2021-10-25,2022-01-16,long,73755,1.6149,1.5436,-5258.73,-4.42,83,010084,010084,010084
2022-07-03,2022-07-24,long,117030,0.9628,0.9043,-6846.25,-6.08,21,970069,970069,970069
2022-07-03,2022-07-24,long,119273,0.9447,0.8876,-6810.49,-6.04,21,970068,970068,970068
2022-07-03,2022-07-24,long,116546,0.9668,0.9083,-6817.94,-6.05,21,970067,970067,970067
2022-07-03,2022-08-14,long,116366,0.9683,0.9165,-6027.76,-5.35,42,970114,970114,970114
2022-07-03,2022-09-04,long,121852,0.9247,0.8663,-7116.16,-6.32,63,970101,970101,970101
2022-07-03,2022-09-04,long,117286,0.9607,0.9,-7119.26,-6.32,63,970100,970100,970100
2022-07-03,2022-09-04,long,117715,0.9572,0.8955,-7263.02,-6.45,63,970102,970102,970102
2022-08-14,2022-09-29,long,73923,1.4413,1.3833,-4287.53,-4.02,46,959993,959993,959993
2022-07-03,2022-09-29,long,117690,0.9574,0.8612,-11321.78,-10.05,88,970113,970113,970113
2022-09-04,2022-09-29,long,86101,1.2236,1.2088,-1274.29,-1.21,25,970120,970120,970120
2022-08-14,2022-09-29,long,73923,1.4413,1.3833,-4287.53,-4.02,46,959991,959991,959991
2022-09-04,2022-09-29,long,107383,0.9811,0.9692,-1277.86,-1.21,25,970119,970119,970119
2022-07-24,2022-09-29,long,118316,0.9119,0.8726,-4649.82,-4.31,67,970093,970093,970093
2022-07-24,2022-09-29,long,94968,1.1361,1.0872,-4643.94,-4.3,67,970094,970094,970094
2022-07-03,2022-09-29,long,115935,0.9719,0.8743,-11315.26,-10.04,88,970112,970112,970112
2022-09-04,2022-09-29,long,102245,1.0304,1.0175,-1318.96,-1.25,25,970121,970121,970121
2022-07-24,2022-09-29,long,118903,0.9074,0.8671,-4791.79,-4.44,67,970095,970095,970095
2022-09-29,2022-11-02,long,43315,2.377,2.376,-43.31,-0.04,34,470021,470021,470021
2022-09-29,2022-11-02,long,43775,2.352,2.35,-87.55,-0.09,34,002418,002418,002418
2022-09-29,2022-11-02,long,55987,1.839,1.9345,5346.76,5.19,34,004666,004666,004666
2022-09-29,2022-11-02,long,47316,2.176,2.15,-1230.22,-1.19,34,014834,014834,014834
2022-09-29,2022-11-02,long,47272,2.178,2.153,-1181.8,-1.15,34,002420,002420,002420
2022-09-29,2022-11-02,long,47403,2.172,2.145,-1279.88,-1.24,34,014833,014833,014833
2022-11-02,2022-12-01,long,130746,0.8052,0.7936,-1516.65,-1.44,29,007844,007844,007844
2022-09-29,2022-12-01,long,91937,1.1199,1.1311,1029.69,1.0,63,014736,014736,014736
2022-09-29,2022-12-01,long,92250,1.1161,1.1264,950.17,0.92,63,014737,014737,014737
2022-11-02,2022-12-01,long,128874,0.8169,0.8054,-1482.05,-1.41,29,162411,162411,162411
2022-12-01,2022-12-30,long,65613,1.596,1.497,-6495.69,-6.2,29,014982,014982,014982
2022-12-01,2022-12-30,long,93083,1.125,0.9953,-12072.87,-11.53,29,010434,010434,010434
2022-11-02,2022-12-30,long,44526,2.3644,2.1712,-8602.42,-8.17,58,162719,162719,162719
2022-11-02,2022-12-30,long,66673,1.579,1.504,-5000.47,-4.75,58,160416,160416,160416
2022-11-02,2022-12-30,long,44777,2.3511,2.158,-8646.44,-8.21,58,004243,004243,004243
2022-09-29,2022-12-30,long,55141,1.8672,1.8803,722.35,0.7,92,159845,159845,159845
2022-12-01,2022-12-30,long,42295,2.4759,2.4,-3210.19,-3.07,29,005505,005505,005505
2022-12-30,2023-02-03,long,39108,2.5083,2.7615,9902.15,10.09,35,560010,560010,560010
2022-09-29,2023-02-03,long,41334,2.4909,2.7667,11399.92,11.07,127,512100,512100,512100
2022-12-30,2023-02-03,long,130153,0.7537,0.8086,7145.4,7.28,35,005142,005142,005142
2022-12-30,2023-02-03,long,90013,1.0898,1.1515,5553.8,5.66,35,003993,003993,003993
2022-12-30,2023-02-03,long,131303,0.7471,0.8013,7116.62,7.25,35,005143,005143,005143
2022-12-30,2023-02-03,long,137660,0.7126,0.754,5699.12,5.81,35,159792,159792,159792
2023-02-03,2023-03-03,long,88189,1.2,1.0625,-12125.99,-11.46,28,008284,008284,008284
2023-02-03,2023-03-03,long,74015,1.4298,1.3,-9607.15,-9.08,28,006603,006603,006603
2023-02-03,2023-03-03,long,110466,0.958,0.843,-12703.59,-12.0,28,470888,470888,470888
2023-02-03,2023-03-03,long,97572,1.0846,0.9937,-8869.29,-8.38,28,513120,513120,513120
2022-12-30,2023-03-03,long,185192,0.5297,0.6048,13907.92,14.18,63,513360,513360,513360
2023-02-03,2023-03-03,long,594199,0.1781,0.1537,-14498.46,-13.7,28,008285,008285,008285
2023-02-03,2023-03-03,long,96031,1.102,1.0317,-6750.98,-6.38,28,513200,513200,513200
2023-03-03,2023-04-03,long,63774,1.5654,1.5494,-1020.38,-1.02,31,006926,006926,006926
2023-03-03,2023-04-03,long,71992,1.3867,1.3322,-3923.56,-3.93,31,510100,510100,510100
2022-12-01,2023-04-03,long,52416,1.9978,2.0843,4533.98,4.33,123,159629,159629,159629
2022-12-30,2023-04-03,long,52084,1.8834,2.0838,10437.63,10.64,94,159633,159633,159633
2023-03-03,2023-04-03,long,35819,2.7871,2.7838,-118.2,-0.12,31,159845,159845,159845
2023-04-03,2023-05-05,long,84164,1.3091,1.1397,-14257.38,-12.94,32,015412,015412,015412
2023-04-03,2023-05-05,long,84422,1.3051,1.1358,-14292.64,-12.97,32,015413,015413,015413
2023-03-03,2023-06-05,long,104514,0.9552,1.541,61224.3,61.33,94,516770,516770,516770
2023-04-03,2023-06-05,long,81814,1.3467,1.5962,20412.59,18.53,63,012729,012729,012729
2023-03-03,2023-06-05,long,98086,1.0178,1.6164,58714.28,58.81,94,012768,012768,012768
2023-03-03,2023-06-05,long,105341,0.9477,1.5322,61571.81,61.68,94,516010,516010,516010
2023-04-03,2023-06-05,long,80300,1.3721,1.608,18942.77,17.19,63,012769,012769,012769
2023-03-03,2023-06-05,long,104899,0.9517,1.5513,62897.44,63.0,94,159869,159869,159869
2023-05-05,2023-06-05,long,129836,1.0081,1.0126,584.26,0.45,31,159747,159747,159747
2023-04-03,2023-06-05,long,81379,1.3539,1.6054,20466.82,18.58,63,012728,012728,012728
2023-07-06,2023-08-04,long,83971,1.5114,1.3047,-17356.81,-13.68,29,006888,006888,006888
2023-07-06,2023-08-04,long,75878,1.6726,1.4613,-16033.02,-12.63,29,006718,006718,006718
2023-07-06,2023-08-04,long,44088,2.8786,2.7797,-4360.3,-3.44,29,001323,001323,001323
2023-07-06,2023-08-04,long,95109,1.3344,1.2103,-11803.03,-9.3,29,516010,516010,516010
2023-07-06,2023-08-04,long,73736,1.7212,1.5035,-16052.33,-12.65,29,006719,006719,006719
2023-07-06,2023-08-04,long,83965,1.5115,1.3049,-17347.17,-13.67,29,006887,006887,006887
2023-07-06,2023-08-04,long,94115,1.3485,1.2221,-11896.14,-9.37,29,159869,159869,159869
2023-07-06,2023-08-04,long,44354,2.8614,2.7627,-4377.74,-3.45,29,002170,002170,002170
2023-07-06,2023-08-04,long,79795,1.5905,1.5423,-3846.12,-3.03,29,001322,001322,001322
2023-08-04,2023-09-04,long,82907,1.4216,1.4319,853.94,0.72,31,001614,001614,001614
2023-07-06,2023-09-04,long,121740,1.0425,1.1041,7499.18,5.91,60,159747,159747,159747
2023-08-04,2023-09-04,long,44875,2.6264,2.4918,-6040.17,-5.12,31,159629,159629,159629
2023-09-04,2023-10-11,long,91126,1.2658,1.2044,-5595.14,-4.85,37,017622,017622,017622
2023-09-04,2023-10-11,long,140020,0.8238,0.7915,-4522.65,-3.92,37,007844,007844,007844
2023-08-04,2023-10-11,long,42564,2.769,2.768,-42.56,-0.04,68,270023,270023,270023
2023-08-04,2023-10-11,long,95202,1.238,1.1551,-7892.25,-6.7,68,016199,016199,016199
2023-08-04,2023-10-11,long,95697,1.2316,1.1478,-8019.41,-6.8,68,016202,016202,016202
2023-09-04,2023-10-11,long,137729,0.8375,0.805,-4476.19,-3.88,37,162411,162411,162411
2023-08-04,2023-11-09,long,85948,1.3713,1.3321,-3369.16,-2.86,97,008728,008728,008728
2023-10-11,2023-11-09,long,46145,2.435,2.4504,710.63,0.63,29,159629,159629,159629
2023-10-11,2023-11-09,long,71547,1.5705,1.5826,865.72,0.77,29,519185,519185,519185
2023-10-11,2023-11-09,long,65941,1.704,1.7109,454.99,0.4,29,519191,519191,519191
2023-10-11,2023-11-09,long,52580,2.137,2.1457,457.45,0.41,29,519212,519212,519212
2023-10-11,2023-11-09,long,72111,1.5582,1.5694,807.64,0.72,29,015566,015566,015566
2023-10-11,2023-11-09,long,52755,2.1299,2.1376,406.21,0.36,29,017787,017787,017787
2023-08-04,2023-12-08,long,86688,1.3596,1.3414,-1577.72,-1.34,126,008729,008729,008729
2023-11-09,2023-12-08,long,85949,1.3141,1.2716,-3652.83,-3.23,29,006603,006603,006603
2023-11-09,2023-12-08,long,89067,1.2681,1.2063,-5504.34,-4.87,29,018567,018567,018567
2023-11-09,2023-12-08,long,74365,1.5188,1.3753,-10671.38,-9.45,29,010500,010500,010500
2023-11-09,2023-12-08,long,100360,1.1254,1.0635,-6212.28,-5.5,29,015915,015915,015915
2023-08-04,2023-12-08,long,45017,2.6181,2.4073,-9489.58,-8.05,126,159633,159633,159633
2023-11-09,2023-12-08,long,73580,1.535,1.3904,-10639.67,-9.42,29,007718,007718,007718
2023-11-09,2023-12-08,long,82262,1.373,1.3634,-789.72,-0.7,29,018566,018566,018566
2023-12-08,2024-01-08,long,125521,0.866,0.784,-10292.72,-9.47,31,570006,570006,570006
2023-11-09,2024-01-08,long,61769,1.8285,1.6682,-9901.57,-8.77,60,018658,018658,018658
2023-12-08,2024-02-06,long,94089,1.1553,0.952,-19128.29,-17.6,60,018113,018113,018113
2023-12-08,2024-02-06,long,93894,1.1577,0.9544,-19088.65,-17.56,60,018112,018112,018112
2024-01-08,2024-02-06,long,104177,1.061,0.8756,-19314.42,-17.47,29,017513,017513,017513
2023-12-08,2024-02-06,long,102490,1.0606,0.8784,-18673.68,-17.18,60,017512,017512,017512
2023-12-08,2024-02-06,long,101685,1.069,0.8867,-18537.18,-17.05,60,017518,017518,017518
2024-01-08,2024-02-06,long,108110,1.0224,0.8403,-19686.83,-17.81,29,017525,017525,017525
2023-12-08,2024-02-06,long,96709,1.124,0.9234,-19399.83,-17.85,60,018120,018120,018120
2023-12-08,2024-02-06,long,96830,1.1226,0.9219,-19433.78,-17.88,60,018121,018121,018121
2023-12-08,2024-02-06,long,101391,1.0721,0.8896,-18503.86,-17.02,60,017517,017517,017517
2024-03-12,2024-04-12,long,42383,2.118,1.942,-7459.41,-8.31,31,001706,001706,001706
2024-03-12,2024-04-12,long,42391,2.1176,1.8192,-12649.47,-14.09,31,008729,008729,008729
2024-03-12,2024-04-12,long,42719,2.1013,1.8034,-12725.99,-14.18,31,008728,008728,008728
2024-03-12,2024-04-12,long,78058,1.15,1.0865,-4956.68,-5.52,31,018956,018956,018956
2024-03-12,2024-04-12,long,90372,0.9933,0.9587,-3126.87,-3.48,31,017102,017102,017102
2024-03-12,2024-04-12,long,40021,2.243,2.057,-7443.91,-8.29,31,012847,012847,012847
2024-03-12,2024-04-12,long,58914,1.5237,1.3882,-7982.85,-8.89,31,001453,001453,001453
2024-03-12,2024-04-12,long,90931,0.9872,0.9524,-3164.4,-3.53,31,017103,017103,017103
2024-03-12,2024-04-12,long,78351,1.1457,1.0819,-4998.79,-5.57,31,018957,018957,018957
2024-04-12,2024-05-16,long,27778,2.9909,3.0196,797.23,0.96,34,005660,005660,005660
2024-04-12,2024-05-16,long,63889,1.3004,1.2967,-236.39,-0.28,34,018504,018504,018504
2024-04-12,2024-05-16,long,35655,2.3301,2.3126,-623.96,-0.75,34,519183,519183,519183
2024-04-12,2024-05-16,long,28521,2.913,2.9396,758.66,0.91,34,005661,005661,005661
2024-04-12,2024-05-16,long,64022,1.2977,1.2935,-268.89,-0.32,34,018505,018505,018505
2024-05-16,2024-06-17,long,77717,1.0802,1.0482,-2486.94,-2.96,32,014031,014031,014031
2024-04-12,2024-06-17,long,62001,1.34,1.1835,-9703.16,-11.68,66,517520,517520,517520
2024-05-16,2024-06-17,long,47742,1.7584,1.5949,-7805.82,-9.3,32,673073,673073,673073
2024-04-12,2024-06-17,long,76537,1.0855,1.1119,2020.58,2.43,66,015110,015110,015110
2024-05-16,2024-06-17,long,46862,1.7914,1.6251,-7793.15,-9.28,32,673071,673071,673071
2024-05-16,2024-06-17,long,77018,1.09,0.993,-7470.75,-8.9,32,671010,671010,671010
2024-04-12,2024-06-17,long,77480,1.0723,1.0976,1960.24,2.36,66,015111,015111,015111
2024-05-16,2024-06-17,long,78458,1.07,0.974,-7531.97,-8.97,32,011060,011060,011060
2024-03-12,2024-06-17,long,24969,3.5951,3.5566,-961.31,-1.07,97,159925,159925,159925
2024-06-17,2024-07-15,long,82346,0.964,0.9295,-2840.94,-3.58,28,970185,970185,970185
2024-06-17,2024-07-15,long,79144,1.003,0.9686,-2722.55,-3.43,28,880006,880006,880006
2024-06-17,2024-07-15,long,51866,1.5305,1.4636,-3469.84,-4.37,28,161037,161037,161037
2024-06-17,2024-07-15,long,78101,1.0164,0.9804,-2811.64,-3.54,28,970184,970184,970184
2024-07-15,2024-08-13,long,41126,1.9014,1.9029,61.69,0.08,29,020533,020533,020533
2024-07-15,2024-08-13,long,52640,1.4855,1.3595,-6632.64,-8.48,29,159509,159509,159509
2024-07-15,2024-08-13,long,25019,3.1254,2.7084,-10432.92,-13.34,29,001323,001323,001323
2024-07-15,2024-08-13,long,91107,0.8583,0.7444,-10377.09,-13.27,29,015152,015152,015152
2024-07-15,2024-08-13,long,49893,1.5673,1.5687,69.85,0.09,29,020532,020532,020532
2024-07-15,2024-08-13,long,90297,0.866,0.7513,-10357.07,-13.24,29,580001,580001,580001
2024-07-15,2024-08-13,long,25221,3.1004,2.6862,-10446.54,-13.36,29,002170,002170,002170
2024-07-15,2024-08-13,long,44964,1.7391,1.5058,-10490.1,-13.41,29,001322,001322,001322
2024-08-13,2024-09-11,long,67500,1.0715,1.0332,-2585.25,-3.57,29,513190,513190,513190
2024-08-13,2024-09-11,long,63702,1.1354,1.0964,-2484.38,-3.43,29,020423,020423,020423
2024-08-13,2024-09-11,long,67394,1.0732,1.0322,-2763.15,-3.82,29,006809,006809,006809
2024-08-13,2024-09-11,long,63590,1.1374,1.0986,-2467.29,-3.41,29,020422,020422,020422
2024-08-13,2024-09-11,long,71020,1.0184,0.9828,-2528.31,-3.5,29,513050,513050,513050
2024-08-13,2024-09-11,long,86921,0.8321,0.8079,-2103.49,-2.91,29,013107,013107,013107
2024-07-15,2024-10-18,long,53202,1.4698,1.4001,-3708.18,-4.74,95,020070,020070,020070
2024-09-11,2024-10-18,long,52277,1.348,1.3623,747.56,1.06,37,160140,160140,160140
2024-09-11,2024-10-18,long,349900,0.2014,0.2016,69.98,0.1,37,005615,005615,005615
2024-09-11,2024-10-18,long,349900,0.2014,0.2016,69.98,0.1,37,005614,005614,005614
2024-07-15,2024-10-18,long,53799,1.4535,1.4594,317.41,0.41,95,020069,020069,020069
2024-09-11,2024-10-18,long,49145,1.4339,1.4368,142.52,0.2,37,005613,005613,005613
2024-09-11,2024-10-18,long,53577,1.3153,1.3289,728.65,1.03,37,160141,160141,160141
2024-10-18,2024-11-18,long,18460,4.002,4.0324,561.18,0.76,31,159300,159300,159300
2024-10-18,2024-11-18,long,61713,1.1971,1.2286,1943.96,2.63,31,516860,516860,516860
2024-10-18,2024-11-18,long,53107,1.3911,1.4326,2203.94,2.98,31,159851,159851,159851
2024-10-18,2024-11-18,long,65004,1.1365,1.1657,1898.12,2.57,31,516100,516100,516100
2024-08-13,2024-12-17,long,60820,1.1892,1.5834,23975.24,33.15,126,512200,512200,512200
2024-11-18,2024-12-17,long,42240,1.8216,1.6111,-8891.52,-11.56,29,021298,021298,021298
2024-11-18,2024-12-17,long,51808,1.4852,1.3298,-8050.96,-10.46,29,018128,018128,018128
2024-11-18,2024-12-17,long,42296,1.8192,1.6087,-8903.31,-11.57,29,021299,021299,021299
2024-12-17,2025-01-16,long,48675,1.5271,1.377,-7306.12,-9.83,30,159851,159851,159851
2024-12-17,2025-01-16,long,57059,1.3027,1.3177,855.89,1.15,30,015641,015641,015641
2024-09-11,2025-01-16,long,31209,2.258,2.7811,16325.43,23.17,127,510580,510580,510580
2024-12-17,2025-01-16,long,56954,1.3051,1.1798,-7136.34,-9.6,30,516860,516860,516860
2024-12-17,2025-01-16,long,60022,1.2384,1.1214,-7022.57,-9.45,30,516100,516100,516100
2025-01-16,2025-02-21,long,43798,1.5945,1.8807,12534.99,17.95,36,021298,021298,021298
2024-10-18,2025-02-21,long,18808,3.9279,3.9144,-253.91,-0.34,126,510310,510310,510310
2024-10-18,2025-02-21,long,37204,1.9857,1.9631,-840.81,-1.14,126,516160,516160,516160
2024-10-18,2025-02-21,long,23289,3.1722,3.4165,5689.5,7.7,126,563330,563330,563330
2024-11-18,2025-03-24,long,32162,2.3924,2.5877,6281.24,8.16,126,516300,516300,516300
2025-02-21,2025-03-24,long,49875,1.6495,1.6622,633.41,0.77,31,019458,019458,019458
2025-01-16,2025-04-22,long,45390,1.5386,1.7474,9477.43,13.57,96,018124,018124,018124
2025-01-16,2025-04-22,long,56461,1.2369,1.4316,10992.96,15.74,96,016530,016530,016530
2025-02-21,2025-04-22,long,37667,2.1841,1.8371,-13070.45,-15.89,60,021490,021490,021490
2025-01-16,2025-04-22,long,45687,1.5286,1.7342,9393.25,13.45,96,018125,018125,018125
2025-03-24,2025-04-22,long,41032,2.026,1.722,-12473.73,-15.0,29,001765,001765,001765
2025-01-16,2025-04-22,long,57042,1.2243,1.4149,10872.21,15.57,96,016531,016531,016531
2025-02-21,2025-04-22,long,49488,1.6624,1.479,-9076.1,-11.03,60,019457,019457,019457
2025-02-21,2025-04-22,long,37506,2.1935,1.8467,-13007.08,-15.81,60,021489,021489,021489
2025-04-22,2025-05-26,long,33779,2.1409,2.265,4191.97,5.8,34,014283,014283,014283
2025-04-22,2025-05-26,long,35574,2.0329,2.1472,4066.11,5.62,34,016303,016303,016303
2025-04-22,2025-05-26,long,35959,2.0111,2.1234,4038.2,5.58,34,016304,016304,016304
2025-04-22,2025-06-25,long,44594,1.6217,1.6496,1244.17,1.72,64,014938,014938,014938
2025-04-22,2025-06-25,long,45145,1.6019,1.6284,1196.34,1.65,64,014939,014939,014939
2025-03-24,2025-07-24,long,30878,2.6922,2.8693,5468.49,6.58,122,510100,510100,510100
2025-06-25,2025-07-24,long,52669,1.5683,1.8702,15900.77,19.25,29,015915,015915,015915
2025-06-25,2025-07-24,long,48752,1.6943,1.9402,11988.12,14.51,29,022690,022690,022690
2025-05-26,2025-07-24,long,58789,1.2845,1.7972,30141.12,39.91,59,020398,020398,020398
2025-04-22,2025-08-22,long,76205,0.949,1.516,43208.24,59.75,122,470888,470888,470888
2025-07-24,2025-08-22,long,48691,1.9585,2.0109,2551.41,2.68,29,022852,022852,022852
2025-05-26,2025-08-22,long,58209,1.2973,1.9964,40693.91,53.89,88,020397,020397,020397
2025-07-24,2025-08-22,long,69344,1.3752,1.452,5325.62,5.58,29,001563,001563,001563
2025-07-24,2025-08-22,long,22579,4.2234,4.462,5387.35,5.65,29,159393,159393,159393
2025-04-22,2025-08-22,long,49260,1.4681,2.2033,36215.95,50.08,122,022286,022286,022286
2025-07-24,2025-08-22,long,48863,1.9516,2.0028,2501.79,2.62,29,022853,022853,022853
2025-05-26,2025-08-22,long,78173,0.966,1.503,41978.9,55.59,88,017873,017873,017873
2025-04-22,2025-08-22,long,49394,1.4641,2.1935,36027.98,49.82,122,022287,022287,022287
2025-08-22,2025-09-22,long,57415,1.7705,1.8858,6619.95,6.51,31,011412,011412,011412
2025-08-22,2025-09-22,long,21617,4.7024,5.1178,8979.7,8.83,31,001438,001438,001438
2025-08-22,2025-09-22,long,17510,5.8052,6.3191,8998.39,8.85,31,001437,001437,001437
2025-08-22,2025-09-22,long,56395,1.8025,1.9205,6654.61,6.55,31,010115,010115,010115
2025-08-22,2025-09-22,long,51457,1.9755,2.1105,6946.7,6.83,31,011891,011891,011891
2025-08-22,2025-09-22,long,52272,1.9447,2.0768,6905.13,6.79,31,011892,011892,011892
2025-09-22,2025-10-29,long,34590,3.4197,3.6142,6727.75,5.69,37,002112,002112,002112
2025-08-22,2025-10-29,long,40428,2.5144,3.3134,32301.97,31.78,68,018956,018956,018956
2025-09-22,2025-10-29,long,44452,2.661,2.779,5245.34,4.43,37,002692,002692,002692
2025-09-22,2025-10-29,long,74414,1.5896,1.7193,9651.5,8.16,37,016371,016371,016371
2025-09-22,2025-10-29,long,33252,3.5573,3.76,6740.18,5.7,37,001412,001412,001412
2025-09-22,2025-10-29,long,73040,1.6195,1.7527,9728.93,8.22,37,016370,016370,016370
2025-08-22,2025-10-29,long,40933,2.4834,3.2688,32148.78,31.63,68,018957,018957,018957
2025-10-29,2025-11-27,long,26108,4.8208,4.1218,-18249.49,-14.5,29,501046,501046,501046
2025-10-29,2025-11-27,long,48261,2.6079,2.2324,-18122.01,-14.4,29,017491,017491,017491
2025-10-29,2025-11-27,long,47396,2.6555,2.2746,-18053.14,-14.34,29,017490,017490,017490
2025-10-29,2025-11-27,long,30081,4.184,3.598,-17627.47,-14.01,29,001480,001480,001480
2025-10-29,2025-11-27,long,30196,4.1681,3.5859,-17580.11,-13.97,29,006502,006502,006502
2025-08-22,2025-11-27,long,40317,2.5213,3.2795,30568.35,30.07,97,022365,022365,022365
2025-10-29,2025-11-27,long,52311,2.406,2.069,-17628.81,-14.01,29,021528,021528,021528
2025-10-29,2025-11-27,long,31911,3.9441,3.3911,-17646.78,-14.02,29,006503,006503,006503
2025-08-22,2025-12-26,long,40114,2.5341,3.8202,51590.62,50.75,126,022364,022364,022364
2025-11-27,2025-12-26,long,116434,0.9465,1.0869,16347.33,14.83,29,011900,011900,011900
2025-11-27,2025-12-26,long,51666,2.133,2.448,16274.79,14.77,29,740001,740001,740001
2025-11-27,2025-12-26,long,34814,3.1655,3.6984,18552.38,16.83,29,018956,018956,018956
2025-11-27,2025-12-26,long,79581,1.3848,1.5148,10345.53,9.39,29,011815,011815,011815
2025-11-27,2025-12-26,long,113836,0.9681,1.1121,16392.38,14.87,29,011899,011899,011899
2025-11-27,2025-12-26,long,52503,2.099,2.408,16223.43,14.72,29,016579,016579,016579
2025-11-27,2025-12-26,long,35305,3.1215,3.6453,18492.76,16.78,29,018957,018957,018957
2025-12-26,2026-01-28,long,24250,5.1137,5.409,7161.03,5.77,33,005775,005775,005775
2025-12-26,2026-01-28,long,71034,1.7458,1.7518,426.2,0.34,33,002125,002125,002125
2025-12-26,2026-01-28,long,36052,3.4398,3.6505,7596.16,6.13,33,004320,004320,004320
2025-12-26,2026-01-28,long,61516,2.0159,2.1411,7701.8,6.21,33,011369,011369,011369
2025-11-27,2026-01-28,long,51739,2.13,2.394,13659.1,12.39,62,290014,290014,290014
2025-12-26,2026-01-28,long,72310,1.715,1.7201,368.78,0.3,33,018291,018291,018291
2025-12-26,2026-01-28,long,63277,1.9598,2.0803,7624.88,6.15,33,011370,011370,011370
2025-12-26,2026-01-28,long,59335,2.09,2.132,2492.07,2.01,33,290008,290008,290008
2026-01-28,2026-03-06,long,51577,2.5912,2.3102,-14493.14,-10.84,37,561330,561330,561330
2026-01-28,2026-03-06,long,67837,1.9701,1.8055,-11165.97,-8.35,37,159206,159206,159206
2026-01-28,2026-03-06,long,64197,2.0818,1.9973,-5424.65,-4.06,37,018656,018656,018656
2026-01-28,2026-03-06,long,70839,1.8866,1.7362,-10654.19,-7.97,37,004321,004321,004321
2026-01-28,2026-03-06,long,17467,7.651,7.341,-5414.77,-4.05,37,519095,519095,519095
2026-01-28,2026-03-06,long,73581,1.8163,1.6754,-10367.56,-7.76,37,024194,024194,024194
2026-03-06,2026-04-07,long,73742,1.6926,1.5864,-7831.4,-6.27,32,159309,159309,159309
2025-12-26,2026-04-07,long,92677,1.3381,1.3349,-296.57,-0.24,102,015790,015790,015790
2026-03-06,2026-04-07,long,73843,1.6903,1.5899,-7413.84,-5.94,32,023144,023144,023144
2026-03-06,2026-04-07,long,76617,1.6291,1.5294,-7638.71,-6.12,32,561760,561760,561760
2026-03-06,2026-04-07,long,72555,1.7203,1.6144,-7683.57,-6.16,32,561360,561360,561360
2026-01-28,2026-04-07,long,66109,2.0216,1.6183,-26661.76,-19.95,69,159218,159218,159218
2025-12-26,2026-04-07,long,91413,1.3566,1.3548,-164.54,-0.13,102,015789,015789,015789
2026-03-06,2026-04-07,long,77185,1.6171,1.5169,-7733.94,-6.2,32,563150,563150,563150
2026-03-06,2026-04-07,long,77762,1.6051,1.5131,-7154.1,-5.73,32,561570,561570,561570
2026-04-07,2026-05-11,long,41798,2.7537,3.4026,27122.72,23.56,34,168002,168002,168002
2026-04-07,2026-05-11,long,50832,2.2643,3.1012,42541.3,36.96,34,011452,011452,011452
2026-04-07,2026-05-11,long,43259,2.6607,3.5604,38920.12,33.81,34,011369,011369,011369
2026-04-07,2026-05-11,long,50002,2.3019,2.9441,32111.28,27.9,34,020722,020722,020722
2026-04-07,2026-05-11,long,73088,1.5748,2.0779,36770.57,31.95,34,016874,016874,016874
2026-04-07,2026-05-11,long,50491,2.2796,2.9143,32046.64,27.84,34,020723,020723,020723
2026-04-07,2026-05-11,long,49850,2.3089,3.1632,42586.85,37.0,34,008528,008528,008528
2026-04-07,2026-05-11,long,58290,1.9746,2.4389,27064.05,23.51,34,022124,022124,022124
2026-04-07,2026-05-11,long,44570,2.5824,3.4536,38829.38,33.74,34,011370,011370,011370
2026-04-07,2026-05-11,long,71887,1.6011,2.1136,36842.09,32.01,34,016873,016873,016873
2026-06-09,2026-07-09,long,14647,10.2804,10.7193,6428.57,4.27,30,501046,501046,501046
2026-06-09,2026-07-09,long,28276,5.3253,5.5408,6093.48,4.05,30,017491,017491,017491
2026-06-09,2026-07-09,long,27635,5.4489,5.6731,6195.77,4.11,30,017490,017490,017490
2026-06-09,2026-07-09,long,18018,8.357,8.807,8108.1,5.38,30,001480,001480,001480
2026-06-09,2026-07-09,long,35437,4.2493,4.3861,4847.78,3.22,30,011369,011369,011369
2026-06-09,2026-07-09,long,17929,8.3984,8.6825,5093.63,3.38,30,006502,006502,006502
2026-06-09,2026-07-09,long,44449,3.3877,3.5589,7609.67,5.05,30,014915,014915,014915
2026-06-09,2026-07-09,long,45955,3.2767,3.4401,7509.05,4.99,30,014916,014916,014916
2026-06-09,2026-07-09,long,31410,4.794,5.051,8072.37,5.36,30,021528,021528,021528
2026-06-09,2026-07-09,long,19040,7.9087,8.1709,4992.29,3.32,30,006503,006503,006503
2026-07-09,2026-08-07,long,24084,6.522,5.087,-34560.54,-22.0,29,014989,014989,014989
2026-07-09,2026-08-07,long,52529,2.9903,2.0089,-51551.96,-32.82,29,018815,018815,018815
2026-07-09,2026-08-07,long,63154,2.4872,1.9301,-35183.09,-22.4,29,024423,024423,024423
2026-07-09,2026-08-07,long,37856,4.1493,3.0796,-40494.56,-25.78,29,002163,002163,002163
2026-07-09,2026-08-07,long,37385,4.2016,3.1271,-40170.18,-25.57,29,588710,588710,588710
2026-07-09,2026-08-07,long,37510,4.1876,3.1088,-40465.79,-25.76,29,001198,001198,001198
2026-07-09,2026-08-07,long,23749,6.614,5.16,-34531.05,-21.98,29,000742,000742,000742
2026-07-09,2026-08-07,long,63424,2.4766,1.9213,-35219.35,-22.42,29,024424,024424,024424
2026-07-09,2026-08-14,long,35972,4.3666,3.4451,-33148.2,-21.1,36,005844,005844,005844
2026-07-09,2026-08-14,long,36434,4.3112,3.3999,-33202.3,-21.14,36,017811,017811,017811
2026-08-07,2026-08-14,long,13640,8.6711,8.4843,-2547.95,-2.15,7,002910,002910,002910
2026-08-07,2026-08-14,long,36480,3.2423,3.179,-2309.18,-1.95,7,021179,021179,021179
2026-08-07,2026-08-14,long,36828,3.2117,3.1486,-2323.85,-1.96,7,021180,021180,021180
2026-08-07,2026-08-14,long,41155,2.874,2.882,329.24,0.28,7,001411,001411,001411
2026-08-07,2026-08-14,long,41721,2.835,2.844,375.49,0.32,7,002051,002051,002051
2026-08-07,2026-08-14,long,26555,4.4541,4.4335,-547.03,-0.46,7,005819,005819,005819
2026-08-07,2026-08-14,long,27230,4.3437,4.3231,-560.94,-0.47,7,015585,015585,015585
