sym,code,name,mkt,list_date_s,end_date_s
sh600005,600005,武钢股份,sh,1999-08-03,2017-02-14
sh600068,600068,葛洲坝,sh,1997-05-26,2021-09-13
sh600069,600069,退市银鸽,sh,1997-04-30,2020-08-28
sh600070,600070,*ST富润,sh,1997-06-04,2025-04-30
sh600074,600074,退市保千,sh,1997-06-23,2020-06-03
sh600077,600077,*ST宋都,sh,1997-05-20,2023-07-25
sh600083,600083,*ST博信,sh,1997-06-06,2025-03-05
sh600086,600086,退市金钰,sh,1997-06-06,2021-03-18
sh600087,600087,退市长油,sh,1997-06-12,2014-06-05
sh600090,600090,退市济堂,sh,1997-06-16,2022-07-07
sh600091,600091,退市明科,sh,1997-07-04,2022-06-21
sh600093,600093,退市易见,sh,1997-06-26,2022-06-23
sh600112,600112,*ST天成,sh,1997-11-27,2024-08-15
sh600122,600122,*ST宏图,sh,1998-04-20,2023-06-26
sh600139,600139,*ST西源,sh,1998-02-25,2023-03-27
sh600145,600145,退市新亿,sh,1999-09-23,2022-04-28
sh600146,600146,退市环球,sh,1999-07-07,2022-06-30
sh600175,600175,退市美都,sh,1999-04-08,2020-08-17
sh600190,600190,退市锦港,sh,1998-05-19,2025-07-28
sh600193,600193,退市创兴,sh,1999-05-27,2026-07-06
sh600200,600200,退市苏吴,sh,1999-04-01,2025-12-31
sh600209,600209,退市罗顿,sh,1999-03-25,2022-06-22
sh600213,600213,*ST亚星,sh,1999-08-31,2024-10-17
sh600220,600220,ST阳光,sh,1999-09-27,2024-07-10
sh600225,600225,退市卓朗,sh,2000-01-27,2025-03-06
sh600240,600240,退市华业,sh,2000-06-28,2020-02-06
sh600242,600242,退市中昌,sh,2000-12-07,2023-06-29
sh600247,600247,*ST成城,sh,2000-11-23,2021-03-22
sh600260,600260,*ST凯乐,sh,2000-07-06,2023-02-15
sh600270,600270,外运发展,sh,2000-12-28,2018-12-28
sh600275,600275,退市昌鱼,sh,2000-08-10,2022-06-22
sh600277,600277,ST亿利,sh,2000-07-25,2024-07-18
sh600290,600290,*ST华仪,sh,2000-11-06,2024-01-16
sh600291,600291,退市西水,sh,2000-07-31,2022-06-14
sh600297,600297,广汇汽车,sh,2000-11-16,2024-08-28
sh600306,600306,退市商城,sh,2000-12-26,2024-06-26
sh600311,600311,*ST荣华,sh,2001-06-26,2023-03-27
sh600317,600317,营口港,sh,2002-01-31,2021-01-29
sh600321,600321,正源股份,sh,2001-05-24,2024-06-27
sh600355,600355,*ST精伦,sh,2002-06-13,2026-04-27
sh600385,600385,退市金泰,sh,2001-07-23,2022-07-07
sh600387,600387,退市海越,sh,2004-02-18,2025-07-11
sh600393,600393,ST粤泰,sh,2001-03-19,2023-07-18
sh600401,600401,退市海润,sh,2003-09-24,2019-07-15
sh600421,600421,退市华嵘,sh,2004-06-07,2026-06-26
sh600432,600432,退市吉恩,sh,2003-09-05,2018-07-13
sh600462,600462,退市九有,sh,2003-09-03,2025-07-21
sh600466,600466,*ST蓝光,sh,2001-02-12,2023-06-06
sh600485,600485,*ST信威,sh,2003-08-07,2021-06-01
sh600532,600532,退市未来,sh,2002-10-31,2023-06-28
sh600555,600555,退市海创,sh,1999-01-18,2022-07-14
sh600565,600565,ST迪马,sh,2002-07-23,2024-08-07
sh600599,600599,退市熊猫,sh,2001-08-28,2026-06-26
sh600608,600608,退市沪科,sh,1992-03-27,2026-07-03
sh600614,600614,退市鹏起,sh,1992-07-28,2021-07-22
sh600634,600634,退市富控,sh,1993-03-04,2021-07-22
sh600636,600636,退市国化,sh,1993-03-16,2026-06-29
sh600647,600647,退市同达,sh,1993-05-04,2024-07-03
sh600652,600652,退市游久,sh,1990-12-19,2022-06-21
sh600656,600656,退市博元,sh,1990-12-19,2016-05-13
sh600677,600677,*ST航通,sh,1993-09-28,2021-03-18
sh600680,600680,*ST上普,sh,1993-10-18,2019-05-24
sh600687,600687,退市刚泰,sh,1993-11-08,2021-03-04
sh600695,600695,退市绿庭,sh,1993-11-22,2022-06-15
sh600696,600696,退市岩石,sh,1993-12-06,2026-06-29
sh600701,600701,退市工新,sh,1996-05-28,2021-05-06
sh600705,600705,中航产融,sh,1996-05-16,2025-05-27
sh600723,600723,首商股份,sh,1996-07-16,2021-10-22
sh600747,600747,退市大控,sh,1996-09-16,2019-12-13
sh600766,600766,退市园城,sh,1996-10-28,2024-07-03
sh600767,600767,退市运盛,sh,1996-11-15,2023-06-29
sh600781,600781,退市辅仁,sh,1996-12-18,2023-06-28
sh600804,600804,退市鹏博,sh,1994-01-03,2025-07-03
sh600806,600806,退市昆机,sh,1994-01-03,2018-07-13
sh600811,600811,*ST东方,sh,1994-01-06,2025-04-30
sh600823,600823,*ST世茂,sh,1994-02-04,2024-06-14
sh600832,600832,东方明珠,sh,1994-02-24,2015-05-20
sh600836,600836,*ST易连,sh,1994-02-24,2024-07-11
sh600837,600837,海通证券,sh,1994-02-24,2025-03-04
sh600856,600856,退市中天,sh,1994-04-25,2022-06-22
sh600870,600870,退市厦华,sh,1995-02-28,2022-06-30
sh600890,600890,退市中房,sh,1996-03-18,2022-06-21
sh600891,600891,退市秋林,sh,1996-03-25,2021-05-12
sh600896,600896,退市海医,sh,1996-05-03,2022-07-25
sh600898,600898,*ST美讯,sh,1996-04-18,2025-02-10
sh600978,600978,*ST宜生,sh,2004-08-24,2021-03-22
sh601028,601028,玉龙股份,sh,2011-11-07,2025-05-27
sh601258,601258,*ST庞大,sh,2011-04-28,2023-06-30
sh601268,601268,*ST二重,sh,2010-02-02,2015-05-21
sh601299,601299,中国北车,sh,2009-12-29,2015-05-20
sh601558,601558,退市锐电,sh,2011-01-13,2020-07-03
sh601989,601989,中国重工,sh,2009-12-16,2025-09-05
sh603003,603003,退市龙宇,sh,2012-08-17,2025-07-03
sh603056,603056,德邦股份,sh,2018-01-16,2026-03-31
sh603133,603133,退市碳元,sh,2017-03-20,2024-07-03
sh603157,603157,退市拉夏,sh,2017-09-25,2022-05-24
sh603388,603388,*ST元成,sh,2017-03-24,2025-12-05
sh603555,603555,ST贵人,sh,2014-01-24,2024-03-29
sh603603,603603,退市博天,sh,2017-02-17,2024-04-25
sh603963,603963,*ST大药,sh,2017-09-22,2025-03-21
sh603996,603996,退市中新,sh,2015-12-22,2022-05-24
sh605081,605081,退市太和,sh,2021-02-09,2026-07-03
sh688086,688086,退市紫晶,sh,2020-02-26,2023-07-07
sh688287,688287,退市观典,sh,2022-05-25,2026-06-10
sh688555,688555,退市泽达,sh,2020-06-23,2023-07-07
sz000004,000004,国华退,sz,1990-12-01,2026-07-14
sz000005,000005,ST星源,sz,1990-12-10,2024-04-26
sz000018,000018,神城A退,sz,1992-06-16,2020-01-07
sz000023,000023,*ST深天,sz,1993-04-29,2024-09-02
sz000024,000024,招商地产,sz,1993-06-07,2015-12-30
sz000033,000033,新都退,sz,1994-01-03,2017-07-07
sz000038,000038,大通退,sz,1994-08-08,2023-07-12
sz000040,000040,*ST旭蓝,sz,1994-08-08,2025-04-30
sz000046,000046,*ST泛海,sz,1994-09-12,2024-02-07
sz000150,000150,*ST宜康,sz,2000-08-07,2023-06-09
sz000413,000413,ST旭电,sz,1996-09-25,2024-10-11
sz000416,000416,*ST民控,sz,1996-07-19,2024-06-05
sz000418,000418,小天鹅Ａ,sz,1997-03-28,2019-06-21
sz000502,000502,绿景退,sz,1992-11-23,2022-06-27
sz000511,000511,烯碳退,sz,1993-05-18,2018-07-18
sz000540,000540,*ST中天,sz,1994-02-02,2023-06-30
sz000562,000562,宏源证券,sz,1994-02-02,2015-01-26
sz000584,000584,工智退,sz,1995-11-28,2025-07-11
sz000585,000585,东电退,sz,1995-12-13,2022-05-24
sz000587,000587,*ST金洲,sz,1996-04-25,2023-04-03
sz000594,000594,国恒退,sz,1996-03-20,2015-07-13
sz000606,000606,顺利退,sz,1996-10-04,2023-07-06
sz000611,000611,天首退,sz,1996-10-08,2022-06-28
sz000613,000613,东海A退,sz,1997-01-28,2022-06-29
sz000616,000616,*ST海投,sz,1996-11-08,2023-08-23
sz000622,000622,恒立退,sz,1996-11-07,2025-07-16
sz000627,000627,*ST天茂,sz,1996-11-12,2025-09-30
sz000638,000638,*ST万方,sz,1996-11-26,2026-06-03
sz000662,000662,天夏退,sz,1996-12-16,2021-04-12
sz000666,000666,经纬纺机,sz,1996-12-10,2023-10-26
sz000667,000667,ST美置,sz,1996-12-05,2023-07-14
sz000671,000671,ST阳光城,sz,1996-12-18,2023-08-16
sz000673,000673,当代退,sz,1997-01-24,2022-07-04
sz000687,000687,华讯退,sz,1997-02-21,2022-06-17
sz000693,000693,华泽退,sz,1997-02-26,2019-07-09
sz000732,000732,ST泰禾,sz,1997-07-04,2023-08-04
sz000748,000748,长城信息,sz,1997-07-04,2017-01-18
sz000760,000760,斯太退,sz,1997-06-27,2021-07-23
sz000780,000780,ST平能,sz,1997-06-06,2022-01-24
sz000806,000806,银河退,sz,1998-04-16,2023-07-06
sz000835,000835,长动退,sz,1999-06-25,2022-05-23
sz000836,000836,ST富通,sz,1997-09-29,2024-08-12
sz000851,000851,*ST高鸿,sz,1998-06-09,2025-11-11
sz000861,000861,海印股份,sz,1998-10-28,2024-09-18
sz000916,000916,华北高速,sz,1999-09-27,2017-12-25
sz000918,000918,*ST嘉凯,sz,1999-07-20,2023-07-28
sz000939,000939,凯迪退,sz,1999-09-23,2020-12-17
sz000961,000961,ST中南,sz,2000-03-01,2024-07-11
sz000971,000971,*ST高升,sz,2000-04-27,2024-07-24
sz000976,000976,*ST华铁,sz,2000-06-01,2024-08-27
sz000979,000979,中弘退,sz,2000-06-16,2018-12-28
sz000982,000982,中银绒业,sz,2000-07-06,2024-08-12
sz000996,000996,中期退,sz,2000-07-18,2024-06-28
sz002002,002002,ST鸿达,sz,2004-06-25,2024-03-18
sz002013,002013,中航机电,sz,2004-07-05,2023-03-17
sz002018,002018,华信退,sz,2004-07-13,2019-11-01
sz002070,002070,众和退,sz,2006-10-12,2019-07-09
sz002071,002071,长城退,sz,2006-10-12,2021-05-07
sz002087,002087,新纺退,sz,2006-11-30,2024-06-28
sz002089,002089,新海退,sz,2006-11-30,2024-04-18
sz002113,002113,*ST天润,sz,2007-02-08,2023-08-11
sz002118,002118,*ST紫鑫,sz,2007-03-02,2023-08-04
sz002143,002143,印纪退,sz,2007-07-20,2019-11-29
sz002147,002147,新光退,sz,2007-08-08,2022-06-23
sz002220,002220,天宝退,sz,2008-02-28,2020-08-11
sz002231,002231,*ST奥维,sz,2008-05-12,2026-03-27
sz002260,002260,德奥退,sz,2008-07-16,2022-06-17
sz002280,002280,ST联络,sz,2009-08-21,2024-08-16
sz002288,002288,*ST超华,sz,2009-09-03,2024-08-19
sz002308,002308,*ST威创,sz,2009-11-27,2024-09-27
sz002325,002325,*ST洪涛,sz,2009-12-22,2024-08-15
sz002336,002336,人乐退,sz,2010-01-13,2025-07-04
sz002341,002341,ST新纶,sz,2010-01-22,2024-08-23
sz002359,002359,北讯退,sz,2010-02-10,2021-07-23
sz002411,002411,必康退,sz,2010-05-25,2023-07-12
sz002417,002417,深南退,sz,2010-06-01,2023-07-10
sz002433,002433,太安退,sz,2010-06-18,2024-07-05
sz002435,002435,ST长康,sz,2010-06-18,2024-08-15
sz002447,002447,晨鑫退,sz,2010-07-13,2022-06-27
sz002450,002450,康得退,sz,2010-07-16,2021-05-31
sz002464,002464,众应退,sz,2010-08-31,2022-06-28
sz002473,002473,圣莱退,sz,2010-09-10,2022-06-22
sz002477,002477,雏鹰退,sz,2010-09-15,2019-10-16
sz002499,002499,科林退,sz,2010-11-09,2023-04-18
sz002502,002502,ST鼎龙,sz,2010-11-17,2024-09-05
sz002503,002503,*ST搜特,sz,2010-11-17,2023-08-11
sz002504,002504,*ST弘高,sz,2010-11-18,2023-08-21
sz002505,002505,鹏都农牧,sz,2010-11-18,2024-08-30
sz002509,002509,天茂退,sz,2010-11-23,2020-07-20
sz002604,002604,龙力退,sz,2011-07-28,2020-07-15
sz002610,002610,ST爱康,sz,2011-08-15,2024-08-12
sz002618,002618,丹邦退,sz,2011-09-20,2022-06-22
sz002619,002619,*ST艾格,sz,2011-09-29,2022-04-28
sz002621,002621,*ST美吉,sz,2011-09-29,2024-08-05
sz002665,002665,ST航高,sz,2012-03-27,2024-08-26
sz002680,002680,长生退,sz,2012-06-05,2019-11-27
sz002684,002684,猛狮退,sz,2012-06-12,2022-06-27
sz002699,002699,*ST美盛,sz,2012-09-11,2024-06-05
sz002711,002711,欧浦退,sz,2014-01-27,2021-07-15
sz002740,002740,*ST爱迪,sz,2015-01-22,2024-03-04
sz002750,002750,龙津退,sz,2015-03-24,2025-06-27
sz002751,002751,易尚退,sz,2015-04-24,2023-07-13
sz002770,002770,科迪退,sz,2015-06-30,2022-06-23
sz002776,002776,*ST柏龙,sz,2015-06-26,2024-01-25
sz002781,002781,奇信退,sz,2015-12-22,2023-07-05
sz002808,002808,恒久退,sz,2016-08-12,2026-07-14
sz002898,002898,赛隆退,sz,2017-09-12,2026-07-17
sz300023,300023,宝德退,sz,2009-10-30,2022-06-29
sz300028,300028,金亚退,sz,2009-10-30,2020-08-03
sz300029,300029,天龙退,sz,2009-12-25,2026-07-10
sz300038,300038,数知退,sz,2010-01-08,2022-06-30
sz300064,300064,金刚退,sz,2010-03-26,2022-06-27
sz300089,300089,文化退,sz,2010-06-25,2023-07-13
sz300090,300090,盛运退,sz,2010-06-25,2020-08-25
sz300104,300104,乐视退,sz,2010-08-12,2020-07-21
sz300108,300108,*ST吉药,sz,2010-08-25,2025-05-29
sz300116,300116,*ST保力,sz,2010-09-02,2024-07-25
sz300117,300117,*ST嘉寓,sz,2010-09-02,2025-04-30
sz300156,300156,神雾退,sz,2011-01-07,2020-08-25
sz300178,300178,腾邦退,sz,2011-02-15,2022-06-22
sz300186,300186,大华农,sz,2011-03-08,2015-11-02
sz300202,300202,聚龙退,sz,2011-04-15,2022-07-04
sz300208,300208,中程退,sz,2011-04-26,2025-07-21
sz300216,300216,千山退,sz,2011-05-11,2020-09-16
sz300262,300262,*ST巴安,sz,2011-09-16,2024-08-19
sz300273,300273,和佳退,sz,2011-10-26,2023-07-06
sz300280,300280,紫天退,sz,2011-12-29,2025-10-14
sz300282,300282,三盛退,sz,2011-12-29,2024-07-18
sz300297,300297,蓝盾退,sz,2012-03-15,2023-07-31
sz300309,300309,吉艾退,sz,2012-04-10,2023-05-30
sz300312,300312,邦讯退,sz,2012-05-08,2022-07-04
sz300325,300325,德威退,sz,2012-06-01,2022-06-28
sz300330,300330,计通退,sz,2012-06-19,2023-05-24
sz300336,300336,新文退,sz,2012-07-10,2023-07-05
sz300344,300344,立方退,sz,2012-08-01,2026-04-22
sz300356,300356,光一退,sz,2012-10-09,2023-07-13
sz300362,300362,天翔退,sz,2014-01-21,2021-08-30
sz300367,300367,网力退,sz,2014-01-29,2022-06-30
sz300372,300372,欣泰退,sz,2014-01-27,2017-08-28
sz300379,300379,东通退,sz,2014-01-28,2026-01-22
sz300391,300391,长药退,sz,2014-08-01,2026-04-13
sz300392,300392,腾信退,sz,2014-09-10,2023-07-10
sz300431,300431,暴风退,sz,2015-03-24,2020-11-10
sz300495,300495,*ST美尚,sz,2015-12-22,2024-09-20
sz300526,300526,中潜退,sz,2016-08-02,2023-07-12
sz300630,300630,普利退,sz,2017-03-28,2025-05-22
sz300742,300742,越博退,sz,2018-05-08,2024-07-22
sz300799,300799,左江退,sz,2019-10-29,2024-07-29
