target_vol,vol_win,cost,n_trades,avg_scale,total,annual,max_dd,sharpe,wr,med,mean,excess_ann,pos_years,dd_imp_pp,dd_imp_rel_pct,seg_annual,seg_max_dd,seg_sharpe,seg_wr
0.12,20,0.001,98,0.775,1.7154,12.18,-19.06,1.013,62.39,0.388,0.977,9.88,9,9.72,33.8,11.884725414874687,-9.923967135690114,1.070475962690118,60.29411764705882
0.12,20,0.002,98,0.775,1.4608,10.92,-19.75,0.919,57.8,0.306,0.886,8.61,7,9.03,31.4,10.656670563274195,-10.505069067533569,0.9709123124315594,55.88235294117647
0.12,60,0.001,99,0.759,1.4618,10.92,-18.02,0.921,59.63,0.382,0.883,8.62,7,10.76,37.4,10.291650728602587,-10.643782997834162,0.9270816271995349,58.82352941176471
0.12,60,0.002,99,0.759,1.2399,9.72,-18.7,0.831,56.88,0.306,0.796,7.42,7,10.08,35.0,9.116346222786586,-11.1832030857985,0.8321571936968039,54.41176470588235
0.15,20,0.001,97,0.847,2.0388,13.64,-22.14,0.981,60.55,0.388,1.102,11.34,9,6.64,23.1,13.280618955398072,-11.083625242740712,1.0473160555106873,57.35294117647059
0.15,20,0.002,97,0.847,1.7329,12.26,-22.84,0.894,56.88,0.306,1.004,9.96,7,5.94,20.6,11.95161882644391,-12.193053403313826,0.9543484572497001,52.94117647058824
0.15,60,0.001,98,0.834,1.6468,11.85,-21.54,0.863,57.8,0.306,0.971,9.55,7,7.24,25.2,10.773004843051481,-12.40091792036717,0.8517316122768661,55.88235294117647
0.15,60,0.002,98,0.834,1.3879,10.53,-22.23,0.779,55.05,0.276,0.876,8.23,6,6.55,22.8,9.501048204419904,-13.735766981249819,0.7631309744727515,52.94117647058824
0.18,20,0.001,95,0.894,2.1991,14.32,-24.2,0.943,60.55,0.415,1.164,12.01,8,4.58,15.9,13.22792109143478,-13.303976286397145,0.9640156348764763,57.35294117647059
0.18,20,0.002,95,0.894,1.864,12.87,-24.9,0.86,55.96,0.348,1.061,10.57,7,3.88,13.5,11.850997193321122,-13.99599461682799,0.8759888820271052,52.94117647058824
0.18,60,0.001,95,0.889,1.7719,12.45,-24.47,0.819,57.8,0.306,1.031,10.14,6,4.31,15.0,10.683096649721847,-14.856287076251773,0.7751675068498285,54.41176470588235
0.18,60,0.002,95,0.889,1.4866,11.05,-25.17,0.74,55.05,0.278,0.93,8.75,6,3.61,12.5,9.354594383787518,-15.932165447429758,0.6916346367216045,52.94117647058824
