di,date,code,rank,comp,g1430_ok,budget_eq
150,2021-08-16,002394,1,1.1390989097773259,1,8500.0
150,2021-08-16,600665,2,1.0874847396280978,1,8500.0
150,2021-08-16,600697,3,1.0056631123636075,1,8500.0
150,2021-08-16,000514,4,0.9982040806224846,1,8500.0
150,2021-08-16,600716,5,0.9960900990309871,1,8500.0
150,2021-08-16,000965,6,0.9786008645030917,1,8500.0
150,2021-08-16,600382,7,0.9782807020190053,1,8500.0
150,2021-08-16,600658,8,0.9745733446506285,1,8500.0
150,2021-08-16,600051,9,0.9709923743847458,1,8500.0
150,2021-08-16,600356,10,0.9677038349338282,1,8500.0
150,2021-08-16,002133,11,0.9656719441699455,1,8500.0
150,2021-08-16,002718,12,0.9640425734419075,1,8500.0
150,2021-08-16,600287,13,0.9632422748431729,1,8500.0
150,2021-08-16,600683,14,0.9629923835811334,1,8500.0
150,2021-08-16,600622,15,0.9615066035480017,1,8500.0
150,2021-08-16,000419,16,0.9573740579355944,1,8500.0
150,2021-08-16,601107,17,0.9514554953911616,1,8500.0
150,2021-08-16,000619,18,0.9506351339344478,1,8500.0
150,2021-08-16,603709,19,0.9474733708812415,1,8500.0
150,2021-08-16,000779,20,0.9404021441189792,1,8500.0
170,2021-09-13,600615,1,1.1186763945419338,1,8500.0
170,2021-09-13,600593,2,1.0628578842201197,1,8500.0
170,2021-09-13,600382,3,1.0572167850533363,1,8500.0
170,2021-09-13,603863,4,1.0260505209328226,1,8500.0
170,2021-09-13,002995,5,0.982989514785775,1,8500.0
170,2021-09-13,603385,6,0.980725635313603,1,8500.0
170,2021-09-13,603221,7,0.9531699959447724,1,8500.0
170,2021-09-13,003007,8,0.9513655507421453,1,8500.0
170,2021-09-13,605177,9,0.9495752912914605,1,8500.0
170,2021-09-13,002992,10,0.94925707462557,1,8500.0
170,2021-09-13,603709,11,0.9490386732627883,1,8500.0
170,2021-09-13,603096,12,0.9479556293760645,1,8500.0
170,2021-09-13,603661,13,0.9477357423442144,1,8500.0
170,2021-09-13,000608,14,0.9330900157272466,1,8500.0
170,2021-09-13,603038,15,0.9325889680450712,1,8500.0
170,2021-09-13,002989,16,0.9320720636711789,1,8500.0
170,2021-09-13,600697,17,0.9292571230136499,1,8500.0
170,2021-09-13,603059,18,0.9247459087975276,1,8500.0
170,2021-09-13,603716,19,0.9121799367147042,1,8500.0
170,2021-09-13,603839,20,0.9119832182903747,1,8500.0
190,2021-10-20,603680,1,0.8244795646136436,0,8500.0
190,2021-10-20,600356,2,0.7764920942212391,0,8500.0
190,2021-10-20,603266,3,0.7102983651777975,0,8500.0
190,2021-10-20,002715,4,0.6948235078688119,0,8500.0
190,2021-10-20,605298,5,0.688050413918557,0,8500.0
190,2021-10-20,603928,6,0.6753859681638952,0,8500.0
190,2021-10-20,603878,7,0.6748239557724369,0,8500.0
190,2021-10-20,600706,8,0.6519065094591252,0,8500.0
190,2021-10-20,603208,9,0.6303223996826542,0,8500.0
190,2021-10-20,600512,10,0.6265648999622857,0,8500.0
210,2021-11-17,002016,1,1.032008035353873,1,8500.0
210,2021-11-17,002394,2,1.0040421824095207,1,8500.0
210,2021-11-17,002133,3,0.9950588890202734,1,8500.0
210,2021-11-17,600665,4,0.9850284631031265,1,8500.0
210,2021-11-17,000900,5,0.9762238893760217,1,8500.0
210,2021-11-17,000419,6,0.9634706017170506,1,8500.0
210,2021-11-17,603518,7,0.9616638323819526,1,8500.0
210,2021-11-17,600716,8,0.9570757550866097,1,8500.0
210,2021-11-17,000863,9,0.9562800601989115,1,8500.0
210,2021-11-17,000042,10,0.9416435127307353,1,8500.0
210,2021-11-17,000797,11,0.9374965097956578,1,8500.0
210,2021-11-17,600533,12,0.9327215887224879,1,8500.0
210,2021-11-17,600697,13,0.9268125058954,1,8500.0
210,2021-11-17,000759,14,0.9223151915869677,1,8500.0
210,2021-11-17,000514,15,0.9155773833154217,1,8500.0
210,2021-11-17,600603,16,0.897771841867957,1,8500.0
210,2021-11-17,000548,17,0.8942256495053555,1,8500.0
210,2021-11-17,000006,18,0.8914646954696568,1,8500.0
210,2021-11-17,603958,19,0.8907341576385304,1,8500.0
210,2021-11-17,600569,20,0.8887558285170669,1,8500.0
230,2021-12-15,000608,1,1.1266464236053595,1,8500.0
230,2021-12-15,600593,2,0.9869747553816414,1,8500.0
230,2021-12-15,002394,3,0.9642638999493811,1,8500.0
230,2021-12-15,002887,4,0.9591115455821396,1,8500.0
230,2021-12-15,603955,5,0.9466853882180026,1,8500.0
230,2021-12-15,002314,6,0.9300390477600167,1,8500.0
230,2021-12-15,000900,7,0.9197453664822486,1,8500.0
230,2021-12-15,605178,8,0.9153072868520661,1,8500.0
230,2021-12-15,600133,9,0.9109074112477551,1,8500.0
230,2021-12-15,002718,10,0.9065908652707335,1,8500.0
230,2021-12-15,000797,11,0.8997581174875824,1,8500.0
230,2021-12-15,000668,12,0.8821925943677982,1,8500.0
230,2021-12-15,603368,13,0.8785991317602443,1,8500.0
230,2021-12-15,002716,14,0.8763338298464288,1,8500.0
230,2021-12-15,600785,15,0.8761142904051659,1,8500.0
230,2021-12-15,600858,16,0.8749949288337443,1,8500.0
230,2021-12-15,600665,17,0.8741802192167534,1,8500.0
230,2021-12-15,000501,18,0.8723069603964039,1,8500.0
230,2021-12-15,000042,19,0.86713737842862,1,8500.0
230,2021-12-15,600231,20,0.8622962984296484,1,8500.0
250,2022-01-13,600193,1,0.7767088730747003,0,8500.0
250,2022-01-13,600683,2,0.7296188049922524,0,8500.0
250,2022-01-13,002992,3,0.7000613475951538,0,8500.0
250,2022-01-13,600615,4,0.696474167992813,0,8500.0
250,2022-01-13,000635,5,0.6950035251261601,0,8500.0
250,2022-01-13,603518,6,0.6781608349705055,0,8500.0
250,2022-01-13,002622,7,0.6466831462866472,0,8500.0
250,2022-01-13,002090,8,0.6147252871552693,0,8500.0
250,2022-01-13,002272,9,0.6110595841347116,0,8500.0
250,2022-01-13,601015,10,0.6028510193475579,0,8500.0
270,2022-02-17,603518,1,0.8604830480985293,0,8500.0
270,2022-02-17,600067,2,0.8549145439094331,0,8500.0
270,2022-02-17,603161,3,0.7830607257820441,0,8500.0
270,2022-02-17,603139,4,0.7591005772773128,0,8500.0
270,2022-02-17,000635,5,0.7397092992173004,0,8500.0
270,2022-02-17,603226,6,0.7374885993268165,0,8500.0
270,2022-02-17,000833,7,0.7228567262741985,0,8500.0
270,2022-02-17,600508,8,0.7182273245750368,0,8500.0
270,2022-02-17,603776,9,0.7168202955105565,0,8500.0
270,2022-02-17,002882,10,0.7122395473143134,0,8500.0
290,2022-03-17,000042,1,0.7908524745404636,0,8500.0
290,2022-03-17,603988,2,0.6911223227966095,0,8500.0
290,2022-03-17,002989,3,0.6317301278009293,0,8500.0
290,2022-03-17,603776,4,0.6284811021680937,0,8500.0
290,2022-03-17,603810,5,0.6279477355786048,0,8500.0
290,2022-03-17,603022,6,0.6221190407221828,0,8500.0
290,2022-03-17,000608,7,0.6080060826738841,0,8500.0
290,2022-03-17,003016,8,0.5920413077746,0,8500.0
290,2022-03-17,603109,9,0.5704111342661438,0,8500.0
290,2022-03-17,002718,10,0.5651361622673525,0,8500.0
310,2022-04-18,605288,1,0.8356116076660969,0,8500.0
310,2022-04-18,003011,2,0.7647303892968199,0,8500.0
310,2022-04-18,002576,3,0.7602306200612268,0,8500.0
310,2022-04-18,003041,4,0.7395203586440368,0,8500.0
310,2022-04-18,001210,5,0.7323209746233037,0,8500.0
310,2022-04-18,001207,6,0.7124015346994268,0,8500.0
310,2022-04-18,605069,7,0.7049451912052002,0,8500.0
310,2022-04-18,603917,8,0.6984304937216057,0,8500.0
310,2022-04-18,605001,9,0.6732904055355177,0,8500.0
310,2022-04-18,002282,10,0.6683334757551396,0,8500.0
330,2022-05-19,603385,1,1.0357392846261142,1,8500.0
330,2022-05-19,605288,2,1.0211478702093628,1,8500.0
330,2022-05-19,000910,3,0.9799354806165309,1,8500.0
330,2022-05-19,002313,4,0.9798027763033657,1,8500.0
330,2022-05-19,002521,5,0.9174045107651091,1,8500.0
330,2022-05-19,002177,6,0.9136108829593536,1,8500.0
330,2022-05-19,002394,7,0.910287396558016,1,8500.0
330,2022-05-19,605081,8,0.9087179082128352,1,8500.0
330,2022-05-19,002380,9,0.9017842277246112,1,8500.0
330,2022-05-19,002022,10,0.8848742791398402,1,8500.0
330,2022-05-19,600894,11,0.8597212527787711,1,8500.0
330,2022-05-19,605001,12,0.8556580618308647,1,8500.0
330,2022-05-19,000004,13,0.8406400370532435,1,8500.0
330,2022-05-19,603096,14,0.8383736740647587,1,8500.0
330,2022-05-19,600671,15,0.8288672964668328,1,8500.0
330,2022-05-19,605577,16,0.8234068333662318,1,8500.0
330,2022-05-19,601963,17,0.8227205433706651,1,8500.0
330,2022-05-19,003023,18,0.8223284732811748,1,8500.0
330,2022-05-19,000850,19,0.8205180581678004,1,8500.0
330,2022-05-19,600356,20,0.8185469399858347,1,8500.0
350,2022-06-17,603117,1,1.2169031389553107,1,8500.0
350,2022-06-17,002313,2,1.1841288699768635,1,8500.0
350,2022-06-17,600051,3,1.069071903191562,1,8500.0
350,2022-06-17,002963,4,1.062485830229276,1,8500.0
350,2022-06-17,600671,5,1.0489735967927314,1,8500.0
350,2022-06-17,605081,6,1.0482706901906964,1,8500.0
350,2022-06-17,605303,7,1.0345513443497387,1,8500.0
350,2022-06-17,603385,8,1.0304514579247985,1,8500.0
350,2022-06-17,002394,9,1.0227151751339885,1,8500.0
350,2022-06-17,605069,10,1.0047686907025513,1,8500.0
350,2022-06-17,603278,11,1.0030874346840066,1,8500.0
350,2022-06-17,002177,12,0.999863589591259,1,8500.0
350,2022-06-17,600605,13,0.9950726541618222,1,8500.0
350,2022-06-17,001211,14,0.9938078377000403,1,8500.0
350,2022-06-17,002763,15,0.9824621188193083,1,8500.0
350,2022-06-17,600665,16,0.9683336334441419,1,8500.0
350,2022-06-17,001209,17,0.9678594365208656,1,8500.0
350,2022-06-17,000668,18,0.966932722764577,1,8500.0
350,2022-06-17,603685,19,0.960203545279542,1,8500.0
350,2022-06-17,605298,20,0.959850702136911,1,8500.0
370,2022-07-15,002313,1,1.0347695345352894,0,8500.0
370,2022-07-15,600665,2,0.8795273580147789,0,8500.0
370,2022-07-15,000809,3,0.8404792945999592,0,8500.0
370,2022-07-15,002757,4,0.8155055948820972,0,8500.0
370,2022-07-15,001209,5,0.8058223689260288,0,8500.0
370,2022-07-15,600615,6,0.7834245373636819,0,8500.0
370,2022-07-15,600113,7,0.7470836841807297,0,8500.0
370,2022-07-15,600303,8,0.7373274450961236,0,8500.0
370,2022-07-15,002798,9,0.684520345871284,0,8500.0
370,2022-07-15,002395,10,0.6776389328256391,0,8500.0
390,2022-08-12,600665,1,1.1066171839748042,1,8500.0
390,2022-08-12,002394,2,1.0538051573984069,1,8500.0
390,2022-08-12,002133,3,1.045659658925191,1,8500.0
390,2022-08-12,000608,4,1.017436896510334,1,8500.0
390,2022-08-12,002187,5,1.002401924651094,1,8500.0
390,2022-08-12,600748,6,1.0023447935137757,1,8500.0
390,2022-08-12,600512,7,1.0021525783333882,1,8500.0
390,2022-08-12,600051,8,0.9965220850334192,1,8500.0
390,2022-08-12,600708,9,0.9952654561623955,1,8500.0
390,2022-08-12,600828,10,0.9875490624499131,1,8500.0
390,2022-08-12,601188,11,0.9862050828134592,1,8500.0
390,2022-08-12,600785,12,0.981778029491055,1,8500.0
390,2022-08-12,600020,13,0.978716551682472,1,8500.0
390,2022-08-12,605303,14,0.9742241892378438,1,8500.0
390,2022-08-12,002110,15,0.9739021765815263,1,8500.0
390,2022-08-12,603839,16,0.97348186174708,1,8500.0
390,2022-08-12,600693,17,0.9688941384591345,1,8500.0
390,2022-08-12,605287,18,0.9625547491133489,1,8500.0
390,2022-08-12,000850,19,0.9579255623968876,1,8500.0
390,2022-08-12,002029,20,0.9538986007904223,1,8500.0
410,2022-09-09,605303,1,1.0843305694203162,1,8500.0
410,2022-09-09,605069,2,1.0457318961044364,1,8500.0
410,2022-09-09,001218,3,1.0145584706020094,1,8500.0
410,2022-09-09,603332,4,1.0021070670721401,1,8500.0
410,2022-09-09,603365,5,0.9924322779612168,1,8500.0
410,2022-09-09,603909,6,0.9626348394660059,1,8500.0
410,2022-09-09,605003,7,0.9615384974290905,1,8500.0
410,2022-09-09,603518,8,0.9408544914997716,1,8500.0
410,2022-09-09,603716,9,0.9309993097470373,1,8500.0
410,2022-09-09,603159,10,0.9263932226494814,1,8500.0
410,2022-09-09,603590,11,0.9242749211205356,1,8500.0
410,2022-09-09,605500,12,0.9203690549380686,1,8500.0
410,2022-09-09,601566,13,0.9063544898194419,1,8500.0
410,2022-09-09,605180,14,0.9058762050577415,1,8500.0
410,2022-09-09,002110,15,0.8925498829050145,1,8500.0
410,2022-09-09,603808,16,0.8894764217519072,1,8500.0
410,2022-09-09,600301,17,0.8839077477654345,1,8500.0
410,2022-09-09,603278,18,0.8804173859270014,1,8500.0
410,2022-09-09,605155,19,0.871080284249522,1,8500.0
410,2022-09-09,603168,20,0.8600245229294111,1,8500.0
430,2022-10-17,600382,1,0.9374494499114977,1,8500.0
430,2022-10-17,000779,2,0.92929995626477,1,8500.0
430,2022-10-17,601963,3,0.9175922709038604,1,8500.0
430,2022-10-17,603518,4,0.9153271301774161,1,8500.0
430,2022-10-17,600676,5,0.8984193835029823,1,8500.0
430,2022-10-17,605577,6,0.8915301515818986,1,8500.0
430,2022-10-17,603909,7,0.8863170606051316,1,8500.0
430,2022-10-17,605069,8,0.8800524597430126,1,8500.0
430,2022-10-17,603332,9,0.8788429438907119,1,8500.0
430,2022-10-17,605003,10,0.8695354067711946,1,8500.0
430,2022-10-17,605189,11,0.869128258369522,1,8500.0
430,2022-10-17,600694,12,0.8654423949045006,1,8500.0
430,2022-10-17,603980,13,0.8646730681212994,1,8500.0
430,2022-10-17,601528,14,0.8493022111685176,1,8500.0
430,2022-10-17,605303,15,0.8463247067375631,1,8500.0
430,2022-10-17,605178,16,0.8416302372336569,1,8500.0
430,2022-10-17,605100,17,0.8384828169042429,1,8500.0
430,2022-10-17,601188,18,0.8347084005635226,1,8500.0
430,2022-10-17,000900,19,0.8337150846008539,1,8500.0
430,2022-10-17,002110,20,0.8335470386224498,1,8500.0
450,2022-11-14,605081,1,0.9933819597146633,1,8500.0
450,2022-11-14,605189,2,0.9859080702441809,1,8500.0
450,2022-11-14,605319,3,0.8974896585800326,1,8500.0
450,2022-11-14,001218,4,0.8849255596807625,1,8500.0
450,2022-11-14,002394,5,0.8837587099666249,1,8500.0
450,2022-11-14,603048,6,0.8741790089542322,1,8500.0
450,2022-11-14,603001,7,0.864536300936567,1,8500.0
450,2022-11-14,603706,8,0.8597984515817696,1,8500.0
450,2022-11-14,603365,9,0.857809066915098,1,8500.0
450,2022-11-14,603949,10,0.8536697732656897,1,8500.0
450,2022-11-14,603519,11,0.8519663149532399,1,8500.0
450,2022-11-14,603788,12,0.8434094901780157,1,8500.0
450,2022-11-14,600269,13,0.8367569295976054,1,8500.0
450,2022-11-14,603192,14,0.8361775091612239,1,8500.0
450,2022-11-14,600081,15,0.8299917945509624,1,8500.0
450,2022-11-14,603656,16,0.8295376260811766,1,8500.0
450,2022-11-14,601107,17,0.8245428708321684,1,8500.0
450,2022-11-14,600368,18,0.8223673071598646,1,8500.0
450,2022-11-14,603980,19,0.8207663285610995,1,8500.0
450,2022-11-14,603926,20,0.8192235737721622,1,8500.0
470,2022-12-12,603332,1,1.0473381259873173,1,8500.0
470,2022-12-12,605069,2,1.020042873874643,1,8500.0
470,2022-12-12,605178,3,1.002715096907592,1,8500.0
470,2022-12-12,605081,4,0.9960578277468181,1,8500.0
470,2022-12-12,603048,5,0.9621890359334451,1,8500.0
470,2022-12-12,605298,6,0.9515674671424799,1,8500.0
470,2022-12-12,605303,7,0.9505180225229265,1,8500.0
470,2022-12-12,603788,8,0.9400794349025612,1,8500.0
470,2022-12-12,001296,9,0.9349116279513747,1,8500.0
470,2022-12-12,600168,10,0.9322843832932082,1,8500.0
470,2022-12-12,605122,11,0.9297419583711478,1,8500.0
470,2022-12-12,603768,12,0.9280723550889404,1,8500.0
470,2022-12-12,600969,13,0.9171861485661876,1,8500.0
470,2022-12-12,603656,14,0.9168763320395406,1,8500.0
470,2022-12-12,002406,15,0.9003796305127746,1,8500.0
470,2022-12-12,603980,16,0.8997359393857054,1,8500.0
470,2022-12-12,605488,17,0.8947276118843199,1,8500.0
470,2022-12-12,002521,18,0.8935569607825579,1,8500.0
470,2022-12-12,603928,19,0.890779905579377,1,8500.0
470,2022-12-12,002921,20,0.8872757161480318,1,8500.0
490,2023-01-10,605081,1,1.026447279769737,1,8500.0
490,2023-01-10,605178,2,0.9972704011607421,1,8500.0
490,2023-01-10,603332,3,0.9882954859589175,1,8500.0
490,2023-01-10,605122,4,0.9745167190873214,1,8500.0
490,2023-01-10,600751,5,0.948194732658816,1,8500.0
490,2023-01-10,605189,6,0.9281475149767285,1,8500.0
490,2023-01-10,605303,7,0.9224948939590188,1,8500.0
490,2023-01-10,001288,8,0.9163828884539751,1,8500.0
490,2023-01-10,600168,9,0.9069675931403344,1,8500.0
490,2023-01-10,000544,10,0.9052323294284893,1,8500.0
490,2023-01-10,603706,11,0.892342693571632,1,8500.0
490,2023-01-10,603980,12,0.8838145304239216,1,8500.0
490,2023-01-10,603139,13,0.8743162759380386,1,8500.0
490,2023-01-10,600608,14,0.8738346978178178,1,8500.0
490,2023-01-10,603458,15,0.8716826111251207,1,8500.0
490,2023-01-10,605180,16,0.8655928778014069,1,8500.0
490,2023-01-10,603656,17,0.8635158215210544,1,8500.0
490,2023-01-10,600854,18,0.8617666541234735,1,8500.0
490,2023-01-10,600382,19,0.8561483979153091,1,8500.0
490,2023-01-10,603797,20,0.8557003074117648,1,8500.0
510,2023-02-14,000668,1,1.0577507485634612,1,8500.0
510,2023-02-14,600052,2,0.9680335944307524,1,8500.0
510,2023-02-14,600269,3,0.9442124748984224,1,8500.0
510,2023-02-14,600333,4,0.9140053851214898,1,8500.0
510,2023-02-14,601366,5,0.9085208269594259,1,8500.0
510,2023-02-14,601107,6,0.9075636243398862,1,8500.0
510,2023-02-14,002692,7,0.9040029521006171,1,8500.0
510,2023-02-14,000608,8,0.8989266752877604,1,8500.0
510,2023-02-14,002742,9,0.8858447045111918,1,8500.0
510,2023-02-14,600159,10,0.8850593418453122,1,8500.0
510,2023-02-14,600792,11,0.8737972778192589,1,8500.0
510,2023-02-14,600628,12,0.8633010222603266,1,8500.0
510,2023-02-14,000036,13,0.8630276843494742,1,8500.0
510,2023-02-14,600694,14,0.860853091374702,1,8500.0
510,2023-02-14,000571,15,0.8582092974257245,1,8500.0
510,2023-02-14,000042,16,0.8557884569965001,1,8500.0
510,2023-02-14,600033,17,0.8533270181348576,1,8500.0
510,2023-02-14,605001,18,0.8498922053808616,1,8500.0
510,2023-02-14,600824,19,0.8483562599660017,1,8500.0
510,2023-02-14,000007,20,0.8464377874219321,1,8500.0
530,2023-03-14,003023,1,0.7402323567163532,0,8500.0
530,2023-03-14,600847,2,0.7356536164476567,0,8500.0
530,2023-03-14,000042,3,0.7038412041086796,0,8500.0
530,2023-03-14,603955,4,0.6474647046952443,0,8500.0
530,2023-03-14,603116,5,0.640492182590612,0,8500.0
530,2023-03-14,603810,6,0.6365441938236548,0,8500.0
530,2023-03-14,001218,7,0.6235627428070087,0,8500.0
530,2023-03-14,002910,8,0.6215774083729546,0,8500.0
530,2023-03-14,603937,9,0.6184428657745512,0,8500.0
530,2023-03-14,603201,10,0.6144790416635205,0,8500.0
550,2023-04-12,002394,1,0.987228520358804,1,8500.0
550,2023-04-12,000668,2,0.9661759562399026,1,8500.0
550,2023-04-12,605303,3,0.9558366725061463,1,8500.0
550,2023-04-12,001211,4,0.946232091238806,1,8500.0
550,2023-04-12,600051,5,0.937666062274308,1,8500.0
550,2023-04-12,605001,6,0.9294600047867265,1,8500.0
550,2023-04-12,605288,7,0.9286544314193526,1,8500.0
550,2023-04-12,001210,8,0.9244019016245896,1,8500.0
550,2023-04-12,001296,9,0.9216345148052529,1,8500.0
550,2023-04-12,003023,10,0.91790093377204,1,8500.0
550,2023-04-12,600969,11,0.917528830439163,1,8500.0
550,2023-04-12,605069,12,0.9133405015053161,1,8500.0
550,2023-04-12,605122,13,0.9128250486695699,1,8500.0
550,2023-04-12,001218,14,0.9095229996148416,1,8500.0
550,2023-04-12,603810,15,0.8901772900281644,1,8500.0
550,2023-04-12,002144,16,0.8877527148711598,1,8500.0
550,2023-04-12,600847,17,0.8860624014761412,1,8500.0
550,2023-04-12,001230,18,0.8838962405176556,1,8500.0
550,2023-04-12,603086,19,0.8833565731160108,1,8500.0
550,2023-04-12,001231,20,0.8831565302359634,1,8500.0
570,2023-05-15,002289,1,0.9659543967986064,0,8500.0
570,2023-05-15,603880,2,0.944451583285544,0,8500.0
570,2023-05-15,000007,3,0.8673756161800543,0,8500.0
570,2023-05-15,000637,4,0.8625535791288403,0,8500.0
570,2023-05-15,603585,5,0.8514240107253345,0,8500.0
570,2023-05-15,002136,6,0.8195152810008526,0,8500.0
570,2023-05-15,603559,7,0.7948138024007357,0,8500.0
570,2023-05-15,001331,8,0.7937377880995803,0,8500.0
570,2023-05-15,603048,9,0.7696763906744449,0,8500.0
570,2023-05-15,603011,10,0.7631838855992018,0,8500.0
590,2023-06-12,002586,1,0.8521120389707718,0,8500.0
590,2023-06-12,603001,2,0.8437158306987305,0,8500.0
590,2023-06-12,600608,3,0.8296139102330626,0,8500.0
590,2023-06-12,002748,4,0.804641018096276,0,8500.0
590,2023-06-12,603559,5,0.776328855999048,0,8500.0
590,2023-06-12,000626,6,0.772713834043099,0,8500.0
590,2023-06-12,603955,7,0.7704735090532593,0,8500.0
590,2023-06-12,000637,8,0.7611894216816733,0,8500.0
590,2023-06-12,000007,9,0.6999136321417244,0,8500.0
590,2023-06-12,603908,10,0.6704904623878363,0,8500.0
610,2023-07-12,002800,1,0.8980427715905048,0,8500.0
610,2023-07-12,600599,2,0.8564654789976442,0,8500.0
610,2023-07-12,603880,3,0.8264103043520662,0,8500.0
610,2023-07-12,002289,4,0.7982963810803777,0,8500.0
610,2023-07-12,002949,5,0.794083675464187,0,8500.0
610,2023-07-12,600853,6,0.7903052028107751,0,8500.0
610,2023-07-12,600280,7,0.7528325231453646,0,8500.0
610,2023-07-12,002968,8,0.7192913259678364,0,8500.0
610,2023-07-12,603716,9,0.7192400837516605,0,8500.0
610,2023-07-12,000042,10,0.7070149524947049,0,8500.0
630,2023-08-09,603880,1,1.0191572312872808,0,8500.0
630,2023-08-09,002951,2,0.9838885652070071,0,8500.0
630,2023-08-09,002289,3,0.9699386872597191,0,8500.0
630,2023-08-09,605081,4,0.8155361383525531,0,8500.0
630,2023-08-09,002022,5,0.7951173829716429,0,8500.0
630,2023-08-09,603217,6,0.7715553573508346,0,8500.0
630,2023-08-09,000546,7,0.7620092947010202,0,8500.0
630,2023-08-09,603150,8,0.7546229209804127,0,8500.0
630,2023-08-09,002645,9,0.747092181875578,0,8500.0
630,2023-08-09,603908,10,0.7423542866630828,0,8500.0
650,2023-09-06,002022,1,0.9798989972908513,1,8500.0
650,2023-09-06,002700,2,0.9547574853683952,1,8500.0
650,2023-09-06,002692,3,0.9445342870014758,1,8500.0
650,2023-09-06,003020,4,0.8974108899347968,1,8500.0
650,2023-09-06,600969,5,0.8913369638187314,1,8500.0
650,2023-09-06,603880,6,0.8809045363567888,1,8500.0
650,2023-09-06,601339,7,0.8594867581486035,1,8500.0
650,2023-09-06,603001,8,0.8108182433593396,1,8500.0
650,2023-09-06,603309,9,0.7975279632148082,1,8500.0
650,2023-09-06,000726,10,0.787938174125295,1,8500.0
650,2023-09-06,600666,11,0.7612923659430849,1,8500.0
650,2023-09-06,603787,12,0.7407351874183051,1,8500.0
650,2023-09-06,603117,13,0.7407189988734376,1,8500.0
650,2023-09-06,600051,14,0.7378845368892759,1,8500.0
650,2023-09-06,002358,15,0.7369425036852313,1,8500.0
650,2023-09-06,000007,16,0.7367421451856034,1,8500.0
650,2023-09-06,002772,17,0.7280697173108264,1,8500.0
650,2023-09-06,603987,18,0.7263810469648211,1,8500.0
650,2023-09-06,000501,19,0.7262824833595931,1,8500.0
650,2023-09-06,600644,20,0.725346475468252,1,8500.0
670,2023-10-12,600658,1,0.9186798353003138,1,8500.0
670,2023-10-12,002200,2,0.8967153542904508,1,8500.0
670,2023-10-12,600969,3,0.873138426785527,1,8500.0
670,2023-10-12,001230,4,0.8596520523678293,1,8500.0
670,2023-10-12,000042,5,0.8449430232257397,1,8500.0
670,2023-10-12,000007,6,0.831507515268113,1,8500.0
670,2023-10-12,600097,7,0.8297614652486877,1,8500.0
670,2023-10-12,600510,8,0.827018656992097,1,8500.0
670,2023-10-12,605122,9,0.811082261225001,1,8500.0
670,2023-10-12,600067,10,0.8061109742136928,1,8500.0
670,2023-10-12,600854,11,0.7940115684814986,1,8500.0
670,2023-10-12,600512,12,0.7929314347651301,1,8500.0
670,2023-10-12,000726,13,0.7917134353525607,1,8500.0
670,2023-10-12,603001,14,0.7817877433892284,1,8500.0
670,2023-10-12,600622,15,0.7798569252606674,1,8500.0
670,2023-10-12,603797,16,0.7755890114870497,1,8500.0
670,2023-10-12,605138,17,0.7754210835703393,1,8500.0
670,2023-10-12,001225,18,0.774792571373421,1,8500.0
670,2023-10-12,003011,19,0.7669810681167112,1,8500.0
670,2023-10-12,002772,20,0.7662229863328934,1,8500.0
690,2023-11-09,002200,1,0.8647367196990441,1,8500.0
690,2023-11-09,000906,2,0.8610666225197929,1,8500.0
690,2023-11-09,600694,3,0.8600230518818176,1,8500.0
690,2023-11-09,000501,4,0.8338330490882274,1,8500.0
690,2023-11-09,600790,5,0.8257712134630227,1,8500.0
690,2023-11-09,000498,6,0.8230057249758373,1,8500.0
690,2023-11-09,603007,7,0.8207377973529484,1,8500.0
690,2023-11-09,002807,8,0.8182970917361826,1,8500.0
690,2023-11-09,603458,9,0.8171416699937061,1,8500.0
690,2023-11-09,600969,10,0.8141825718633315,1,8500.0
690,2023-11-09,001225,11,0.8105131095886662,1,8500.0
690,2023-11-09,600051,12,0.7972287232734956,1,8500.0
690,2023-11-09,603076,13,0.7958356300289471,1,8500.0
690,2023-11-09,600419,14,0.7892403383479248,1,8500.0
690,2023-11-09,002951,15,0.7875246246243822,1,8500.0
690,2023-11-09,603199,16,0.7805964361421937,1,8500.0
690,2023-11-09,002391,17,0.7730059087575321,1,8500.0
690,2023-11-09,600279,18,0.7696721736390151,1,8500.0
690,2023-11-09,600496,19,0.7693094938288374,1,8500.0
690,2023-11-09,000900,20,0.7640198218798481,1,8500.0
710,2023-12-07,002808,1,0.8624672397718952,0,8500.0
710,2023-12-07,003011,2,0.8033254753623651,0,8500.0
710,2023-12-07,603076,3,0.7320285788408513,0,8500.0
710,2023-12-07,600748,4,0.7265832540645847,0,8500.0
710,2023-12-07,002742,5,0.7247591043437062,0,8500.0
710,2023-12-07,000965,6,0.687170578133522,0,8500.0
710,2023-12-07,000637,7,0.6757364834740575,0,8500.0
710,2023-12-07,002868,8,0.6743592746360688,0,8500.0
710,2023-12-07,603180,9,0.6722898766569056,0,8500.0
710,2023-12-07,603507,10,0.6348100063364175,0,8500.0
730,2024-01-05,000560,1,0.8023823759558791,0,8500.0
730,2024-01-05,600533,2,0.7752604237184052,0,8500.0
730,2024-01-05,600067,3,0.7738054385374739,0,8500.0
730,2024-01-05,000965,4,0.7145327183839546,0,8500.0
730,2024-01-05,600657,5,0.7120980467347858,0,8500.0
730,2024-01-05,600173,6,0.6903040945157205,0,8500.0
730,2024-01-05,000042,7,0.6787489077255743,0,8500.0
730,2024-01-05,600638,8,0.6744535621669223,0,8500.0
730,2024-01-05,603808,9,0.6707834599951189,0,8500.0
730,2024-01-05,603713,10,0.6616419402816988,0,8500.0
750,2024-02-02,605068,1,0.6372451878518043,0,8500.0
750,2024-02-02,603949,2,0.605738267692435,0,8500.0
750,2024-02-02,001288,3,0.5933877975202678,0,8500.0
750,2024-02-02,600051,4,0.5870519931226362,0,8500.0
750,2024-02-02,603968,5,0.5852093338568806,0,8500.0
750,2024-02-02,600173,6,0.5695478329127585,0,8500.0
750,2024-02-02,600658,7,0.5695427271691147,0,8500.0
750,2024-02-02,605177,8,0.5619945752998077,0,8500.0
750,2024-02-02,603585,9,0.5602941222499181,0,8500.0
750,2024-02-02,001231,10,0.5413573612050523,0,8500.0
770,2024-03-11,600671,1,1.1378065683175447,1,8500.0
770,2024-03-11,002951,2,1.109415893254564,1,8500.0
770,2024-03-11,603458,3,1.0984008384733879,1,8500.0
770,2024-03-11,600051,4,1.0902943852897418,1,8500.0
770,2024-03-11,600533,5,1.0287248542525746,1,8500.0
770,2024-03-11,603559,6,1.0136398357579672,1,8500.0
770,2024-03-11,600599,7,1.0134850844461205,1,8500.0
770,2024-03-11,000036,8,1.0062032336303979,1,8500.0
770,2024-03-11,000501,9,1.0033271400308412,1,8500.0
770,2024-03-11,603385,10,1.0016791314650813,1,8500.0
770,2024-03-11,002133,11,0.9960036861660964,1,8500.0
770,2024-03-11,603797,12,0.9955466503658839,1,8500.0
770,2024-03-11,000926,13,0.9836183625018671,1,8500.0
770,2024-03-11,000809,14,0.9830271476535772,1,8500.0
770,2024-03-11,603506,15,0.9819342222583654,1,8500.0
770,2024-03-11,600097,16,0.9796696640509549,1,8500.0
770,2024-03-11,002628,17,0.9700167219363511,1,8500.0
770,2024-03-11,000900,18,0.962605253697071,1,8500.0
770,2024-03-11,600865,19,0.9564591761189234,1,8500.0
770,2024-03-11,603980,20,0.9434858879289535,1,8500.0
790,2024-04-10,603001,1,1.102004090065288,0,8500.0
790,2024-04-10,600665,2,1.0288745081957988,0,8500.0
790,2024-04-10,603559,3,0.9488849764002203,0,8500.0
790,2024-04-10,000608,4,0.89241293012723,0,8500.0
790,2024-04-10,603385,5,0.8852778110930021,0,8500.0
790,2024-04-10,605068,6,0.8576700450898653,0,8500.0
790,2024-04-10,002808,7,0.8432190955420295,0,8500.0
790,2024-04-10,600076,8,0.7702585393967084,0,8500.0
790,2024-04-10,603880,9,0.7498229067317105,0,8500.0
790,2024-04-10,000514,10,0.7361971322890735,0,8500.0
810,2024-05-13,002808,1,1.2358903173416824,1,8500.0
810,2024-05-13,002289,2,1.0569143291877845,1,8500.0
810,2024-05-13,600671,3,1.0402198941188094,1,8500.0
810,2024-05-13,603880,4,1.0237297561631997,1,8500.0
810,2024-05-13,603608,5,0.9865151777686584,1,8500.0
810,2024-05-13,001225,6,0.9856698395806637,1,8500.0
810,2024-05-13,603458,7,0.9630041765338814,1,8500.0
810,2024-05-13,002628,8,0.9544562167573813,1,8500.0
810,2024-05-13,600117,9,0.9476049545067364,1,8500.0
810,2024-05-13,600668,10,0.9318740833745472,1,8500.0
810,2024-05-13,600051,11,0.9270330817457827,1,8500.0
810,2024-05-13,002200,12,0.9249597939828883,1,8500.0
810,2024-05-13,600493,13,0.9176759267064869,1,8500.0
810,2024-05-13,000726,14,0.895572954199084,1,8500.0
810,2024-05-13,603130,15,0.8849274805638857,1,8500.0
810,2024-05-13,605287,16,0.8838649351169161,1,8500.0
810,2024-05-13,000717,17,0.8768844243727401,1,8500.0
810,2024-05-13,600356,18,0.8675871856669869,1,8500.0
810,2024-05-13,603023,19,0.8647493421675185,1,8500.0
810,2024-05-13,603797,20,0.857581093564075,1,8500.0
830,2024-06-11,603608,1,0.871083276223085,0,8500.0
830,2024-06-11,600051,2,0.8406066544777783,0,8500.0
830,2024-06-11,603797,3,0.8354789556155973,0,8500.0
830,2024-06-11,603458,4,0.7663949717744205,0,8500.0
830,2024-06-11,603898,5,0.7141246799340006,0,8500.0
830,2024-06-11,002748,6,0.6854952971007717,0,8500.0
830,2024-06-11,000789,7,0.6832932838563824,0,8500.0
830,2024-06-11,600716,8,0.6761608451945613,0,8500.0
830,2024-06-11,002200,9,0.6756679907120199,0,8500.0
830,2024-06-11,600356,10,0.6728725585632188,0,8500.0
850,2024-07-09,603608,1,1.0687098680839688,0,8500.0
850,2024-07-09,600287,2,0.8651855161797541,0,8500.0
850,2024-07-09,603585,3,0.8095150607025834,0,8500.0
850,2024-07-09,605122,4,0.7956254376908377,0,8500.0
850,2024-07-09,001333,5,0.7931359664974786,0,8500.0
850,2024-07-09,603810,6,0.749481472721384,0,8500.0
850,2024-07-09,002133,7,0.7383038501925514,0,8500.0
850,2024-07-09,002289,8,0.7040600356666185,0,8500.0
850,2024-07-09,603333,9,0.6972685507363316,0,8500.0
850,2024-07-09,002259,10,0.6941998884385969,0,8500.0
870,2024-08-06,600287,1,1.192814761006129,0,8500.0
870,2024-08-06,002951,2,1.1085211666060082,0,8500.0
870,2024-08-06,603903,3,0.9814299517869346,0,8500.0
870,2024-08-06,002986,4,0.8492107855920168,0,8500.0
870,2024-08-06,002289,5,0.8102895635602243,0,8500.0
870,2024-08-06,001336,6,0.7551028073264815,0,8500.0
870,2024-08-06,002853,7,0.7480499250996175,0,8500.0
870,2024-08-06,002133,8,0.7401010543580073,0,8500.0
870,2024-08-06,002197,9,0.7333826951455323,0,8500.0
870,2024-08-06,603282,10,0.7301913475005832,0,8500.0
890,2024-09-03,603278,1,0.9283790860480648,0,8500.0
890,2024-09-03,002674,2,0.8801178639273183,0,8500.0
890,2024-09-03,603955,3,0.8187057691589724,0,8500.0
890,2024-09-03,605266,4,0.7904890318265989,0,8500.0
890,2024-09-03,603307,5,0.7763550635026732,0,8500.0
890,2024-09-03,605186,6,0.7149273880995188,0,8500.0
890,2024-09-03,000822,7,0.7114053629802644,0,8500.0
890,2024-09-03,605068,8,0.7043697343675906,0,8500.0
890,2024-09-03,603610,9,0.7033323456814816,0,8500.0
890,2024-09-03,603151,10,0.6983181547650138,0,8500.0
910,2024-10-10,603608,1,1.2131654899185313,1,8500.0
910,2024-10-10,603879,2,1.191226769766854,1,8500.0
910,2024-10-10,002316,3,1.1700659297258533,1,8500.0
910,2024-10-10,002748,4,1.1686303983777055,1,8500.0
910,2024-10-10,600303,5,1.1480922561814837,1,8500.0
910,2024-10-10,002808,6,1.1459142505958515,1,8500.0
910,2024-10-10,603023,7,1.1388682994009163,1,8500.0
910,2024-10-10,600608,8,1.0636240710260112,1,8500.0
910,2024-10-10,600234,9,1.038748664705173,1,8500.0
910,2024-10-10,600287,10,1.023100165984084,1,8500.0
910,2024-10-10,603819,11,1.0157510113572845,1,8500.0
910,2024-10-10,605177,12,1.012248508589378,1,8500.0
910,2024-10-10,002289,13,0.9675385666930704,1,8500.0
910,2024-10-10,603665,14,0.9448506841578393,1,8500.0
910,2024-10-10,600493,15,0.9412344029711845,1,8500.0
910,2024-10-10,600785,16,0.9330283074509327,1,8500.0
910,2024-10-10,603090,17,0.9003983779790893,1,8500.0
910,2024-10-10,603278,18,0.8946941407892611,1,8500.0
910,2024-10-10,603182,19,0.8876493943112315,1,8500.0
910,2024-10-10,002259,20,0.8820908482351342,1,8500.0
930,2024-11-07,605189,1,1.1603163991724517,1,8500.0
930,2024-11-07,603073,2,1.1033480951423484,1,8500.0
930,2024-11-07,603878,3,1.0968054696487721,1,8500.0
930,2024-11-07,605177,4,1.0905404541773553,1,8500.0
930,2024-11-07,603661,5,1.0884709381535607,1,8500.0
930,2024-11-07,603307,6,1.045030913369025,1,8500.0
930,2024-11-07,603518,7,1.0441184027876838,1,8500.0
930,2024-11-07,603216,8,1.0142060081103754,1,8500.0
930,2024-11-07,603639,9,1.0090042247380702,1,8500.0
930,2024-11-07,001218,10,1.0056673506826284,1,8500.0
930,2024-11-07,605033,11,0.9990517378684269,1,8500.0
930,2024-11-07,002521,12,0.9874528420631516,1,8500.0
930,2024-11-07,605001,13,0.9867822464423837,1,8500.0
930,2024-11-07,603511,14,0.9866708271067129,1,8500.0
930,2024-11-07,603836,15,0.9816406361234371,1,8500.0
930,2024-11-07,603700,16,0.9801405273597834,1,8500.0
930,2024-11-07,605151,17,0.9781583413487742,1,8500.0
930,2024-11-07,605566,18,0.976724153063694,1,8500.0
930,2024-11-07,003041,19,0.9694956576660019,1,8500.0
930,2024-11-07,001256,20,0.9567349639163532,1,8500.0
950,2024-12-05,603608,1,0.9950653866554349,1,8500.0
950,2024-12-05,603661,2,0.9438747240535903,1,8500.0
950,2024-12-05,605177,3,0.9397629884679171,1,8500.0
950,2024-12-05,605122,4,0.9076720718921618,1,8500.0
950,2024-12-05,002674,5,0.9013309118801686,1,8500.0
950,2024-12-05,605189,6,0.8793354801301313,1,8500.0
950,2024-12-05,605287,7,0.8651346407405633,1,8500.0
950,2024-12-05,603558,8,0.8644935520426871,1,8500.0
950,2024-12-05,001218,9,0.8493433017810623,1,8500.0
950,2024-12-05,002322,10,0.8456000964844544,1,8500.0
950,2024-12-05,600671,11,0.8421478465934574,1,8500.0
950,2024-12-05,002788,12,0.8400688716104283,1,8500.0
950,2024-12-05,603889,13,0.8388409108664043,1,8500.0
950,2024-12-05,603216,14,0.8318235535512185,1,8500.0
950,2024-12-05,600287,15,0.8161394046502441,1,8500.0
950,2024-12-05,603948,16,0.8155634693110451,1,8500.0
950,2024-12-05,605258,17,0.8124909169086858,1,8500.0
950,2024-12-05,605116,18,0.8094711060469181,1,8500.0
950,2024-12-05,605099,19,0.8037078351672943,1,8500.0
950,2024-12-05,002884,20,0.7975785750161347,1,8500.0
970,2025-01-03,600051,1,0.7812922882412939,0,8500.0
970,2025-01-03,603458,2,0.7671936880268652,0,8500.0
970,2025-01-03,001228,3,0.7183426139747944,0,8500.0
970,2025-01-03,603151,4,0.7050946542644458,0,8500.0
970,2025-01-03,002388,5,0.7006256534758272,0,8500.0
970,2025-01-03,603137,6,0.6978227599967759,0,8500.0
970,2025-01-03,600287,7,0.6560878597292517,0,8500.0
970,2025-01-03,603903,8,0.6513925783233061,0,8500.0
970,2025-01-03,600493,9,0.6505400825917784,0,8500.0
970,2025-01-03,002998,10,0.6443322782720331,0,8500.0
990,2025-02-10,603102,1,0.9929937850718024,1,8500.0
990,2025-02-10,002586,2,0.9313446880553362,1,8500.0
990,2025-02-10,605003,3,0.9133320907894487,1,8500.0
990,2025-02-10,603661,4,0.8983900758816263,1,8500.0
990,2025-02-10,600969,5,0.8907079475339356,1,8500.0
990,2025-02-10,605189,6,0.8736746750202156,1,8500.0
990,2025-02-10,603209,7,0.8486619932079189,1,8500.0
990,2025-02-10,603689,8,0.8476330253235397,1,8500.0
990,2025-02-10,000726,9,0.8461963687114089,1,8500.0
990,2025-02-10,001218,10,0.8446562788623354,1,8500.0
990,2025-02-10,603208,11,0.8383780424909052,1,8500.0
990,2025-02-10,000498,12,0.835207399431319,1,8500.0
990,2025-02-10,600780,13,0.8289286162868624,1,8500.0
990,2025-02-10,601366,14,0.8261765617736468,1,8500.0
990,2025-02-10,601199,15,0.8248830700415203,1,8500.0
990,2025-02-10,000707,16,0.8245273574662819,1,8500.0
990,2025-02-10,600608,17,0.8175910501308875,1,8500.0
990,2025-02-10,000822,18,0.8166583329319592,1,8500.0
990,2025-02-10,600123,19,0.8036108753407318,1,8500.0
990,2025-02-10,603759,20,0.8033413543816199,1,8500.0
1010,2025-03-10,600308,1,1.012656642665264,1,8500.0
1010,2025-03-10,600697,2,0.9644789837091224,1,8500.0
1010,2025-03-10,600287,3,0.963302712085825,1,8500.0
1010,2025-03-10,600716,4,0.941345746174974,1,8500.0
1010,2025-03-10,000498,5,0.9387720671152127,1,8500.0
1010,2025-03-10,601366,6,0.9285769407847382,1,8500.0
1010,2025-03-10,600790,7,0.9279359799587923,1,8500.0
1010,2025-03-10,002586,8,0.9227623986183296,1,8500.0
1010,2025-03-10,000900,9,0.9209519122676298,1,8500.0
1010,2025-03-10,600356,10,0.9199638431334249,1,8500.0
1010,2025-03-10,603797,11,0.9138666282869312,1,8500.0
1010,2025-03-10,600512,12,0.8991953180807197,1,8500.0
1010,2025-03-10,603001,13,0.898518581822971,1,8500.0
1010,2025-03-10,600502,14,0.8962151899601726,1,8500.0
1010,2025-03-10,601199,15,0.8947487547539765,1,8500.0
1010,2025-03-10,001218,16,0.8928351244032793,1,8500.0
1010,2025-03-10,600939,17,0.8867929885049042,1,8500.0
1010,2025-03-10,603639,18,0.8826405886493014,1,8500.0
1010,2025-03-10,001227,19,0.8778708774868249,1,8500.0
1010,2025-03-10,601860,20,0.8768538622339687,1,8500.0
1030,2025-04-08,000668,1,1.1189609669872724,0,8500.0
1030,2025-04-08,002898,2,0.822067801113718,0,8500.0
1030,2025-04-08,002199,3,0.7837841233400831,0,8500.0
1030,2025-04-08,600130,4,0.7253194741745866,0,8500.0
1030,2025-04-08,002628,5,0.7225721349943396,0,8500.0
1030,2025-04-08,000926,6,0.7221872351037764,0,8500.0
1030,2025-04-08,002963,7,0.7205711018128567,0,8500.0
1030,2025-04-08,603201,8,0.697892832589945,0,8500.0
1030,2025-04-08,000004,9,0.6954588754227428,0,8500.0
1030,2025-04-08,600716,10,0.6680158925014805,0,8500.0
1050,2025-05-09,600508,1,1.081870960233202,1,8500.0
1050,2025-05-09,600971,2,1.0561382436239926,1,8500.0
1050,2025-05-09,600123,3,0.9737004282454771,1,8500.0
1050,2025-05-09,600740,4,0.9332177895025568,1,8500.0
1050,2025-05-09,002253,5,0.9302388332629175,1,8500.0
1050,2025-05-09,002918,6,0.9235528416524478,1,8500.0
1050,2025-05-09,002898,7,0.9205404288763752,1,8500.0
1050,2025-05-09,000820,8,0.9104719032882137,1,8500.0
1050,2025-05-09,000504,9,0.8974802525181842,1,8500.0
1050,2025-05-09,603208,10,0.8830157310873225,1,8500.0
1050,2025-05-09,605007,11,0.8794843059316381,1,8500.0
1050,2025-05-09,000498,12,0.8707946456545838,1,8500.0
1050,2025-05-09,000090,13,0.8613800938135289,1,8500.0
1050,2025-05-09,600075,14,0.8567209035851446,1,8500.0
1050,2025-05-09,603878,15,0.8495141334099096,1,8500.0
1050,2025-05-09,603096,16,0.8470288480268843,1,8500.0
1050,2025-05-09,600551,17,0.8457037175551295,1,8500.0
1050,2025-05-09,002986,18,0.8454658556557233,1,8500.0
1050,2025-05-09,000638,19,0.8447559975599841,1,8500.0
1050,2025-05-09,600997,20,0.8414246114134292,1,8500.0
1070,2025-06-09,000090,1,0.9510957856596565,1,8500.0
1070,2025-06-09,600748,2,0.9158072669121718,1,8500.0
1070,2025-06-09,600853,3,0.902478066488772,1,8500.0
1070,2025-06-09,600971,4,0.9015975058454797,1,8500.0
1070,2025-06-09,603165,5,0.8955610259723845,1,8500.0
1070,2025-06-09,600123,6,0.888516840807146,1,8500.0
1070,2025-06-09,002208,7,0.8806922366225004,1,8500.0
1070,2025-06-09,600894,8,0.8712968099712352,1,8500.0
1070,2025-06-09,600508,9,0.8536234695842644,1,8500.0
1070,2025-06-09,600955,10,0.8534470400683122,1,8500.0
1070,2025-06-09,600248,11,0.8436455259730975,1,8500.0
1070,2025-06-09,002918,12,0.8418747777811878,1,8500.0
1070,2025-06-09,002282,13,0.8392154761510097,1,8500.0
1070,2025-06-09,002187,14,0.8344088077142504,1,8500.0
1070,2025-06-09,603661,15,0.8332442636885342,1,8500.0
1070,2025-06-09,600997,16,0.8271271349134958,1,8500.0
1070,2025-06-09,603190,17,0.8269242096405751,1,8500.0
1070,2025-06-09,603060,18,0.8225019624790963,1,8500.0
1070,2025-06-09,603889,19,0.8207224904665267,1,8500.0
1070,2025-06-09,601366,20,0.8180464162251371,1,8500.0
1090,2025-07-07,603813,1,0.9332795188148366,1,8500.0
1090,2025-07-07,003004,2,0.9157495988490206,1,8500.0
1090,2025-07-07,002187,3,0.9008934285402944,1,8500.0
1090,2025-07-07,600215,4,0.890901783972786,1,8500.0
1090,2025-07-07,000910,5,0.8588923775111544,1,8500.0
1090,2025-07-07,603801,6,0.8467053325478364,1,8500.0
1090,2025-07-07,000498,7,0.7915682845399106,1,8500.0
1090,2025-07-07,605108,8,0.7864011156268325,1,8500.0
1090,2025-07-07,002088,9,0.7846691425706706,1,8500.0
1090,2025-07-07,002016,10,0.7778051334583125,1,8500.0
1090,2025-07-07,002918,11,0.7776951446249719,1,8500.0
1090,2025-07-07,600696,12,0.7775867323413301,1,8500.0
1090,2025-07-07,603035,13,0.7735634196611569,1,8500.0
1090,2025-07-07,600865,14,0.7716707332850191,1,8500.0
1090,2025-07-07,000501,15,0.7697776606193971,1,8500.0
1090,2025-07-07,600693,16,0.7686567090447471,1,8500.0
1090,2025-07-07,003012,17,0.7685932142220335,1,8500.0
1090,2025-07-07,601512,18,0.7681742707219538,1,8500.0
1090,2025-07-07,605377,19,0.7654467868194859,1,8500.0
1090,2025-07-07,600694,20,0.7633317317301512,1,8500.0
1110,2025-08-04,003004,1,1.171446114847067,1,8500.0
1110,2025-08-04,002231,2,1.145238928238069,1,8500.0
1110,2025-08-04,603580,3,1.0011071527239068,1,8500.0
1110,2025-08-04,600355,4,0.9372751129604284,1,8500.0
1110,2025-08-04,600308,5,0.9295718727647444,1,8500.0
1110,2025-08-04,002574,6,0.9251347495544303,1,8500.0
1110,2025-08-04,000809,7,0.9141928483981768,1,8500.0
1110,2025-08-04,000498,8,0.8644805816207092,1,8500.0
1110,2025-08-04,002016,9,0.8615745638018386,1,8500.0
1110,2025-08-04,600697,10,0.8563228781100324,1,8500.0
1110,2025-08-04,002253,11,0.8503899132621691,1,8500.0
1110,2025-08-04,002700,12,0.8463423930217406,1,8500.0
1110,2025-08-04,600865,13,0.8442384668812648,1,8500.0
1110,2025-08-04,000910,14,0.8418274491107054,1,8500.0
1110,2025-08-04,000096,15,0.8382334036862978,1,8500.0
1110,2025-08-04,003032,16,0.8362686035000655,1,8500.0
1110,2025-08-04,002991,17,0.8321360313598813,1,8500.0
1110,2025-08-04,002029,18,0.8279093760498464,1,8500.0
1110,2025-08-04,002586,19,0.827291270180997,1,8500.0
1110,2025-08-04,603886,20,0.8265784415861556,1,8500.0
1130,2025-09-01,000809,1,1.0486644633823572,1,8500.0
1130,2025-09-01,600969,2,0.9932119978039601,1,8500.0
1130,2025-09-01,002700,3,0.9730080859618875,1,8500.0
1130,2025-09-01,601528,4,0.9302358775782833,1,8500.0
1130,2025-09-01,600368,5,0.9066078066849869,1,8500.0
1130,2025-09-01,600971,6,0.9045722258297914,1,8500.0
1130,2025-09-01,002809,7,0.9028793242527524,1,8500.0
1130,2025-09-01,600279,8,0.897332478791184,1,8500.0
1130,2025-09-01,600051,9,0.8941202656372427,1,8500.0
1130,2025-09-01,603580,10,0.8920837849628755,1,8500.0
1130,2025-09-01,600269,11,0.8886342547264104,1,8500.0
1130,2025-09-01,601113,12,0.8848525748040684,1,8500.0
1130,2025-09-01,603102,13,0.8834437426420633,1,8500.0
1130,2025-09-01,600508,14,0.8804596185216124,1,8500.0
1130,2025-09-01,603385,15,0.8799932270565844,1,8500.0
1130,2025-09-01,603180,16,0.8798200125372351,1,8500.0
1130,2025-09-01,601368,17,0.8772103652663855,1,8500.0
1130,2025-09-01,000605,18,0.8726479787142686,1,8500.0
1130,2025-09-01,603559,19,0.8701083909648507,1,8500.0
1130,2025-09-01,002641,20,0.8665686594785718,1,8500.0
1150,2025-09-29,600035,1,1.0522869701121678,1,8500.0
1150,2025-09-29,600969,2,0.9962656150247641,1,8500.0
1150,2025-09-29,603365,3,0.9630104352621511,1,8500.0
1150,2025-09-29,600051,4,0.9515127425894158,1,8500.0
1150,2025-09-29,600694,5,0.9412273298784676,1,8500.0
1150,2025-09-29,000900,6,0.9362976085406974,1,8500.0
1150,2025-09-29,002661,7,0.9283388961697796,1,8500.0
1150,2025-09-29,603385,8,0.9249849276222266,1,8500.0
1150,2025-09-29,000820,9,0.9170126829041165,1,8500.0
1150,2025-09-29,603323,10,0.9013772214527042,1,8500.0
1150,2025-09-29,000726,11,0.8924558288322267,1,8500.0
1150,2025-09-29,601528,12,0.8896201615631109,1,8500.0
1150,2025-09-29,000498,13,0.8844425486063705,1,8500.0
1150,2025-09-29,000789,14,0.8786379061749596,1,8500.0
1150,2025-09-29,001277,15,0.8778664895899344,1,8500.0
1150,2025-09-29,000507,16,0.8710179187496053,1,8500.0
1150,2025-09-29,002700,17,0.8632928565834488,1,8500.0
1150,2025-09-29,603209,18,0.8583577350682934,1,8500.0
1150,2025-09-29,002282,19,0.8573355635671086,1,8500.0
1150,2025-09-29,600780,20,0.8568900878194193,1,8500.0
1170,2025-11-04,603900,1,0.827475173482435,0,8500.0
1170,2025-11-04,605259,2,0.7421315928433415,0,8500.0
1170,2025-11-04,603551,3,0.7333620385395745,0,8500.0
1170,2025-11-04,600696,4,0.7063905328844747,0,8500.0
1170,2025-11-04,000526,5,0.7024247844314849,0,8500.0
1170,2025-11-04,002628,6,0.700486942849087,0,8500.0
1170,2025-11-04,001268,7,0.6789763682077294,0,8500.0
1170,2025-11-04,002852,8,0.6721763974919734,0,8500.0
1170,2025-11-04,001226,9,0.6578023517892971,0,8500.0
1170,2025-11-04,603325,10,0.6462090535775236,0,8500.0
1190,2025-12-02,605169,1,0.7490265466747148,0,8500.0
1190,2025-12-02,002628,2,0.746570024031533,0,8500.0
1190,2025-12-02,600603,3,0.7438622254015017,0,8500.0
1190,2025-12-02,603151,4,0.7333463481485994,0,8500.0
1190,2025-12-02,002857,5,0.7222529132527885,0,8500.0
1190,2025-12-02,603307,6,0.697519741165905,0,8500.0
1190,2025-12-02,603900,7,0.6876030779637232,0,8500.0
1190,2025-12-02,600727,8,0.6796829745515539,0,8500.0
1190,2025-12-02,603968,9,0.6784902808410773,0,8500.0
1190,2025-12-02,001333,10,0.6686626150047228,0,8500.0
1210,2025-12-30,000789,1,0.9591717569691938,1,8500.0
1210,2025-12-30,600035,2,0.9279871989462285,1,8500.0
1210,2025-12-30,603801,3,0.9050440451602814,1,8500.0
1210,2025-12-30,000779,4,0.8936757873756848,1,8500.0
1210,2025-12-30,603689,5,0.881409292413271,1,8500.0
1210,2025-12-30,000900,6,0.8769878162611408,1,8500.0
1210,2025-12-30,603811,7,0.8689286727036686,1,8500.0
1210,2025-12-30,600997,8,0.8631576307922628,1,8500.0
1210,2025-12-30,600971,9,0.8611263191489638,1,8500.0
1210,2025-12-30,001277,10,0.8561295767146175,1,8500.0
1210,2025-12-30,600668,11,0.8557025864762291,1,8500.0
1210,2025-12-30,600928,12,0.8499375699249234,1,8500.0
1210,2025-12-30,000910,13,0.8479060672447243,1,8500.0
1210,2025-12-30,603310,14,0.847414378309377,1,8500.0
1210,2025-12-30,605266,15,0.8462886757283431,1,8500.0
1210,2025-12-30,600551,16,0.8454232356233594,1,8500.0
1210,2025-12-30,000731,17,0.8449234989921174,1,8500.0
1210,2025-12-30,601199,18,0.8430098686383859,1,8500.0
1210,2025-12-30,600248,19,0.8400165084796858,1,8500.0
1210,2025-12-30,605080,20,0.8326806295841871,1,8500.0
1230,2026-01-29,000638,1,1.3986456359115589,1,8500.0
1230,2026-01-29,600035,2,0.9398007694052637,1,8500.0
1230,2026-01-29,603518,3,0.9397807339167441,1,8500.0
1230,2026-01-29,603137,4,0.9353612716315618,1,8500.0
1230,2026-01-29,600356,5,0.9353455054728429,1,8500.0
1230,2026-01-29,605500,6,0.9309187276858794,1,8500.0
1230,2026-01-29,603385,7,0.9291011444974124,1,8500.0
1230,2026-01-29,000789,8,0.9098290658837331,1,8500.0
1230,2026-01-29,601528,9,0.8956068828926628,1,8500.0
1230,2026-01-29,603180,10,0.8880561203655977,1,8500.0
1230,2026-01-29,603817,11,0.8878152153965516,1,8500.0
1230,2026-01-29,603237,12,0.8856133071523984,1,8500.0
1230,2026-01-29,605259,13,0.8848971582959738,1,8500.0
1230,2026-01-29,000910,14,0.8842364924603817,1,8500.0
1230,2026-01-29,603535,15,0.8817973756404468,1,8500.0
1230,2026-01-29,600051,16,0.8789919738331914,1,8500.0
1230,2026-01-29,603201,17,0.8727003197649141,1,8500.0
1230,2026-01-29,001205,18,0.8637708084638782,1,8500.0
1230,2026-01-29,603357,19,0.8605960915658236,1,8500.0
1230,2026-01-29,600168,20,0.8585357611108329,1,8500.0
1250,2026-03-06,000638,1,1.149211703375777,0,8500.0
1250,2026-03-06,002808,2,0.9333785825027698,0,8500.0
1250,2026-03-06,000004,3,0.927204025425676,0,8500.0
1250,2026-03-06,600327,4,0.9190104163252413,0,8500.0
1250,2026-03-06,600608,5,0.9117652459034286,0,8500.0
1250,2026-03-06,000055,6,0.9037535092981117,0,8500.0
1250,2026-03-06,002543,7,0.8839521092842962,0,8500.0
1250,2026-03-06,002898,8,0.8743886843540274,0,8500.0
1250,2026-03-06,002614,9,0.792910220813711,0,8500.0
1250,2026-03-06,002038,10,0.7458188101144829,0,8500.0
1270,2026-04-03,000004,1,0.885410920153383,0,8500.0
1270,2026-04-03,603813,2,0.811754129128252,0,8500.0
1270,2026-04-03,600608,3,0.8035913950184554,0,8500.0
1270,2026-04-03,000055,4,0.7849440456131539,0,8500.0
1270,2026-04-03,001277,5,0.7675721876481392,0,8500.0
1270,2026-04-03,603633,6,0.7158954821780061,0,8500.0
1270,2026-04-03,603385,7,0.7048938924683267,0,8500.0
1270,2026-04-03,603677,8,0.692403872024273,0,8500.0
1270,2026-04-03,603836,9,0.6566873684295899,0,8500.0
1270,2026-04-03,002918,10,0.649246421815131,0,8500.0
1290,2026-05-07,000789,1,1.1629360630486578,1,8500.0
1290,2026-05-07,000726,2,1.039987694076001,1,8500.0
1290,2026-05-07,601528,3,1.010006363284689,1,8500.0
1290,2026-05-07,002462,4,0.9838838691409331,1,8500.0
1290,2026-05-07,600269,5,0.9730708146628795,1,8500.0
1290,2026-05-07,000501,6,0.9640217017180968,1,8500.0
1290,2026-05-07,000910,7,0.9526332329111453,1,8500.0
1290,2026-05-07,002367,8,0.9516692819248701,1,8500.0
1290,2026-05-07,603759,9,0.9481882976571452,1,8500.0
1290,2026-05-07,603086,10,0.9373033918803574,1,8500.0
1290,2026-05-07,002110,11,0.9361961232592942,1,8500.0
1290,2026-05-07,605368,12,0.9289491364035422,1,8500.0
1290,2026-05-07,002101,13,0.9224928133046421,1,8500.0
1290,2026-05-07,001390,14,0.9180571966095288,1,8500.0
1290,2026-05-07,000498,15,0.9096745545473127,1,8500.0
1290,2026-05-07,000090,16,0.9036403243491505,1,8500.0
1290,2026-05-07,000521,17,0.9003436022348983,1,8500.0
1290,2026-05-07,001206,18,0.8971276261108121,1,8500.0
1290,2026-05-07,001333,19,0.8839148485321432,1,8500.0
1290,2026-05-07,600035,20,0.8836412764835603,1,8500.0
1310,2026-06-04,000910,1,0.773887467745262,0,8500.0
1310,2026-06-04,600067,2,0.7523493040072657,0,8500.0
1310,2026-06-04,002753,3,0.6944541455812735,0,8500.0
1310,2026-06-04,002225,4,0.6588615995988545,0,8500.0
1310,2026-06-04,002582,5,0.6582006104278734,0,8500.0
1310,2026-06-04,603081,6,0.6568144284970461,0,8500.0
1310,2026-06-04,603535,7,0.6520589282989669,0,8500.0
1310,2026-06-04,000407,8,0.6441070557724957,0,8500.0
1310,2026-06-04,603036,9,0.6343817539313585,0,8500.0
1310,2026-06-04,002278,10,0.624061625948332,0,8500.0
1330,2026-07-03,000789,1,0.9375101860117836,1,8500.0
1330,2026-07-03,601528,2,0.9285119802030594,1,8500.0
1330,2026-07-03,000910,3,0.9275252210294609,1,8500.0
1330,2026-07-03,000498,4,0.8886563353572987,1,8500.0
1330,2026-07-03,000507,5,0.8757077124189158,1,8500.0
1330,2026-07-03,600853,6,0.8733691677650974,1,8500.0
1330,2026-07-03,600035,7,0.8695401136778549,1,8500.0
1330,2026-07-03,600051,8,0.8642234954461632,1,8500.0
1330,2026-07-03,600284,9,0.863198067695104,1,8500.0
1330,2026-07-03,603801,10,0.8585879524526245,1,8500.0
1330,2026-07-03,002133,11,0.8585842647275825,1,8500.0
1330,2026-07-03,000726,12,0.8529612800881505,1,8500.0
1330,2026-07-03,002614,13,0.8515721821987239,1,8500.0
1330,2026-07-03,603357,14,0.8394261454571765,1,8500.0
1330,2026-07-03,002144,15,0.8389330583370488,1,8500.0
1330,2026-07-03,000655,16,0.836150165735606,1,8500.0
1330,2026-07-03,001227,17,0.8345035650730604,1,8500.0
1330,2026-07-03,002375,18,0.8297388451451798,1,8500.0
1330,2026-07-03,002282,19,0.8218423588642465,1,8500.0
1330,2026-07-03,002758,20,0.817806828345221,1,8500.0
1350,2026-07-31,002586,1,0.8317343629994938,0,8500.0
1350,2026-07-31,603829,2,0.8143319245189113,0,8500.0
1350,2026-07-31,603095,3,0.7570650326790587,0,8500.0
1350,2026-07-31,003037,4,0.7553444800780057,0,8500.0
1350,2026-07-31,603677,5,0.7260269742550773,0,8500.0
1350,2026-07-31,605088,6,0.7226548314453629,0,8500.0
1350,2026-07-31,603320,7,0.7150347630785766,0,8500.0
1350,2026-07-31,600067,8,0.706289902145609,0,8500.0
1350,2026-07-31,001238,9,0.6917594463310589,0,8500.0
1350,2026-07-31,002144,10,0.682214135530799,0,8500.0
1370,2026-08-28,603230,1,0.9570139904553301,1,8500.0
1370,2026-08-28,605259,2,0.942259080716603,1,8500.0
1370,2026-08-28,603586,3,0.8886559463984051,1,8500.0
1370,2026-08-28,605088,4,0.8801262002743191,1,8500.0
1370,2026-08-28,000521,5,0.8692432849323185,1,8500.0
1370,2026-08-28,603357,6,0.8528727086568646,1,8500.0
1370,2026-08-28,000531,7,0.8514656205736857,1,8500.0
1370,2026-08-28,603239,8,0.8455288312478121,1,8500.0
1370,2026-08-28,000789,9,0.8416539468043561,1,8500.0
1370,2026-08-28,603788,10,0.8273230438892248,1,8500.0
1370,2026-08-28,603107,11,0.8253622949491487,1,8500.0
1370,2026-08-28,603187,12,0.8249499457966437,1,8500.0
1370,2026-08-28,000726,13,0.8195541979399836,1,8500.0
1370,2026-08-28,002959,14,0.8164213053449552,1,8500.0
1370,2026-08-28,603153,15,0.8156170407261718,1,8500.0
1370,2026-08-28,600668,16,0.8078177741091489,1,8500.0
1370,2026-08-28,603949,17,0.8016143254701913,1,8500.0
1370,2026-08-28,603350,18,0.8015325453015305,1,8500.0
1370,2026-08-28,603235,19,0.7989840134602229,1,8500.0
1370,2026-08-28,603310,20,0.79797208933803,1,8500.0
