code,date,regime,rsi,fwd20
600529,2021-02-05,weak,29.296874999999986,-0.0135512820512818
600121,2021-02-09,weak,28.40095465393796,0.2551666666666668
600316,2021-02-09,weak,31.339712918660283,-0.2264184149184149
600198,2021-02-10,bull,17.049180327868854,0.17015137614678905
002893,2021-04-27,weak,28.67513611615246,0.2521072572038419
000868,2021-05-17,bull,30.603448275862064,-0.009078692493946706
600918,2021-05-18,bull,29.122055674518208,-0.09475791855203634
603218,2021-05-20,weak,21.376571806750476,0.11049999999999989
603218,2021-05-21,weak,22.19931271477664,0.12275196850393695
603882,2021-07-20,weak,26.909722222222257,-0.10855035971223019
600732,2021-07-30,bear,33.720930232558146,0.01999606299212615
603836,2021-07-30,bear,23.8568588469185,0.03961821086261981
002833,2021-08-02,bear,31.6840277777778,0.15677672172016194
603259,2021-08-24,bear,25.815921257123193,0.1390779683074333
600298,2021-09-01,bear,30.06939090208175,0.157315943728019
002900,2021-09-06,bear,30.21664766248574,0.2751028708133974
002163,2021-10-08,bear,21.235521235521233,-0.025288098693759076
002674,2021-10-08,bear,27.352941176470594,-0.0962457627118644
000422,2021-10-12,bear,34.51374207188161,0.3355297029702973
000837,2021-10-14,bear,32.60530421216846,0.0030322434150774173
000933,2021-10-14,bear,15.327564894931982,-0.226621512151215
002006,2021-10-14,bear,27.459016393442596,0.18407625145518042
002080,2021-10-14,bear,29.55575702629193,0.01612951334379893
002114,2021-10-14,bear,28.199566160520604,-0.09173952095808384
002171,2021-10-14,bear,16.348195329086963,0.1144765625
002455,2021-10-14,bear,30.65187239944524,0.08068950064020493
002610,2021-10-14,bear,27.639751552795005,0.1796421911421911
002617,2021-10-14,bear,30.016051364365993,0.3978023255813952
600869,2021-10-14,bear,32.38434163701068,0.0486769911504424
600961,2021-10-14,bear,27.579365079365047,-0.13858333333333323
000531,2021-10-27,bear,34.75609756097562,-0.022749999999999982
002558,2021-10-29,bear,32.8413284132842,0.017763370332996752
605162,2021-11-01,bear,27.948717948717956,0.023838345864661447
605169,2021-11-01,bear,32.90780141843969,0.07988840070298793
600238,2021-11-04,bear,33.211009174311926,0.039881215469613165
600165,2021-11-09,bear,30.745814307458147,-0.08680454042081946
601865,2021-11-17,bear,33.86727688787187,0.05113269639065805
600057,2021-12-09,bear,34.838709677419345,0.10622151898734174
003008,2021-12-16,bear,32.22591362126241,0.004336357637743381
000422,2021-12-28,bear,33.79583746283454,-0.18242429168601942
002460,2021-12-28,bear,32.521026525770935,-0.02738652482269548
003008,2022-01-12,bear,32.19844357976652,-0.12334625078764953
002141,2022-01-24,bear,34.634146341463406,0.01924141048824597
003037,2022-02-07,bear,30.14492753623189,-0.02709633027522922
002605,2022-02-09,bear,33.1219168428471,-0.2516606425702808
000887,2022-02-15,bear,27.07275803722503,-0.2442365728900257
002036,2022-02-15,bear,28.94265232974908,-0.23753106588109257
002349,2022-02-15,bear,34.1833636915604,0.02748916967509014
002870,2022-02-15,bear,31.43120110446388,-0.08271212121212128
002177,2022-02-17,bear,33.38709677419355,-0.06686912751677858
002177,2022-02-18,bear,34.042553191489375,-0.04750654664484459
603899,2022-03-09,bear,33.019551049963795,-0.1483065967016492
605555,2022-03-17,bear,22.902270483711618,0.016698074277853813
002637,2022-03-18,bear,32.43606998654106,-0.039104166666666426
603239,2022-03-23,bear,31.972789115646265,-0.14303846153846173
603239,2022-03-24,bear,31.864406779661024,-0.22754938271604946
002935,2022-04-08,bear,27.729468599033822,-0.22670236920039483
000815,2022-04-15,bear,28.03617571059432,-0.06059983633387904
603197,2022-04-15,bear,28.547392035894575,0.0296111111111111
603305,2022-04-15,bear,28.436426116838447,0.21595826187050388
603348,2022-04-15,bear,27.99361362426822,0.4406398235870635
603997,2022-04-15,bear,22.0,0.08771671018276768
002132,2022-04-19,bear,32.903225806451616,0.17260041841004164
002549,2022-04-19,bear,30.30303030303031,0.03713013698630137
603209,2022-04-25,bear,31.657142857142844,0.10802380952380959
002980,2022-04-26,bear,31.73241852487135,-0.011101434834595404
000023,2022-04-27,bear,13.122923588039868,0.16655383022774323
000789,2022-04-27,bear,27.69607843137254,0.0009003542958370796
002596,2022-04-27,bear,30.966469428007883,0.0056428571428571266
002738,2022-04-27,bear,32.27928155831016,0.36000196025415715
002756,2022-04-27,bear,27.229660144181253,0.25293391671048476
600211,2022-04-27,bear,24.71556903782144,0.11249505256648103
600993,2022-04-27,bear,29.887920298879237,0.05223056994818649
603289,2022-04-27,bear,21.714285714285737,0.14108511979823485
603843,2022-04-27,bear,27.639751552795047,0.09811968680089496
002125,2022-04-28,bear,27.515723270440276,0.08524418604651147
603396,2022-04-28,bear,27.125506072874472,0.20512360034453053
603963,2022-05-09,bear,34.394341290892996,-0.0115
002960,2022-05-10,bear,32.64248704663214,0.20982619597550306
603208,2022-05-10,bear,30.433581883457606,-0.05419662921348316
603319,2022-05-17,bear,34.52380952380955,0.49597756831566514
600657,2022-06-07,bear,30.04115226337447,0.21011172161172148
603229,2022-06-16,bear,23.18634423897582,0.641125152625153
003038,2022-07-13,bear,26.895002807411515,0.22230878951426375
603297,2022-07-14,bear,34.59736783403976,0.15392056074766353
001270,2022-07-15,bear,31.880733944954144,0.21655280528052795
002338,2022-09-02,bear,27.20207253886008,-0.058692071731948944
603217,2022-09-02,bear,20.16806722689074,-0.22922754312908972
002438,2022-09-08,bear,30.59701492537313,-0.18862177121771223
002648,2022-09-20,bear,31.62393162393161,-0.10932330703517561
000812,2022-09-27,bear,30.833333333333343,-0.03177027027027039
603612,2022-10-11,bear,22.379986477349604,0.06984453781512608
000670,2022-10-12,bear,31.793478260869577,0.20042052980132447
002206,2022-10-12,bear,25.806451612903203,0.12159982486865147
002387,2022-10-12,bear,34.536082474226816,0.09784744268077612
002463,2022-10-12,bear,28.77192982456144,0.22957142857142837
600353,2022-10-12,bear,33.797909407665514,0.2141846081208692
603005,2022-10-12,bear,27.478260869565304,0.12403895410885853
603068,2022-10-12,bear,32.67211201866971,0.0511200537840953
603097,2022-10-12,bear,33.01787592008412,0.05858633824276256
603916,2022-10-12,bear,27.69230769230765,-0.09109905660377375
603936,2022-10-12,bear,34.92063492063495,0.09512080825451415
600353,2022-10-17,bear,32.39999999999999,0.14875641025641012
603603,2022-10-17,bear,31.353135313531354,-0.013441747572815622
002554,2022-10-19,bear,34.61538461538464,0.0014870129870128805
002336,2022-11-01,bear,31.27572016460907,0.15265662650602413
002824,2022-11-01,bear,34.035326086956516,-0.013467213114754007
603008,2022-11-01,bear,20.786516853932582,0.24713557858376506
605138,2022-11-24,bear,34.01360544217677,-0.012397666068222391
000595,2022-12-20,bear,31.791907514450898,-0.07929661016949156
003027,2022-12-20,bear,28.50435949027498,0.04887037037037063
002580,2022-12-26,bear,27.217125382262992,0.12018724279835376
002598,2022-12-26,bear,27.111111111111114,0.05609098786828433
002996,2022-12-26,bear,34.745762711864316,0.10315451784358383
600586,2022-12-26,bear,29.900332225913644,0.3450121412803529
603396,2022-12-26,bear,33.681726230613606,0.12795494721335615
603507,2022-12-26,bear,24.704956726986623,0.14306110154905355
603787,2022-12-26,bear,34.85477178423238,0.0412165142549757
603612,2022-12-27,bear,21.753607103218684,0.06019811320754738
600664,2023-01-03,bear,30.496453900709227,-0.05405319148936176
600664,2023-01-05,bear,31.538461538461533,-0.014664556962025444
001236,2023-02-20,weak,22.1092757306226,-0.026830188679245293
603917,2023-03-21,bear,22.85945072697902,-0.1908538804307462
002881,2023-03-23,bear,34.557063048683176,0.1440016671718703
002402,2023-04-27,bear,27.404718693284934,-0.005111000000000022
600388,2023-05-11,bear,30.90128755364809,0.02827939506172823
002463,2023-05-18,bear,31.323261181352578,0.11324437627811886
000756,2023-05-22,bear,31.38755980861241,-0.07345060694851406
603168,2023-05-22,bear,27.920227920227973,-0.07310907192575393
000933,2023-06-02,bear,32.57290114634965,-0.014462962962962945
002466,2023-06-02,bear,31.64794007490636,-0.04515848348623845
600386,2023-06-05,bear,25.294117647058798,-0.07801884700665178
002893,2023-08-01,bull,28.45528455284554,-0.08011989205859664
605117,2023-08-10,weak,24.573082489146188,-0.2690825355641047
000598,2023-08-24,bear,33.783783783783676,0.012936090225564034
603963,2023-09-04,bear,25.91792656587475,-0.03902293577981657
603963,2023-09-06,bear,29.33985330073351,0.024611111111110983
002552,2023-09-25,bear,31.89655172413788,-0.1643627015008337
002281,2023-10-30,bear,28.801287208366844,-0.05121880492091384
000670,2023-12-14,bear,30.851063829787236,-0.15122602739726027
000938,2023-12-28,bear,32.23140495867763,-0.09709498956158662
600697,2024-01-08,bear,32.8,-0.3381157053509382
600178,2024-01-16,bear,30.5013927576602,-0.2605392006149116
000029,2024-01-24,bear,33.7931034482759,0.055862428842504766
000798,2024-01-24,bear,34.873949579831944,-0.1410399515738498
001318,2024-01-24,bear,31.56146179401992,-0.07143431855500819
002116,2024-01-24,bear,34.29602888086639,-0.004801435406698463
600072,2024-01-24,bear,31.432973805855184,0.09679639012032955
600476,2024-01-24,bear,30.651340996168585,-0.024851134846461998
600651,2024-01-24,bear,32.110091743119256,-0.06855705705705699
600692,2024-01-24,bear,34.50704225352111,-0.07987606837606824
601611,2024-01-24,bear,34.61538461538467,0.08743455098934534
601882,2024-02-02,bear,30.371352785145888,0.29424712643678147
603032,2024-02-02,bear,31.352619233776394,0.21001162790697686
603901,2024-02-02,bear,32.235294117647044,0.09131385281385292
001373,2024-02-22,bear,34.806910569105696,0.11960276544895872
603963,2024-04-23,bear,31.741293532338318,-0.4475613810741688
600678,2024-04-24,bear,27.710843373493972,0.009928571428571353
001255,2024-04-25,bear,33.21100917431194,0.07200305498981659
600083,2024-04-26,bear,27.788279773156916,-0.41236206896551725
600083,2024-05-06,weak,21.669626998223805,-0.44348090692124115
600207,2024-06-18,bear,32.27513227513228,-0.1385588235294118
603863,2024-06-20,bear,23.733333333333334,0.050318181818181776
600158,2024-06-26,bear,27.853881278538836,-0.08170130994897955
603032,2024-06-26,bear,31.00616016427105,0.04434642233856885
603882,2024-06-26,bear,33.31216912296226,-0.0983232890704802
002271,2024-07-01,bear,34.90099009900989,-0.07371547799696503
601500,2024-07-31,bear,23.668639053254424,-0.10067197452229297
002130,2024-08-22,bear,34.06432748538012,-0.23644744218640473
600452,2024-08-22,bear,33.333333333333314,-0.05335022026431728
000953,2024-08-27,bear,34.46808510638297,0.14700144092219009
605358,2024-08-29,bear,26.10294117647058,0.2483958333333332
002488,2024-11-19,weak,26.067415730337004,0.038600200400801324
002372,2024-11-27,weak,25.313283208020067,-0.03607757296466978
002513,2024-11-27,weak,23.459715639810398,-0.21316666666666667
603063,2024-12-18,weak,30.37383177570092,0.5554087136929461
002774,2024-12-20,weak,31.164383561643817,-0.020710526315789447
000953,2024-12-27,weak,31.489361702127667,-0.08305322862129143
002476,2024-12-27,weak,31.65467625899288,-0.016087155963302947
603106,2024-12-27,weak,29.166666666666643,-0.02332033096926738
601211,2025-01-02,weak,21.768707482993094,-0.033883883603805495
002426,2025-01-03,weak,28.378378378378372,0.02553703703703698
002229,2025-01-07,weak,27.87136294027563,0.115390756302521
002354,2025-01-07,weak,18.539325842696613,0.570388246628131
002370,2025-01-07,weak,29.333333333333357,0.08912893081761004
002526,2025-01-07,weak,17.24137931034481,0.27967647058823514
002591,2025-01-07,weak,31.63636363636364,0.07303608247422695
002639,2025-01-07,weak,22.31404958677686,0.1566818181818182
600053,2025-01-07,weak,31.39013452914797,0.034537735849056464
000516,2025-01-14,weak,31.428571428571445,0.18217588932806322
002181,2025-01-14,weak,28.065395095367847,0.045298623063683444
002210,2025-01-14,weak,21.238938053097357,-0.0115
002576,2025-01-14,weak,31.24260355029587,0.12625874375446117
002667,2025-01-14,weak,27.87769784172663,0.048626582278481115
002856,2025-01-14,weak,24.328859060402664,0.01873516237402002
002995,2025-01-14,weak,29.26490984743411,0.17375996971226654
600228,2025-01-14,weak,31.297709923664115,-0.13250840336134445
600370,2025-01-14,weak,30.000000000000014,-7.142857142865625e-05
600571,2025-01-14,weak,28.47222222222223,0.14665485996705102
600679,2025-01-14,weak,22.86401925391094,-0.022211553175210442
600825,2025-01-14,weak,31.27572016460904,0.05527524429967452
600839,2025-01-14,weak,27.95454545454544,0.2742142857142856
603489,2025-01-14,weak,24.885635864592857,0.08814253798033962
603716,2025-01-14,weak,31.034482758620683,0.5177439372325251
605168,2025-01-14,weak,26.554013277006618,0.031630990415335195
600602,2025-03-31,weak,27.814569536423875,-0.04806003323639389
002409,2025-04-07,bear,26.422018348623837,0.045664206986736414
000678,2025-04-09,bear,26.502057613168716,0.463938596491228
002828,2025-04-09,bear,33.819241982507265,0.09988923654568212
603458,2025-04-09,bear,34.93589743589746,0.19556260032102718
002374,2025-04-11,weak,29.999999999999986,0.11561864406779672
002241,2025-04-16,weak,20.994001713796038,0.0795000000000002
002241,2025-04-17,weak,21.36006974716652,0.0757150644202181
002115,2025-04-18,weak,27.09359605911331,0.049891541609822745
002278,2025-04-18,weak,30.930232558139522,0.057781045751633967
600370,2025-04-21,weak,29.787234042553195,0.03688709677419351
002211,2025-04-25,weak,31.858407079646028,0.10571611721611725
605055,2025-06-11,weak,18.01566579634465,-0.11603806730769244
600706,2025-07-01,bull,30.504587155963307,0.026961538461538325
603139,2025-07-03,bull,27.701863354037272,-0.01989964633068091
603601,2025-07-28,bull,26.0,0.31000313152400844
002295,2025-08-01,weak,30.864197530864274,-0.019373982708933802
003023,2025-08-22,bull,30.47830923248054,-0.10566118421052621
605303,2025-09-12,bull,31.492537313432834,0.09071962616822422
601869,2025-10-21,weak,19.070749736008437,-0.07536903389439702
000681,2025-10-31,weak,31.058020477815745,0.05474319419237757
002431,2025-11-25,weak,28.28282828282829,-0.10961320754716979
601126,2025-11-25,weak,29.462738301559753,0.13396145081655902
002478,2025-11-28,weak,31.56028368794324,0.181666885676741
600939,2025-11-28,weak,31.788079470198667,-0.14762565445026182
002218,2025-12-05,weak,29.0,0.044055555555555584
605178,2025-12-08,weak,19.321744086634382,-0.03623250306963681
001309,2025-12-09,weak,29.360845495722216,0.07248499299371665
600537,2026-01-22,bull,21.226415094339615,0.31183333333333346
600219,2026-04-01,weak,27.92792792792791,-0.15092307692307688
600219,2026-04-02,weak,30.618892508143304,-0.12333144246353316
000533,2026-04-08,weak,22.99687825182103,-0.08482402234636881
002031,2026-04-08,weak,28.235294117647072,0.1689878048780487
002121,2026-04-08,weak,29.260450160771683,-0.08413294422827493
002173,2026-04-08,weak,31.325301204819255,-0.044195374800637774
002426,2026-04-08,weak,29.648241206030164,0.0980505617977528
002881,2026-04-08,weak,31.102096010818045,0.09298548812664927
603499,2026-04-08,weak,31.578947368421055,0.008393899204243892
002155,2026-06-02,bull,31.042382588774274,-0.04883322954091822
002930,2026-06-12,weak,16.887417218543035,-0.1890147928994083
605011,2026-06-23,weak,19.64956195244055,0.008118834080717518
601689,2026-06-30,bull,28.517254455821018,-0.20327596596951442
603201,2026-07-13,weak,24.30133791607254,0.17502482269503555
603612,2026-07-21,weak,28.333333333333343,0.05676801517066983
603048,2026-07-23,weak,23.5,0.34359950248756227
001696,2026-08-03,bear,34.51957295373664,-0.005578947368421062
600707,2026-08-04,bear,30.240549828178686,0.07304106280193252
