date,code,rank,g1430,pull,p1430,p1445,prev_close,limit,note
2021-08-16,002394,1,0.003989364248613958,0.0,7.55,7.55,7.519999980926514,0.1,
2021-08-16,600665,2,0.0036629966507866207,0.0036496350364962904,2.74,2.75,2.7300000190734863,0.1,
2021-08-16,600697,3,0.003228382208948277,0.0,12.43,12.43,12.390000343322754,0.1,
2021-08-16,000514,4,0.006410293325165961,-0.0031847133757962887,3.14,3.13,3.119999885559082,0.1,
2021-08-16,600716,5,-2.1951582218626697e-08,0.0,3.91,3.91,3.9100000858306885,0.1,
2021-08-16,000965,6,0.012820549970549155,-0.0042194092827004814,2.37,2.36,2.3399999141693115,0.1,
2021-08-16,600382,7,0.026525204132470614,0.0,3.87,3.87,3.7699999809265137,0.1,
2021-08-16,600658,8,-0.005290997762208316,0.0026595744680850686,3.76,3.77,3.7799999713897705,0.1,
2021-08-16,600051,9,-0.0015600386349691187,0.0015624999999999112,6.4,6.41,6.409999847412109,0.1,
2021-08-16,600356,10,-0.008595991247783763,0.0014450867052022698,6.92,6.93,6.980000019073486,0.1,
2021-08-16,002133,11,0.006968681267742305,0.0,2.89,2.89,2.869999885559082,0.1,
2021-08-16,002718,12,0.004680211123562428,-0.0023291925465839247,12.88,12.85,12.819999694824219,0.1,
2021-08-16,600287,13,0.0020575856400983916,-0.002053388090349051,4.87,4.86,4.860000133514404,0.1,
2021-08-16,600683,14,0.01166178789046346,0.0028818443804032867,3.47,3.48,3.430000066757202,0.1,
2021-08-16,600622,15,0.0036764600310978945,0.0,2.73,2.73,2.7200000286102295,0.1,
2021-08-16,000419,16,0.004773255968117729,0.004750593824228044,4.21,4.23,4.190000057220459,0.1,
2021-08-16,601107,17,0.0065789599993224535,-0.0032679738562092497,3.06,3.05,3.0399999618530273,0.1,
2021-08-16,000619,18,-0.007812477822880637,0.0019685039370078705,5.08,5.09,5.119999885559082,0.1,
2021-08-16,603709,19,0.007779827806701833,0.000593824228028561,16.84,16.85,16.709999084472656,0.1,
2021-08-16,000779,20,-4.435694300752857e-08,-0.0034883720930232176,8.6,8.57,8.600000381469727,0.1,
2021-09-13,600615,1,-0.006015051848690445,0.001512859304084735,6.61,6.62,6.650000095367432,0.1,
2021-09-13,600593,2,-0.029766717304239743,0.0,12.06,12.06,12.430000305175781,0.1,
2021-09-13,600382,3,0.005167988380451627,-0.0025706940874036244,3.89,3.88,3.869999885559082,0.1,
2021-09-13,603863,4,-0.0025125675943624692,0.0012594458438286438,7.94,7.95,7.960000038146973,0.1,
2021-09-13,002995,5,0.005291040074506315,0.0003759398496239186,26.6,26.61,26.459999084472656,0.1,
2021-09-13,603385,6,0.012235843346206643,0.001098901098901095,9.1,9.11,8.989999771118164,0.1,
2021-09-13,603221,7,0.0010449640015337547,-0.0010438413361169019,9.58,9.57,9.569999694824219,0.1,
2021-09-13,003007,8,-0.006250021538950823,-0.002287021154945612,17.49,17.45,17.600000381469727,0.1,
2021-09-13,605177,9,-0.004323235654923985,-0.0006680026720107257,29.94,29.92,30.06999969482422,0.1,
2021-09-13,002992,10,-0.010906617277562147,0.000689179875947632,14.51,14.52,14.670000076293945,0.1,
2021-09-13,603709,11,0.014362712667671973,-0.0011799410029498247,16.95,16.93,16.709999084472656,0.1,
2021-09-13,603096,12,0.011708747793166774,0.0,27.65,27.65,27.329999923706055,0.1,
2021-09-13,603661,13,0.010804284697120359,-0.004038004750593904,42.1,41.93,41.650001525878906,0.1,
2021-09-13,000608,14,0.006134972268481809,-0.0030487804878047697,3.28,3.27,3.259999990463257,0.1,
2021-09-13,603038,15,0.00527705497316,-0.002624671916010457,11.43,11.4,11.369999885559082,0.1,
2021-09-13,002989,16,0.013501782573545063,-0.001718951439621752,23.27,23.23,22.959999084472656,0.1,
2021-09-13,600697,17,0.010276710307508319,-0.0023474178403755097,12.78,12.75,12.649999618530273,0.1,
2021-09-13,603059,18,-0.005620626666305695,-0.0009420631182288641,21.23,21.21,21.350000381469727,0.1,
2021-09-13,603716,19,0.008035731452460393,0.0,11.29,11.29,11.199999809265137,0.1,
2021-09-13,603839,20,0.0035503185102998547,-0.002358490566037652,8.48,8.46,8.449999809265137,0.1,
2021-10-20,603680,1,-0.003575726113841049,-0.0011961722488037507,8.36,8.35,8.390000343322754,0.1,
2021-10-20,600356,2,0.005494476516327396,-0.001366120218579292,7.32,7.31,7.28000020980835,0.1,
2021-10-20,603266,3,-0.010638312472399658,0.0,10.23,10.23,10.34000015258789,0.1,
2021-10-20,002715,4,-0.008271311110487067,0.0,11.99,11.99,12.09000015258789,0.1,
2021-10-20,605298,5,-0.008630038167546372,-0.0021762785636560977,18.38,18.34,18.540000915527344,0.1,
2021-10-20,603928,6,-0.010328603048856633,0.0,10.54,10.54,10.649999618530273,0.1,
2021-10-20,603878,7,-0.007418363919301507,-0.001494768310911887,6.69,6.68,6.739999771118164,0.1,
2021-10-20,600706,8,-0.006033199660704813,-0.004552352048558417,6.59,6.56,6.630000114440918,0.1,
2021-10-20,603208,9,-0.037167829103612826,0.0013973799126636433,57.25,57.33,59.459999084472656,0.1,
2021-10-20,600512,10,-0.006493481883593555,0.0,3.06,3.06,3.0799999237060547,0.1,
2021-11-17,002016,1,-1.550689920915005e-08,-0.00203252032520318,4.92,4.91,4.920000076293945,0.1,
2021-11-17,002394,2,-1.4998809527710932e-08,0.001310615989515096,7.63,7.64,7.630000114440918,0.1,
2021-11-17,002133,3,0.003571445662148509,0.0,2.81,2.81,2.799999952316284,0.1,
2021-11-17,600665,4,0.0035842431124375462,-0.0035714285714284477,2.8,2.79,2.7899999618530273,0.1,
2021-11-17,000900,5,-0.004962830959579723,0.0,4.01,4.01,4.03000020980835,0.1,
2021-11-17,000419,6,0.00714290288030095,0.0,4.23,4.23,4.199999809265137,0.1,
2021-11-17,603518,7,0.0008453149922602599,0.0008445945945945166,11.84,11.85,11.829999923706055,0.1,
2021-11-17,600716,8,-1.6986565154475386e-08,-0.0025445292620865922,3.93,3.92,3.930000066757202,0.1,
2021-11-17,000863,9,1.0291449470400948e-08,0.0,2.78,2.78,2.7799999713897705,0.1,
2021-11-17,000042,10,0.012893980040197928,0.0,7.07,7.07,6.980000019073486,0.1,
2021-11-17,000797,11,-0.008064523757930542,-0.004065040650406471,2.46,2.45,2.4800000190734863,0.1,
2021-11-17,600533,12,0.007017577556729826,-0.0034843205574913716,2.87,2.86,2.8499999046325684,0.1,
2021-11-17,600697,13,0.002497899296123096,0.0008305647840531893,12.04,12.05,12.010000228881836,0.1,
2021-11-17,000759,14,0.002127700242700037,-0.002123142250530785,4.71,4.7,4.699999809265137,0.1,
2021-11-17,000514,15,-0.003257307316041236,-0.0032679738562092497,3.06,3.05,3.069999933242798,0.1,
2021-11-17,600603,16,-0.005277034842831152,-0.0053050397877983935,3.77,3.75,3.7899999618530273,0.1,
2021-11-17,000548,17,0.005361925153952507,-0.002666666666666595,3.75,3.74,3.7300000190734863,0.1,
2021-11-17,000006,18,3.667978276666872e-08,0.0,4.16,4.16,4.159999847412109,0.1,
2021-11-17,603958,19,0.006399999999999961,0.0,6.29,6.29,6.25,0.1,
2021-11-17,600569,20,0.0038022376897151045,0.0037878787878786735,2.64,2.65,2.630000114440918,0.1,
2021-12-15,000608,1,0.013840793648397298,-0.0034129692832765013,2.93,2.92,2.890000104904175,0.1,
2021-12-15,600593,2,0.0016433790945500348,-0.003281378178835004,12.19,12.15,12.170000076293945,0.1,
2021-12-15,002394,3,0.015424137140814587,-0.0025316455696202667,7.9,7.88,7.78000020980835,0.1,
2021-12-15,002887,4,0.012725311870706468,-0.0020942408376964927,9.55,9.53,9.430000305175781,0.1,
2021-12-15,603955,5,0.004750584720144113,-0.0031520882584711307,12.69,12.65,12.630000114440918,0.1,
2021-12-15,002314,6,0.010169475197073119,0.003355704697986628,2.98,2.99,2.950000047683716,0.1,
2021-12-15,000900,7,0.012254920889441578,-0.002421307506053183,4.13,4.12,4.079999923706055,0.1,
2021-12-15,605178,8,-0.0008561904892545602,-0.0008568980291345785,35.01,34.98,35.040000915527344,0.1,
2021-12-15,600133,9,0.011538498641472605,-0.0019011406844106071,5.26,5.25,5.199999809265137,0.1,
2021-12-15,002718,10,-0.0007861844983391153,-0.0015735641227381247,12.71,12.69,12.720000267028809,0.1,
2021-12-15,000797,11,0.016194320213136493,-0.003984063745019806,2.51,2.5,2.4700000286102295,0.1,
2021-12-15,000668,12,-0.005852236711591408,0.0,13.59,13.59,13.670000076293945,0.1,
2021-12-15,603368,13,0.005031470653401371,-0.0012515644555693983,15.98,15.96,15.899999618530273,0.1,
2021-12-15,002716,14,-0.0031055989196825395,-0.0031152647975076775,3.21,3.2,3.2200000286102295,0.1,
2021-12-15,600785,15,3.7429573884750766e-08,-0.0016353229762877675,12.23,12.21,12.229999542236328,0.1,
2021-12-15,600858,16,0.010060404812697321,-0.0019920318725099584,5.02,5.01,4.96999979019165,0.1,
2021-12-15,600665,17,0.031468569302573135,-0.003389830508474634,2.95,2.94,2.859999895095825,0.1,
2021-12-15,000501,18,-3.073270615772117e-08,0.0,9.93,9.93,9.930000305175781,0.1,
2021-12-15,000042,19,0.021097027238936583,-0.0013774104683195176,7.26,7.25,7.110000133514404,0.1,
2021-12-15,600231,20,0.0156250227009882,0.0,2.6,2.6,2.559999942779541,0.1,
2022-01-13,600193,1,,,,,,0.1,none
2022-01-13,600683,2,0.0018903663930216474,0.0,5.3,5.3,5.289999961853027,0.1,
2022-01-13,002992,3,-0.001458791983320551,-0.0029218407596784957,13.69,13.65,13.710000038146973,0.1,
2022-01-13,600615,4,0.007092194040482447,-0.005868544600938885,8.52,8.47,8.460000038146973,0.1,
2022-01-13,000635,5,-0.01767677713955984,0.0008568980291345785,11.67,11.68,11.880000114440918,0.1,
2022-01-13,603518,6,-0.012106564904462824,0.005718954248365993,12.24,12.31,12.390000343322754,0.1,
2022-01-13,002622,7,-0.009090930568284694,-0.002293577981651529,4.36,4.35,4.400000095367432,0.1,
2022-01-13,002090,8,-0.007692349289596612,-0.001107419712070845,9.03,9.02,9.100000381469727,0.1,
2022-01-13,002272,9,-0.012364728405853787,0.0,6.39,6.39,6.46999979019165,0.1,
2022-01-13,601015,10,0.0045045275188029255,-0.001494768310911887,6.69,6.68,6.659999847412109,0.1,
2022-02-17,603518,1,-0.016759755582324676,-0.0018939393939395588,10.56,10.54,10.739999771118164,0.1,
2022-02-17,600067,2,-0.014880921624076171,0.0030211480362536403,3.31,3.32,3.359999895095825,0.1,
2022-02-17,603161,3,-0.005430592820660052,-0.003900156006240274,12.82,12.77,12.890000343322754,0.1,
2022-02-17,603139,4,-0.012352581276775632,-0.0017055144968732838,17.59,17.56,17.809999465942383,0.1,
2022-02-17,000635,5,-0.008273017131619875,-0.002085505735140769,9.59,9.57,9.670000076293945,0.1,
2022-02-17,603226,6,-0.01442999001669476,-0.002928257686676483,6.83,6.81,6.929999828338623,0.1,
2022-02-17,000833,7,-0.013490696569048,0.0,5.85,5.85,5.929999828338623,0.1,
2022-02-17,600508,8,-1.512268466008493e-08,0.0,10.09,10.09,10.09000015258789,0.1,
2022-02-17,603776,9,-2.9027498960054743e-08,0.0006341154090043766,15.77,15.78,15.770000457763672,0.1,
2022-02-17,002882,10,0.0010373087470036957,-0.0031088082901555847,9.65,9.62,9.640000343322754,0.1,
2022-03-17,000042,1,0.03576341399664651,-0.003984063745019917,7.53,7.5,7.269999980926514,0.1,
2022-03-17,603988,2,-0.0019267932774965635,0.0,10.36,10.36,10.380000114440918,0.1,
2022-03-17,002989,3,0.045504399084263625,-0.001048767697954922,19.07,19.05,18.239999771118164,0.1,
2022-03-17,603776,4,0.045390042639386285,-0.006105834464043447,14.74,14.65,14.100000381469727,0.1,
2022-03-17,603810,5,0.019102993262100743,-0.007334963325183352,12.27,12.18,12.039999961853027,0.1,
2022-03-17,603022,6,0.008394571801720874,0.0,9.61,9.61,9.529999732971191,0.1,
2022-03-17,000608,7,0.03010033116260802,0.0,3.08,3.08,2.990000009536743,0.1,
2022-03-17,003016,8,0.01106195116913189,-0.002188183807440014,9.14,9.12,9.039999961853027,0.1,
2022-03-17,603109,9,0.012417224937194105,0.002861815208503593,24.46,24.53,24.15999984741211,0.1,
2022-03-17,002718,10,0.033898288372843366,-0.003278688524590123,12.2,12.16,11.800000190734863,0.1,
2022-04-18,605288,1,0.027349030232276084,0.0,37.94,37.94,36.93000030517578,0.1,
2022-04-18,003011,2,0.030192102983560787,0.0,22.52,22.52,21.860000610351562,0.1,
2022-04-18,002576,3,0.014044914844386858,-0.0009233610341643494,10.83,10.82,10.680000305175781,0.1,
2022-04-18,003041,4,0.00756756756756749,-0.0010729613733905241,18.64,18.62,18.5,0.1,
2022-04-18,001210,5,-0.002394232530767759,-0.0015999999999999348,25.0,24.96,25.059999465942383,0.1,
2022-04-18,001207,6,0.012986981051156254,-0.0017482517482517723,17.16,17.13,16.940000534057617,0.1,
2022-04-18,605069,7,0.006250000000000089,0.001242236024844745,16.1,16.12,16.0,0.1,
2022-04-18,603917,8,0.034695429738358596,0.0007451564828613311,13.42,13.43,12.970000267028809,0.1,
2022-04-18,605001,9,-0.0029939863551758927,0.0030030030030030463,6.66,6.68,6.679999828338623,0.1,
2022-04-18,002282,10,0.015483870967741842,-0.0012706480304954804,7.87,7.86,7.75,0.1,
2022-05-19,603385,1,0.0027893896085413594,0.0027816411682892728,7.19,7.21,7.170000076293945,0.1,
2022-05-19,605288,2,0.00088942953367388,0.005627962085308136,33.76,33.95,33.72999954223633,0.1,
2022-05-19,000910,3,0.0036719612516409317,0.0012195121951221743,8.2,8.21,8.170000076293945,0.1,
2022-05-19,002313,4,0.0394511285255279,-0.0016501650165016146,6.06,6.05,5.829999923706055,0.1,
2022-05-19,002521,5,-0.0019881131990511225,0.0,5.02,5.02,5.03000020980835,0.1,
2022-05-19,002177,6,0.015936258840128614,-0.0039215686274508554,2.55,2.54,2.509999990463257,0.1,
2022-05-19,002394,7,-0.007072159893544705,0.004273504273504258,7.02,7.05,7.070000171661377,0.1,
2022-05-19,605081,8,,,,,,0.1,none
2022-05-19,002380,9,0.0010570784157191149,-0.001055966209081327,9.47,9.46,9.460000038146973,0.1,
2022-05-19,002022,10,0.01338196221384691,0.0024009603841537164,8.33,8.35,8.220000267028809,0.1,
2022-05-19,600894,11,0.0031745728031167264,0.0015822784810126667,6.32,6.33,6.300000190734863,0.1,
2022-05-19,605001,12,0.003284047111823396,-0.0016366612111293755,6.11,6.1,6.090000152587891,0.1,
2022-05-19,000004,13,,,,,,0.1,none
2022-05-19,603096,14,-0.002876821817084485,0.0017311021350261413,17.33,17.36,17.3799991607666,0.1,
2022-05-19,600671,15,0.005215113860257192,0.005188067444876765,7.71,7.75,7.670000076293945,0.1,
2022-05-19,605577,16,-0.009541941469874193,0.0009633911368014392,10.38,10.39,10.479999542236328,0.1,
2022-05-19,601963,17,-0.0065616648700793645,-0.0013210039630119352,7.57,7.56,7.619999885559082,0.1,
2022-05-19,003023,18,2.0826373070548243e-08,-0.00045495905368519995,21.98,21.97,21.979999542236328,0.1,
2022-05-19,000850,19,-0.002747281487904818,0.0027548209366392573,3.63,3.64,3.640000104904175,0.1,
2022-05-19,600356,20,-0.005934684343695151,0.0014925373134329067,6.7,6.71,6.739999771118164,0.1,
2022-06-17,603117,1,-0.012986988537949218,0.0,2.28,2.28,2.309999942779541,0.1,
2022-06-17,002313,2,-0.01754382677392219,-0.0035714285714284477,5.6,5.58,5.699999809265137,0.1,
2022-06-17,600051,3,-0.012158043257392115,0.0015384615384614886,6.5,6.51,6.579999923706055,0.1,
2022-06-17,002963,4,-0.009314175758536547,0.002564102564102555,11.7,11.73,11.8100004196167,0.1,
2022-06-17,600671,5,-0.005398090180268933,-0.0013568521031207537,7.37,7.36,7.409999847412109,0.1,
2022-06-17,605081,6,,,,,,0.1,none
2022-06-17,605303,7,-0.014131316437627661,0.0008431703204045959,11.86,11.87,12.029999732971191,0.1,
2022-06-17,603385,8,-0.008185528558057542,0.004126547455295837,7.27,7.3,7.329999923706055,0.1,
2022-06-17,002394,9,-0.013642554535729712,0.0013831258644536604,7.23,7.24,7.329999923706055,0.1,
2022-06-17,605069,10,-0.011976030350574596,0.0033670033670034627,14.85,14.9,15.029999732971191,0.1,
2022-06-17,603278,11,-0.007575767135853506,0.0,7.86,7.86,7.920000076293945,0.1,
2022-06-17,002177,12,-0.025000038743017594,0.00427350427350448,2.34,2.35,2.4000000953674316,0.1,
2022-06-17,600605,13,-0.010349290928342691,0.0013071895424836555,7.65,7.66,7.730000019073486,0.1,
2022-06-17,001211,14,-0.0033755595090338986,0.0021168501270110163,23.62,23.67,23.700000762939453,0.1,
2022-06-17,002763,15,0.004115231591763635,0.002732240437158362,7.32,7.34,7.289999961853027,0.1,
2022-06-17,600665,16,-0.017804120948546553,0.0,3.31,3.31,3.369999885559082,0.1,
2022-06-17,001209,17,-0.010000000000000009,0.010101010101010166,20.79,21.0,21.0,0.1,
2022-06-17,000668,18,-0.011850525420636027,0.0018450184501843658,10.84,10.86,10.970000267028809,0.1,
2022-06-17,603685,19,1.966338825099001e-08,-0.0010309278350515427,9.7,9.69,9.699999809265137,0.1,
2022-06-17,605298,20,-0.005892711691260821,0.0029638411381149865,16.87,16.92,16.969999313354492,0.1,
2022-07-15,002313,1,-0.04948807626399876,0.0,5.57,5.57,5.860000133514404,0.1,
2022-07-15,600665,2,-0.03174606106028299,-0.006557377049180357,3.05,3.03,3.1500000953674316,0.1,
2022-07-15,000809,3,0.00787403088478067,-0.003906250000000111,2.56,2.55,2.5399999618530273,0.1,
2022-07-15,002757,4,-0.02169985628490745,-0.005545286506469571,10.82,10.76,11.0600004196167,0.1,
2022-07-15,001209,5,-0.045755963341973294,0.0006949270326614965,14.39,14.4,15.079999923706055,0.1,
2022-07-15,600615,6,-0.02496716559539136,0.0040431266846361336,7.42,7.45,7.610000133514404,0.1,
2022-07-15,600113,7,-0.030303006282897393,0.0,6.72,6.72,6.929999828338623,0.1,
2022-07-15,600303,8,-0.029940094832062947,0.0092592592592593,3.24,3.27,3.3399999141693115,0.1,
2022-07-15,002798,9,-0.03662998727153299,-0.016476552598225558,7.89,7.76,8.1899995803833,0.1,
2022-07-15,002395,10,-0.021686769469691725,0.0,8.12,8.12,8.300000190734863,0.1,
2022-08-12,600665,1,0.009615421647857447,0.0,3.15,3.15,3.119999885559082,0.1,
2022-08-12,002394,2,-0.0013587137680701744,0.0,7.35,7.35,7.360000133514404,0.1,
2022-08-12,002133,3,0.009202456940032189,0.0,3.29,3.29,3.259999990463257,0.1,
2022-08-12,000608,4,0.010714302926647656,0.0,2.83,2.83,2.799999952316284,0.1,
2022-08-12,002187,5,2.6235882355507556e-09,0.004126547455295837,7.27,7.3,7.269999980926514,0.1,
2022-08-12,600748,6,0.008902111412369074,0.0,3.4,3.4,3.369999885559082,0.1,
2022-08-12,600512,7,0.0072727272727273196,0.0,2.77,2.77,2.75,0.1,
2022-08-12,600051,8,0.0014472001170355853,0.0,6.92,6.92,6.909999847412109,0.1,
2022-08-12,600708,9,0.004444444444444251,0.004424778761062065,2.26,2.27,2.25,0.1,
2022-08-12,600828,10,0.005988049803786533,-0.0029761904761904656,3.36,3.35,3.3399999141693115,0.1,
2022-08-12,601188,11,0.0033898142897101913,-0.0033783783783782884,2.96,2.95,2.950000047683716,0.1,
2022-08-12,600785,12,0.004299216256842264,-0.001712328767123239,11.68,11.66,11.630000114440918,0.1,
2022-08-12,600020,13,0.0033222623150919173,-0.0033112582781458233,3.02,3.01,3.009999990463257,0.1,
2022-08-12,605303,14,-0.0008305616183315045,-0.0008312551953449931,12.03,12.02,12.039999961853027,0.1,
2022-08-12,002110,15,0.001801767373238894,0.0017985611510793476,5.56,5.57,5.550000190734863,0.1,
2022-08-12,603839,16,0.007299284096867975,0.0,6.9,6.9,6.849999904632568,0.1,
2022-08-12,600693,17,0.005089041451162402,0.0,3.95,3.95,3.930000066757202,0.1,
2022-08-12,605287,18,-0.006606082489286957,-0.0033250207813798616,24.06,23.98,24.219999313354492,0.1,
2022-08-12,000850,19,0.002659577011198566,-0.0026525198938992522,3.77,3.76,3.759999990463257,0.1,
2022-08-12,002029,20,0.007490607915568104,0.0018587360594795044,5.38,5.39,5.340000152587891,0.1,
2022-09-09,605303,1,0.0017436558418122416,0.0,11.49,11.49,11.470000267028809,0.1,
2022-09-09,605069,2,-0.0009597002131215282,0.0019212295869355245,10.41,10.43,10.420000076293945,0.1,
2022-09-09,001218,3,-0.0008992702933449115,-0.0009000900090009312,22.22,22.2,22.239999771118164,0.1,
2022-09-09,603332,4,0.0007949186291409394,-0.001588562351072298,12.59,12.57,12.579999923706055,0.1,
2022-09-09,603365,5,0.0023328416892436366,0.0015515903801395226,12.89,12.91,12.859999656677246,0.1,
2022-09-09,603909,6,0.0015810578713717494,-0.0031570639305444903,12.67,12.63,12.649999618530273,0.1,
2022-09-09,605003,7,-0.0020523228110777003,0.0010282776349614942,19.45,19.47,19.489999771118164,0.1,
2022-09-09,603518,8,0.0013297897737831743,0.0013280212483399723,7.53,7.54,7.519999980926514,0.1,
2022-09-09,603716,9,0.002510476252192362,0.0,11.98,11.98,11.949999809265137,0.1,
2022-09-09,603159,10,0.0007604853049298921,0.001519756838905817,13.16,13.18,13.149999618530273,0.1,
2022-09-09,603590,11,0.0020325047867859602,0.0024340770791075883,24.65,24.71,24.600000381469727,0.1,
2022-09-09,605500,12,-0.007692271294677089,0.0019379844961240345,10.32,10.34,10.399999618530273,0.1,
2022-09-09,601566,13,-0.0012738732170770595,-0.0012755102040815647,7.84,7.83,7.849999904632568,0.1,
2022-09-09,605180,14,0.006748513379641663,0.0,16.41,16.41,16.299999237060547,0.1,
2022-09-09,002110,15,0.001897536832956126,0.0037878787878786735,5.28,5.3,5.269999980926514,0.1,
2022-09-09,603808,16,0.005470421750451315,-0.0032644178454841466,9.19,9.16,9.140000343322754,0.1,
2022-09-09,600301,17,0.00257729001652951,0.0017137960582689349,11.67,11.69,11.640000343322754,0.1,
2022-09-09,603278,18,0.0012255089184911583,-0.001223990208078285,8.17,8.16,8.15999984741211,0.1,
2022-09-09,605155,19,0.0064378011953265535,0.0,14.07,14.07,13.979999542236328,0.1,
2022-09-09,603168,20,0.003911332908428156,0.0012987012987013546,7.7,7.71,7.670000076293945,0.1,
2022-10-17,600382,1,0.011933160404945076,0.004716981132075304,4.24,4.26,4.190000057220459,0.1,
2022-10-17,000779,2,0.013745757623823573,-0.001129943502824804,8.85,8.84,8.729999542236328,0.1,
2022-10-17,601963,3,0.0014641400301098617,0.0029239766081872176,6.84,6.86,6.829999923706055,0.1,
2022-10-17,603518,4,0.010869556235649114,0.0,6.51,6.51,6.440000057220459,0.1,
2022-10-17,600676,5,0.010928938041331548,-0.002702702702702786,3.7,3.69,3.6600000858306885,0.1,
2022-10-17,605577,6,0.01189189189189177,0.0010683760683760646,9.36,9.37,9.25,0.1,
2022-10-17,603909,7,-0.007054687082136746,0.0,11.26,11.26,11.34000015258789,0.1,
2022-10-17,605069,8,0.019128603135672995,-0.004171011470281427,9.59,9.55,9.40999984741211,0.1,
2022-10-17,603332,9,0.006044911636885697,0.0,11.65,11.65,11.579999923706055,0.1,
2022-10-17,605003,10,0.009756055805813846,-0.0005367686527105731,18.63,18.62,18.450000762939453,0.1,
2022-10-17,605189,11,0.007808481138793288,0.0,19.36,19.36,19.209999084472656,0.1,
2022-10-17,600694,12,0.00730815609917701,0.002418379685610539,16.54,16.58,16.420000076293945,0.1,
2022-10-17,603980,13,0.004184056341799192,0.0,4.8,4.8,4.78000020980835,0.1,
2022-10-17,601528,14,0.004665656681538177,0.001547987616099089,6.46,6.47,6.429999828338623,0.1,
2022-10-17,605303,15,0.012357370397297895,-0.00187793427230043,10.65,10.63,10.520000457763672,0.1,
2022-10-17,605178,16,0.017712538819032675,-0.0004972650422674363,20.11,20.1,19.760000228881836,0.1,
2022-10-17,605100,17,0.017460286656325597,0.003900156006240163,12.82,12.87,12.600000381469727,0.1,
2022-10-17,601188,18,0.006944404432068785,0.0034482758620690834,2.9,2.91,2.880000114440918,0.1,
2022-10-17,000900,19,0.005089041451162402,0.0,3.95,3.95,3.930000066757202,0.1,
2022-10-17,002110,20,0.012269966288879663,0.002020202020202033,4.95,4.96,4.889999866485596,0.1,
2022-11-14,605081,1,,,,,,0.1,none
2022-11-14,605189,2,0.0005157612514883336,0.0,19.4,19.4,19.389999389648438,0.1,
2022-11-14,605319,3,0.006545454545454632,0.0014450867052022698,13.84,13.86,13.75,0.1,
2022-11-14,001218,4,1.465781873655203e-08,-0.00048030739673399214,20.82,20.81,20.81999969482422,0.1,
2022-11-14,002394,5,0.007082161136785281,0.0014064697609001975,7.11,7.12,7.059999942779541,0.1,
2022-11-14,603048,6,-0.0050000000000000044,-0.003140703517587995,15.92,15.87,16.0,0.1,
2022-11-14,603001,7,0.0015624850755560082,-0.0015600624024960652,6.41,6.4,6.400000095367432,0.1,
2022-11-14,603706,8,-0.0006911034446622777,0.0027662517289073207,14.46,14.5,14.470000267028809,0.1,
2022-11-14,603365,9,-0.002343764866236442,-0.000783085356303781,12.77,12.76,12.800000190734863,0.1,
2022-11-14,603949,10,-0.020134191698436443,-0.002490660024906499,16.06,16.02,16.389999389648438,0.1,
2022-11-14,603519,11,-0.004975158999091178,-0.0016666666666665941,12.0,11.98,12.0600004196167,0.1,
2022-11-14,603788,12,0.002673772928450724,-0.001777777777777767,11.25,11.23,11.220000267028809,0.1,
2022-11-14,600269,13,-0.0030580981605022872,0.0,3.26,3.26,3.2699999809265137,0.1,
2022-11-14,603192,14,-0.01343952964346351,-0.0015136226034309086,19.82,19.79,20.09000015258789,0.1,
2022-11-14,600081,15,-2.9259422107408284e-08,0.0,10.43,10.43,10.430000305175781,0.1,
2022-11-14,603656,16,-0.012325396495775909,-0.0008319467554076532,12.02,12.01,12.170000076293945,0.1,
2022-11-14,601107,17,-0.0026109461893614183,0.0,3.82,3.82,3.8299999237060547,0.1,
2022-11-14,600368,18,0.002777804342317669,-0.0027700831024930483,3.61,3.6,3.5999999046325684,0.1,
2022-11-14,603980,19,0.010460206693935437,-0.0020703933747411307,4.83,4.82,4.78000020980835,0.1,
2022-11-14,603926,20,-0.0030425616350736595,-0.0020345879959308144,9.83,9.81,9.859999656677246,0.1,
2022-12-12,603332,1,-0.008460211286469566,-0.0034129692832765013,11.72,11.68,11.819999694824219,0.1,
2022-12-12,605069,2,-0.003968246429445266,-0.0009960159362549792,10.04,10.03,10.079999923706055,0.1,
2022-12-12,605178,3,-0.01014708745624504,-0.002050230650948337,19.51,19.47,19.709999084472656,0.1,
2022-12-12,605081,4,,,,,,0.1,none
2022-12-12,603048,5,0.010786787350841598,0.0006277463904582614,15.93,15.94,15.760000228881836,0.1,
2022-12-12,605298,6,-0.003581664613921398,0.005032350826743359,13.91,13.98,13.960000038146973,0.1,
2022-12-12,605303,7,0.006999098222945088,0.0008688097306690512,11.51,11.52,11.430000305175781,0.1,
2022-12-12,603788,8,-0.004436597669277509,-0.0008912655971479166,11.22,11.21,11.270000457763672,0.1,
2022-12-12,001296,9,-0.007826856295062967,-0.00046403712296994026,21.55,21.54,21.719999313354492,0.1,
2022-12-12,600168,10,-0.012820476610983622,0.0,6.16,6.16,6.239999771118164,0.1,
2022-12-12,605122,11,-0.0012523648524979114,0.0,15.95,15.95,15.970000267028809,0.1,
2022-12-12,603768,12,0.007294786109122597,0.0006035003017499374,16.57,16.58,16.450000762939453,0.1,
2022-12-12,600969,13,-0.01662406250737436,0.0,7.69,7.69,7.820000171661377,0.1,
2022-12-12,603656,14,-0.004226536266146663,-0.001697792869269965,11.78,11.76,11.829999923706055,0.1,
2022-12-12,002406,15,-0.01584162132936917,-0.004024144869215207,4.97,4.95,5.050000190734863,0.1,
2022-12-12,603980,16,-0.01606426079660328,0.0020408163265306367,4.9,4.91,4.980000019073486,0.1,
2022-12-12,605488,17,-0.0006988413223936174,0.0006993006993005757,14.3,14.31,14.3100004196167,0.1,
2022-12-12,002521,18,-0.0019011841153402376,-0.0019047619047618536,5.25,5.24,5.260000228881836,0.1,
2022-12-12,603928,19,-2.6699542687858013e-08,-0.002624671916010457,11.43,11.4,11.430000305175781,0.1,
2022-12-12,002921,20,0.002118654866608116,-0.0028188865398167673,14.19,14.15,14.15999984741211,0.1,
2023-01-10,605081,1,,,,,,0.1,none
2023-01-10,605178,2,-0.012325822577324841,0.0016277807921867282,18.43,18.46,18.65999984741211,0.1,
2023-01-10,603332,3,-0.014585256438844563,0.0027752081406104967,10.81,10.84,10.970000267028809,0.1,
2023-01-10,605122,4,-0.006028151596526143,0.0006738544474393926,14.84,14.85,14.930000305175781,0.1,
2023-01-10,600751,5,-0.0043289796654750745,-0.004347826086956386,2.3,2.29,2.309999942779541,0.1,
2023-01-10,605189,6,-0.009042512976565886,-0.0005367686527105731,18.63,18.62,18.799999237060547,0.1,
2023-01-10,605303,7,-0.005474456016253515,-0.0027522935779817903,10.9,10.87,10.960000038146973,0.1,
2023-01-10,001288,8,0.007989316816185754,0.0026420079260236484,15.14,15.18,15.020000457763672,0.1,
2023-01-10,600168,9,-0.009884706748691019,0.0,6.01,6.01,6.070000171661377,0.1,
2023-01-10,000544,10,-0.012480475712399186,-0.003159557661927437,6.33,6.31,6.409999847412109,0.1,
2023-01-10,603706,11,-0.009180780283402967,0.0007127583749109156,14.03,14.04,14.15999984741211,0.1,
2023-01-10,603980,12,-0.012658180172023581,0.0,4.68,4.68,4.739999771118164,0.1,
2023-01-10,603139,13,-0.0010964786934829496,0.0005488474204171645,18.22,18.23,18.239999771118164,0.1,
2023-01-10,600608,14,,,,,,0.1,none
2023-01-10,603458,15,-0.005175967722763963,-0.0010405827263266776,9.61,9.6,9.65999984741211,0.1,
2023-01-10,605180,16,-0.013019167494899064,-0.0037688442211055717,15.92,15.86,16.1299991607666,0.1,
2023-01-10,603656,17,-0.0035273502689293634,0.0,11.3,11.3,11.34000015258789,0.1,
2023-01-10,600854,18,-0.0064654886527653055,-0.002169197396963307,4.61,4.6,4.639999866485596,0.1,
2023-01-10,600382,19,-0.011876493513995334,0.0,4.16,4.16,4.210000038146973,0.1,
2023-01-10,603797,20,-0.007104815919686813,0.0,5.59,5.59,5.630000114440918,0.1,
2023-02-14,000668,1,0.002316617079283656,-0.0007704160246533309,12.98,12.97,12.949999809265137,0.1,
2023-02-14,600052,2,-0.004048594532145011,0.00203252032520318,4.92,4.93,4.940000057220459,0.1,
2023-02-14,600269,3,-0.002915471301041861,0.0,3.42,3.42,3.430000066757202,0.1,
2023-02-14,600333,4,0.0019120422351901478,0.0,5.24,5.24,5.230000019073486,0.1,
2023-02-14,601366,5,-0.009999999999999898,-0.0016835016835018424,5.94,5.93,6.0,0.1,
2023-02-14,601107,6,-2.949508115523969e-08,0.002577319587628857,3.88,3.89,3.880000114440918,0.1,
2023-02-14,002692,7,-0.007537693198421125,0.0,3.95,3.95,3.9800000190734863,0.1,
2023-02-14,000608,8,-0.0062305414047652,0.0,3.19,3.19,3.2100000381469727,0.1,
2023-02-14,002742,9,0.011792507448331824,0.004662004662004504,4.29,4.31,4.239999771118164,0.1,
2023-02-14,600159,10,-0.003355711077007051,0.0,2.97,2.97,2.9800000190734863,0.1,
2023-02-14,600792,11,0.005555582193681463,-0.002762430939226568,3.62,3.61,3.5999999046325684,0.1,
2023-02-14,600628,12,-0.0014044783314342002,0.0,7.11,7.11,7.119999885559082,0.1,
2023-02-14,000036,13,-0.0024752381058044115,0.0,4.03,4.03,4.039999961853027,0.1,
2023-02-14,600694,14,-0.0005602454485159614,0.0,17.84,17.84,17.850000381469727,0.1,
2023-02-14,000571,15,0.004273541110038304,0.0,2.35,2.35,2.3399999141693115,0.1,
2023-02-14,000042,16,0.0059809025569537155,0.0,8.41,8.41,8.359999656677246,0.1,
2023-02-14,600033,17,0.0034363965203996205,-0.003424657534246478,2.92,2.91,2.9100000858306885,0.1,
2023-02-14,605001,18,-0.00121212121212122,-0.0024271844660194164,8.24,8.22,8.25,0.1,
2023-02-14,600824,19,2.390827025244846e-08,-0.0027855153203342198,3.59,3.58,3.5899999141693115,0.1,
2023-02-14,000007,20,-0.0013106309686667927,0.0,7.62,7.62,7.630000114440918,0.1,
2023-03-14,003023,1,-0.02534961459968721,-0.0035874439461883734,22.3,22.22,22.8799991607666,0.1,
2023-03-14,600847,2,-0.021418017922456456,-0.0037735849056603765,13.25,13.2,13.539999961853027,0.1,
2023-03-14,000042,3,-1.4076373400229159e-08,0.0,8.13,8.13,8.130000114440918,0.1,
2023-03-14,603955,4,-0.030005766070127726,-0.004759071980963592,16.81,16.73,17.329999923706055,0.1,
2023-03-14,603116,5,-0.016393401615722336,-0.0018518518518519933,5.4,5.39,5.489999771118164,0.1,
2023-03-14,603810,6,-0.02506116106695866,-0.0018808777429466517,15.95,15.92,16.360000610351562,0.1,
2023-03-14,001218,7,-0.0026905488391603116,-0.0017985611510791255,22.24,22.2,22.299999237060547,0.1,
2023-03-14,002910,8,-0.025535447656989563,-0.0008453085376162184,11.83,11.82,12.140000343322754,0.1,
2023-03-14,603937,9,-0.007234693200892206,-0.005668016194331993,12.35,12.28,12.4399995803833,0.1,
2023-03-14,603201,10,-0.01916638127035797,-0.0018610421836229296,32.24,32.18,32.869998931884766,0.1,
2023-04-12,002394,1,0.0013586774869827067,-0.0013568521031207537,7.37,7.36,7.360000133514404,0.1,
2023-04-12,000668,2,-0.006300599355570258,0.0,11.04,11.04,11.109999656677246,0.1,
2023-04-12,605303,3,0.010166387086720574,0.0018298261665141702,10.93,10.95,10.819999694824219,0.1,
2023-04-12,001211,4,0.0018416522978854655,0.0009191176470588758,21.76,21.78,21.719999313354492,0.1,
2023-04-12,600051,5,-0.006868160490020814,0.0027662517289073207,7.23,7.25,7.28000020980835,0.1,
2023-04-12,605001,6,1.1170416813754969e-08,0.0014641288433381305,6.83,6.84,6.829999923706055,0.1,
2023-04-12,605288,7,0.005574106073884533,-0.0011086474501108556,36.08,36.04,35.880001068115234,0.1,
2023-04-12,001210,8,0.006527435193720343,0.0004323389537397304,23.13,23.14,22.979999542236328,0.1,
2023-04-12,001296,9,0.0005136459680636918,0.0,19.48,19.48,19.469999313354492,0.1,
2023-04-12,003023,10,0.004515789937085124,0.0014985014985016143,20.02,20.05,19.93000030517578,0.1,
2023-04-12,600969,11,0.00840338020117315,-0.001388888888888884,7.2,7.19,7.139999866485596,0.1,
2023-04-12,605069,12,0.006514653811564797,0.0,9.27,9.27,9.210000038146973,0.1,
2023-04-12,605122,13,-0.005204937290484102,-0.0006540222367560355,15.29,15.28,15.369999885559082,0.1,
2023-04-12,001218,14,0.0018709467167241645,-0.002334267040149385,21.42,21.37,21.3799991607666,0.1,
2023-04-12,603810,15,-0.003957773615832272,0.0013245033112583293,15.1,15.12,15.15999984741211,0.1,
2023-04-12,002144,16,0.010018257044596135,0.0018034265103696878,11.09,11.11,10.979999542236328,0.1,
2023-04-12,600847,17,0.0016708214306628832,0.0,11.99,11.99,11.970000267028809,0.1,
2023-04-12,001230,18,0.0015473740015472526,-0.00038624951718813083,25.89,25.88,25.850000381469727,0.1,
2023-04-12,603086,19,0.0026761785683264705,0.0,11.24,11.24,11.210000038146973,0.1,
2023-04-12,001231,20,0.0018010318404428904,0.0004494382022472987,22.25,22.26,22.209999084472656,0.1,
2023-05-15,002289,1,-0.04950498639456169,0.0,4.8,4.8,5.050000190734863,0.1,
2023-05-15,603880,2,-0.050808297363145405,0.0048661800486617945,4.11,4.13,4.329999923706055,0.1,
2023-05-15,000007,3,-0.02409640796853474,0.0024691358024691024,4.05,4.06,4.150000095367432,0.1,
2023-05-15,000637,4,-0.024242410143106685,0.0,3.22,3.22,3.299999952316284,0.1,
2023-05-15,603585,5,-0.003824065136261434,0.001279590531030106,15.63,15.65,15.6899995803833,0.1,
2023-05-15,002136,6,0.01702510351126474,0.0,11.35,11.35,11.15999984741211,0.1,
2023-05-15,603559,7,-0.04933333333333334,0.0,7.13,7.13,7.5,0.1,
2023-05-15,001331,8,0.012583550569564395,0.0,25.75,25.75,25.43000030517578,0.1,
2023-05-15,603048,9,0.004018733663616825,0.0013342228152100066,14.99,15.01,14.930000305175781,0.1,
2023-05-15,603011,10,0.0077760766712642315,-0.0015432098765433278,6.48,6.47,6.429999828338623,0.1,
2023-06-12,002586,1,-0.043137237009108986,-0.008196721311475419,2.44,2.42,2.549999952316284,0.1,
2023-06-12,603001,2,-0.010327012628305932,0.0,5.75,5.75,5.809999942779541,0.1,
2023-06-12,600608,3,,,,,,0.1,none
2023-06-12,002748,4,0.02088168408708091,0.0,8.8,8.8,8.619999885559082,0.1,
2023-06-12,603559,5,-0.013953459213418173,0.0015723270440251014,6.36,6.37,6.449999809265137,0.1,
2023-06-12,000626,6,0.011267619217182334,0.001392757660167332,7.18,7.19,7.099999904632568,0.1,
2023-06-12,603955,7,0.0019480767670687626,-0.0025923525599480524,15.43,15.39,15.399999618530273,0.1,
2023-06-12,000637,8,-0.008982010461150769,-0.006042296072507614,3.31,3.29,3.3399999141693115,0.1,
2023-06-12,000007,9,-0.013297869837785914,-0.005390835579514808,3.71,3.69,3.759999990463257,0.1,
2023-06-12,603908,10,0.04082558043054263,-0.003050773589017175,45.89,45.75,44.09000015258789,0.1,
2023-07-12,002800,1,-0.017868543390598846,-0.003898635477582846,15.39,15.33,15.670000076293945,0.1,
2023-07-12,600599,2,,,,,,0.1,none
2023-07-12,603880,3,-0.019189777424821197,-0.0021739130434782483,4.6,4.59,4.690000057220459,0.1,
2023-07-12,002289,4,0.04972379009153438,0.0,5.7,5.7,5.429999828338623,0.1,
2023-07-12,002949,5,-0.02037844074107842,-0.0022288261515602814,13.46,13.43,13.739999771118164,0.1,
2023-07-12,600853,6,-0.016746371103666946,0.0,4.11,4.11,4.179999828338623,0.1,
2023-07-12,600280,7,-0.02272731156060037,-0.00387596899224818,2.58,2.57,2.640000104904175,0.1,
2023-07-12,002968,8,-0.006570319663228963,-0.003306878306878258,15.12,15.07,15.220000267028809,0.1,
2023-07-12,603716,9,-0.018220785112131876,0.0032751091703056012,9.16,9.19,9.329999923706055,0.1,
2023-07-12,000042,10,-0.011795558727526023,-0.0026525198938992522,7.54,7.52,7.630000114440918,0.1,
2023-08-09,603880,1,-2.1674415706662842e-08,-0.002272727272727426,4.4,4.39,4.400000095367432,0.1,
2023-08-09,002951,2,-0.008130096681639887,-0.002732240437158584,7.32,7.3,7.380000114440918,0.1,
2023-08-09,002289,3,1.8699496617813338e-08,0.0019607843137257053,5.1,5.11,5.099999904632568,0.1,
2023-08-09,605081,4,,,,,,0.1,none
2023-08-09,002022,5,0.018478281984708245,-0.002134471718249653,9.37,9.35,9.199999809265137,0.1,
2023-08-09,603217,6,-0.0038184003389690746,-0.0008517887563883608,23.48,23.46,23.56999969482422,0.1,
2023-08-09,000546,7,0.00898206185677397,-0.0014836795252225476,6.74,6.73,6.679999828338623,0.1,
2023-08-09,603150,8,-0.00968344051306469,0.00037608123354648804,26.59,26.6,26.850000381469727,0.1,
2023-08-09,002645,9,-0.016052894252919114,0.0009596928982724684,10.42,10.43,10.59000015258789,0.1,
2023-08-09,603908,10,-0.005773654537309381,-0.004181184668989535,43.05,42.87,43.29999923706055,0.1,
2023-09-06,002022,1,0.0022700998218760926,0.0011325028312569874,8.83,8.84,8.8100004196167,0.1,
2023-09-06,002700,2,-0.0023419159183096783,0.0046948356807512415,4.26,4.28,4.269999980926514,0.1,
2023-09-06,002692,3,-0.0027700541236607146,0.002777777777777768,3.6,3.61,3.609999895095825,0.1,
2023-09-06,003020,4,-0.008718694771934099,-0.0019120458891012104,26.15,26.1,26.3799991607666,0.1,
2023-09-06,600969,5,-0.004411792631379585,-0.002954209748892156,6.77,6.75,6.800000190734863,0.1,
2023-09-06,603880,6,4.2861768800861455e-08,-0.0022471910112359383,4.45,4.44,4.449999809265137,0.1,
2023-09-06,601339,7,-0.0053571259184755915,-0.0017953321364453378,5.57,5.56,5.599999904632568,0.1,
2023-09-06,603001,8,-0.0017361507785524921,0.0,5.75,5.75,5.760000228881836,0.1,
2023-09-06,603309,9,-0.008799999999999919,0.0008071025020177647,12.39,12.4,12.5,0.1,
2023-09-06,000726,10,0.0029455137348062266,-0.001468428781204123,6.81,6.8,6.789999961853027,0.1,
2023-09-06,600666,11,1.8699496839857943e-08,-0.004901960784313819,2.04,2.03,2.0399999618530273,0.1,
2023-09-06,603787,12,-0.001405449253667701,0.0014074595355382247,14.21,14.23,14.229999542236328,0.1,
2023-09-06,603117,13,-1.6633854071912424e-08,-0.005813953488372103,3.44,3.42,3.440000057220459,0.1,
2023-09-06,600051,14,0.004065025080471241,0.0013495276653170407,7.41,7.42,7.380000114440918,0.1,
2023-09-06,002358,15,-0.004739287010898652,0.0023809523809523725,4.2,4.21,4.21999979019165,0.1,
2023-09-06,000007,16,-0.026209684908700126,0.0,4.83,4.83,4.960000038146973,0.1,
2023-09-06,002772,17,-0.006578934902629507,0.0,9.06,9.06,9.119999885559082,0.1,
2023-09-06,603987,18,-0.0009990238414763208,0.0009999999999998899,10.0,10.01,10.010000228881836,0.1,
2023-09-06,000501,19,-0.007407387373331575,0.0,9.38,9.38,9.449999809265137,0.1,
2023-09-06,600644,20,-0.01174742194592271,0.0014858841010401136,6.73,6.74,6.809999942779541,0.1,
2023-10-12,600658,1,0.015350889933956946,-0.002159827213822796,4.63,4.62,4.559999942779541,0.1,
2023-10-12,002200,2,-9.633073783099633e-09,0.002525252525252597,7.92,7.94,7.920000076293945,0.1,
2023-10-12,600969,3,0.006172836544564131,0.0015337423312884457,6.52,6.53,6.480000019073486,0.1,
2023-10-12,001230,4,0.0012458503483803174,-0.00041476565740350413,24.11,24.1,24.079999923706055,0.1,
2023-10-12,000042,5,0.010802466160566793,-0.0015267175572518665,6.55,6.54,6.480000019073486,0.1,
2023-10-12,000007,6,-4.435694300752857e-08,0.0046511627906977715,4.3,4.32,4.300000190734863,0.1,
2023-10-12,600097,7,-0.003296745078254726,0.0011025358324145973,9.07,9.08,9.100000381469727,0.1,
2023-10-12,600510,8,0.00559698987655155,0.0,5.39,5.39,5.360000133514404,0.1,
2023-10-12,605122,9,0.0020704092032928223,0.0,14.52,14.52,14.489999771118164,0.1,
2023-10-12,600067,10,0.011718772613676709,-0.0038610038610037423,2.59,2.58,2.559999942779541,0.1,
2023-10-12,600854,11,0.006564513613074308,0.0,4.6,4.6,4.570000171661377,0.1,
2023-10-12,600512,12,0.003906272439053726,0.0,2.57,2.57,2.559999942779541,0.1,
2023-10-12,000726,13,0.003034878140974806,0.0,6.61,6.61,6.590000152587891,0.1,
2023-10-12,603001,14,0.0034965403045372767,0.0,5.74,5.74,5.71999979019165,0.1,
2023-10-12,600622,15,0.011320718321864431,0.0,2.68,2.68,2.6500000953674316,0.1,
2023-10-12,603797,16,0.0018181818181817189,0.0,5.51,5.51,5.5,0.1,
2023-10-12,605138,17,0.003836295099754361,0.001273885350318471,7.85,7.86,7.820000171661377,0.1,
2023-10-12,001225,18,0.0007334589976020212,-0.001465917419985363,40.93,40.87,40.900001525878906,0.1,
2023-10-12,003011,19,0.002092066203672971,-0.001670146137787043,23.95,23.91,23.899999618530273,0.1,
2023-10-12,002772,20,0.0023363994629566065,0.0,8.58,8.58,8.5600004196167,0.1,
2023-11-09,002200,1,-0.011703518407123359,0.0,7.6,7.6,7.690000057220459,0.1,
2023-11-09,000906,2,0.0013793103448276334,0.0,7.26,7.26,7.25,0.1,
2023-11-09,600694,3,-0.004681108945208234,0.0011757789535566943,17.01,17.03,17.09000015258789,0.1,
2023-11-09,000501,4,-0.00585479649606202,0.0011778563015312216,8.49,8.5,8.539999961853027,0.1,
2023-11-09,600790,5,-0.00771210902188757,0.0,3.86,3.86,3.890000104904175,0.1,
2023-11-09,000498,6,-2.278402744249064e-08,0.0017064846416381396,5.86,5.87,5.860000133514404,0.1,
2023-11-09,603007,7,-5.2061622457522105e-08,-0.004962779156327701,4.03,4.01,4.03000020980835,0.1,
2023-11-09,002807,8,-0.0027397520838762235,0.0027472527472527375,3.64,3.65,3.6500000953674316,0.1,
2023-11-09,603458,9,3.364672451766637e-08,0.0,9.07,9.07,9.069999694824219,0.1,
2023-11-09,600969,10,-0.0030395021182295645,0.001524390243902607,6.56,6.57,6.579999923706055,0.1,
2023-11-09,001225,11,-0.005422718670916926,0.0032218091697644446,40.35,40.48,40.56999969482422,0.1,
2023-11-09,600051,12,-0.00558657098666937,0.001404494382022392,7.12,7.13,7.159999847412109,0.1,
2023-11-09,603076,13,0.0007158004853293765,0.003934191702432033,27.96,28.07,27.940000534057617,0.1,
2023-11-09,600419,14,-0.003228437628277514,0.0,12.35,12.35,12.390000343322754,0.1,
2023-11-09,002951,15,0.011508929202427742,-0.0012642225031604948,7.91,7.9,7.820000171661377,0.1,
2023-11-09,603199,16,-0.006810454146704337,0.0011428571428571122,26.25,26.28,26.43000030517578,0.1,
2023-11-09,002391,17,0.003076923076922977,0.0,6.52,6.52,6.5,0.1,
2023-11-09,600279,18,-2.2980103375758176e-08,0.0,4.15,4.15,4.150000095367432,0.1,
2023-11-09,600496,19,8.722631061885977e-09,-0.0030487804878047697,3.28,3.27,3.2799999713897705,0.1,
2023-11-09,000900,20,-5.2061622457522105e-08,0.002481389578163684,4.03,4.04,4.03000020980835,0.1,
2023-12-07,002808,1,,,,,,0.1,none
2023-12-07,003011,2,-0.012053764418300306,0.0,21.31,21.31,21.56999969482422,0.1,
2023-12-07,603076,3,-0.016624505783360832,-0.0014700477765526854,27.21,27.17,27.670000076293945,0.1,
2023-12-07,600748,4,0.014044960119134142,0.0,3.61,3.61,3.559999942779541,0.1,
2023-12-07,002742,5,-0.0029939863551758927,0.0,3.33,3.33,3.3399999141693115,0.1,
2023-12-07,000965,6,0.00588232472693706,0.0,3.42,3.42,3.4000000953674316,0.1,
2023-12-07,000637,7,-3.1526422694660994e-08,0.0,3.63,3.63,3.630000114440918,0.1,
2023-12-07,002868,8,-0.0059037445531857635,-0.002740977615349527,21.89,21.83,22.020000457763672,0.1,
2023-12-07,603180,9,-0.00909089477265812,-0.00420489296636084,26.16,26.05,26.399999618530273,0.1,
2023-12-07,603507,10,0.0020576446300129003,-0.001642710472279374,24.35,24.31,24.299999237060547,0.1,
2024-01-05,000560,1,-0.0045662360544186376,0.0,2.18,2.18,2.190000057220459,0.1,
2024-01-05,600533,2,-0.0033898466176526254,0.0,2.94,2.94,2.950000047683716,0.1,
2024-01-05,600067,3,-0.007905127120924171,-0.003984063745019806,2.51,2.5,2.5299999713897705,0.1,
2024-01-05,000965,4,0.009584627623708819,0.0,3.16,3.16,3.130000114440918,0.1,
2024-01-05,600657,5,-0.0027932748377554883,0.0,3.57,3.57,3.5799999237060547,0.1,
2024-01-05,600173,6,-0.002061836047257848,-0.0020661157024792765,4.84,4.83,4.849999904632568,0.1,
2024-01-05,000042,7,0.010526349603965812,-0.003472222222222099,5.76,5.74,5.699999809265137,0.1,
2024-01-05,600638,8,-0.0019083533501814687,0.0019120458891013214,5.23,5.24,5.239999771118164,0.1,
2024-01-05,603808,9,-0.013071928233828412,0.002207505518763808,9.06,9.08,9.180000305175781,0.1,
2024-01-05,603713,10,-0.02981831374107602,-0.0006106248727865138,49.13,49.1,50.63999938964844,0.1,
2024-02-02,605068,1,-0.03586630611402031,0.018915510718789497,15.86,16.16,16.450000762939453,0.1,
2024-02-02,603949,2,-0.06472727272727274,0.014774494556765161,12.86,13.05,13.75,0.1,
2024-02-02,001288,3,-0.09985210148335855,0.0008216926869351049,12.17,12.18,13.520000457763672,0.1,
2024-02-02,600051,4,-0.06745359863706579,0.01989150090415892,5.53,5.64,5.929999828338623,0.1,
2024-02-02,603968,5,-0.08778282117571212,0.01984126984126977,10.08,10.28,11.050000190734863,0.1,
2024-02-02,600173,6,-0.034229864881375915,0.017721518987341645,3.95,4.02,4.090000152587891,0.1,
2024-02-02,600658,7,-0.039787793550505435,0.016574585635359185,3.62,3.68,3.7699999809265137,0.1,
2024-02-02,605177,8,-0.08676030530203682,0.021416803953871577,18.21,18.6,19.940000534057617,0.1,
2024-02-02,603585,9,-0.07388747763949999,0.02357207615593837,11.03,11.29,11.90999984741211,0.1,
2024-02-02,001231,10,-0.09791922507017148,0.028493894165535938,14.74,15.16,16.34000015258789,0.1,
2024-03-11,600671,1,0.027713643974209834,0.0022471910112358273,8.9,8.92,8.65999984741211,0.1,
2024-03-11,002951,2,0.04961836645774409,0.0,5.5,5.5,5.239999771118164,0.1,
2024-03-11,603458,3,0.013953518356013328,0.001529051987767538,6.54,6.55,6.449999809265137,0.1,
2024-03-11,600051,4,0.019503570233760925,0.003478260869565153,5.75,5.77,5.639999866485596,0.1,
2024-03-11,600533,5,0.02173915161753026,-0.004255319148936287,2.35,2.34,2.299999952316284,0.1,
2024-03-11,603559,6,0.027726461519152146,0.003597122302158251,5.56,5.58,5.409999847412109,0.1,
2024-03-11,600599,7,,,,,,0.1,none
2024-03-11,000036,8,0.010273946206238005,0.0,2.95,2.95,2.9200000762939453,0.1,
2024-03-11,000501,9,0.0082417291844048,0.0,7.34,7.34,7.28000020980835,0.1,
2024-03-11,603385,10,0.008849540493559349,0.0017543859649122862,5.7,5.71,5.650000095367432,0.1,
2024-03-11,002133,11,0.011406800096455338,0.0,2.66,2.66,2.630000114440918,0.1,
2024-03-11,603797,12,0.009259219154901244,0.0,4.36,4.36,4.320000171661377,0.1,
2024-03-11,000926,13,0.02121213596823912,0.0029673590504450953,3.37,3.38,3.299999952316284,0.1,
2024-03-11,000809,14,0.039215705707320136,0.004716981132075304,2.12,2.13,2.0399999618530273,0.1,
2024-03-11,603506,15,0.008631362057471836,0.0012224938875304847,8.18,8.19,8.109999656677246,0.1,
2024-03-11,600097,16,0.015325680391213625,0.002515723270440251,7.95,7.97,7.829999923706055,0.1,
2024-03-11,002628,17,0.011764724801843762,0.007751937984496138,2.58,2.6,2.549999952316284,0.1,
2024-03-11,000900,18,0.005420038609594613,0.0,3.71,3.71,3.690000057220459,0.1,
2024-03-11,600865,19,0.004559282164406042,0.00302571860816947,6.61,6.63,6.579999923706055,0.1,
2024-03-11,603980,20,0.008797628567215554,-0.0029069767441859407,3.44,3.43,3.4100000858306885,0.1,
2024-04-10,603001,1,-0.024774787342980664,0.006928406466512715,4.33,4.36,4.440000057220459,0.1,
2024-04-10,600665,2,-0.043010739603497106,0.0037453183520599342,2.67,2.68,2.7899999618530273,0.1,
2024-04-10,603559,3,-0.005988069363528026,-0.002008032128514192,4.98,4.97,5.010000228881836,0.1,
2024-04-10,000608,4,-0.03255818244764708,0.004807692307692291,2.08,2.09,2.1500000953674316,0.1,
2024-04-10,603385,5,-0.03915173082550705,0.00339558573853993,5.89,5.91,6.130000114440918,0.1,
2024-04-10,605068,6,-0.02911467177227145,-0.000611995104039309,16.34,16.33,16.829999923706055,0.1,
2024-04-10,002808,7,,,,,,0.1,none
2024-04-10,600076,8,-0.03225809854048278,0.0,2.1,2.1,2.1700000762939453,0.1,
2024-04-10,603880,9,-0.049627841041194554,0.0,3.83,3.83,4.03000020980835,0.1,
2024-04-10,000514,10,-0.02662725189161852,0.0,3.29,3.29,3.380000114440918,0.1,
2024-05-13,002808,1,,,,,,0.1,none
2024-05-13,002289,2,-0.05000001415610289,0.0,3.04,3.04,3.200000047683716,0.1,
2024-05-13,600671,3,-0.005952335809632059,0.0011976047904191933,8.35,8.36,8.399999618530273,0.1,
2024-05-13,603880,4,-0.05093834265466879,0.0,3.54,3.54,3.7300000190734863,0.1,
2024-05-13,603608,5,-0.049535609327761576,0.0,3.07,3.07,3.2300000190734863,0.1,
2024-05-13,001225,6,-0.016388378172146667,-0.0009430996541966996,31.81,31.78,32.34000015258789,0.1,
2024-05-13,603458,7,-0.0398724053727304,0.0016611295681063787,6.02,6.03,6.269999980926514,0.1,
2024-05-13,002628,8,-0.02880661104286153,0.004237288135593209,2.36,2.37,2.430000066757202,0.1,
2024-05-13,600117,9,-0.03529409960754437,0.004065040650406582,2.46,2.47,2.549999952316284,0.1,
2024-05-13,600668,10,-0.010952914916479428,0.0,9.03,9.03,9.130000114440918,0.1,
2024-05-13,600051,11,-0.01313631372470414,-0.0033277870216305017,6.01,5.99,6.090000152587891,0.1,
2024-05-13,002200,12,-0.017123313351897318,-0.0017421602787456303,5.74,5.73,5.840000152587891,0.1,
2024-05-13,600493,13,-0.023032636711774912,-0.0019646365422396617,5.09,5.08,5.210000038146973,0.1,
2024-05-13,000726,14,-0.007961816582467085,0.0016051364365969878,6.23,6.24,6.28000020980835,0.1,
2024-05-13,603130,15,-0.021938794545956042,0.0005216484089722861,19.17,19.18,19.600000381469727,0.1,
2024-05-13,605287,16,-0.022865845135355944,0.002340093603744098,12.82,12.85,13.119999885559082,0.1,
2024-05-13,000717,17,-0.0182648658334863,0.0046511627906977715,2.15,2.16,2.190000057220459,0.1,
2024-05-13,600356,18,-0.020143858001046455,0.001468428781204123,6.81,6.82,6.949999809265137,0.1,
2024-05-13,603023,19,-0.049107146905545074,0.0,2.13,2.13,2.240000009536743,0.1,
2024-05-13,603797,20,-0.022004926462152907,0.0,4.0,4.0,4.090000152587891,0.1,
2024-06-11,603608,1,0.007968131319813887,-0.007905138339920903,2.53,2.51,2.509999990463257,0.1,
2024-06-11,600051,2,-0.009090909090909038,-0.0018348623853210455,5.45,5.44,5.5,0.1,
2024-06-11,603797,3,0.003021165375628687,-0.0060240963855421326,3.32,3.3,3.309999942779541,0.1,
2024-06-11,603458,4,-0.008565326689606634,-0.004319654427645703,4.63,4.61,4.670000076293945,0.1,
2024-06-11,603898,5,-7.440891791610227e-09,-0.006501950585175664,7.69,7.64,7.690000057220459,0.1,
2024-06-11,002748,6,-0.005514716342813308,-0.001848428835489746,5.41,5.4,5.440000057220459,0.1,
2024-06-11,000789,7,-0.02016129785844356,-0.004115226337448652,4.86,4.84,4.960000038146973,0.1,
2024-06-11,600716,8,-0.022058833815853274,-0.007518796992481258,2.66,2.64,2.7200000286102295,0.1,
2024-06-11,002200,9,0.01127816285763128,-0.0074349442379182396,5.38,5.34,5.320000171661377,0.1,
2024-06-11,600356,10,-0.027156585090445162,-0.003284072249589376,6.09,6.07,6.260000228881836,0.1,
2024-07-09,603608,1,-0.008928575648032733,0.0,2.22,2.22,2.240000009536743,0.1,
2024-07-09,600287,2,-0.04999997483359375,0.0,3.42,3.42,3.5999999046325684,0.1,
2024-07-09,603585,3,0.0031712433120565375,-0.005268703898840932,9.49,9.44,9.460000038146973,0.1,
2024-07-09,605122,4,0.012958938245367202,-0.0031982942430704986,9.38,9.35,9.260000228881836,0.1,
2024-07-09,001333,5,0.018637504663412185,0.0012618296529969264,15.85,15.87,15.5600004196167,0.1,
2024-07-09,603810,6,0.0024999999999999467,0.0,8.02,8.02,8.0,0.1,
2024-07-09,002133,7,-0.014018739922219914,0.0,2.11,2.11,2.140000104904175,0.1,
2024-07-09,002289,8,0.01127816285763128,-0.0074349442379182396,2.69,2.67,2.6600000858306885,0.1,
2024-07-09,603333,9,0.0033898142897101913,-0.010135135135135087,2.96,2.93,2.950000047683716,0.1,
2024-07-09,002259,10,0.004424782999531418,0.0,2.27,2.27,2.259999990463257,0.1,
2024-08-06,600287,1,0.007142874294397972,0.007092198581560183,2.82,2.84,2.799999952316284,0.1,
2024-08-06,002951,2,-0.00245096173849213,0.002457002457002311,4.07,4.08,4.079999923706055,0.1,
2024-08-06,603903,3,0.01520268961928739,0.004991680532445919,6.01,6.04,5.920000076293945,0.1,
2024-08-06,002986,4,0.015259417849252,0.0010020040080160886,9.98,9.99,9.829999923706055,0.1,
2024-08-06,002289,5,0.007490607915568104,0.003717472118959231,2.69,2.7,2.6700000762939453,0.1,
2024-08-06,001336,6,0.01720844020635104,0.005012531328320691,15.96,16.04,15.6899995803833,0.1,
2024-08-06,002853,7,0.0145560576574566,0.004304160688665792,6.97,7.0,6.869999885559082,0.1,
2024-08-06,002133,8,0.014285760347537035,0.009389671361502261,2.13,2.15,2.0999999046325684,0.1,
2024-08-06,002197,9,0.011396014143995492,0.0,3.55,3.55,3.509999990463257,0.1,
2024-08-06,603282,10,0.024716080585924338,0.003911342894393766,15.34,15.4,14.970000267028809,0.1,
2024-09-03,603278,1,0.007782127345025369,-0.0038610038610037423,5.18,5.16,5.139999866485596,0.1,
2024-09-03,002674,2,-0.001256286193347833,0.0,7.95,7.95,7.960000038146973,0.1,
2024-09-03,603955,3,0.0013037710047698603,0.0,7.68,7.68,7.670000076293945,0.1,
2024-09-03,605266,4,0.03148750929987787,-0.0005263157894738191,19.0,18.99,18.420000076293945,0.1,
2024-09-03,603307,5,0.0032016857948873323,0.0021276595744681437,28.2,28.26,28.110000610351562,0.1,
2024-09-03,605186,6,0.007258523377747128,0.0,18.04,18.04,17.90999984741211,0.1,
2024-09-03,000822,7,-3.3858258530194973e-08,0.0,5.07,5.07,5.070000171661377,0.1,
2024-09-03,605068,8,0.007685735402206628,0.0025423728813558366,11.8,11.83,11.710000038146973,0.1,
2024-09-03,603610,9,0.00495666749546908,0.0012330456226881115,8.11,8.12,8.069999694824219,0.1,
2024-09-03,603151,10,-0.003355657918500121,0.0011223344556676729,8.91,8.92,8.9399995803833,0.1,
2024-10-10,603608,1,-0.006992970569726253,0.0035211267605634866,2.84,2.85,2.859999895095825,0.1,
2024-10-10,603879,2,-0.05138338848215851,0.0,2.4,2.4,2.5299999713897705,0.1,
2024-10-10,002316,3,-0.04626332577464398,0.0,2.68,2.68,2.809999942779541,0.1,
2024-10-10,002748,4,-0.015597917023227104,0.0035211267605634866,5.68,5.7,5.769999980926514,0.1,
2024-10-10,600303,5,-0.02008032503824997,-0.004098360655737654,2.44,2.43,2.490000009536743,0.1,
2024-10-10,002808,6,,,,,,0.1,none
2024-10-10,603023,7,-0.004901942176481322,0.0,2.03,2.03,2.0399999618530273,0.1,
2024-10-10,600608,8,,,,,,0.1,none
2024-10-10,600234,9,6.315723943828289e-09,0.0033112582781456013,3.02,3.03,3.0199999809265137,0.1,
2024-10-10,600287,10,0.002915432375560245,0.0029069767441860517,3.44,3.45,3.430000066757202,0.1,
2024-10-10,603819,11,-0.020066918803831046,-0.0034129692832763903,8.79,8.76,8.970000267028809,0.1,
2024-10-10,605177,12,0.0005224979451654566,-0.0015665796344646044,19.15,19.12,19.139999389648438,0.1,
2024-10-10,002289,13,-0.049844248051578055,0.0,3.05,3.05,3.2100000381469727,0.1,
2024-10-10,603665,14,-0.021232902285617694,0.0006997900629812648,14.29,14.3,14.600000381469727,0.1,
2024-10-10,600493,15,0.02114164493092363,0.0020703933747412417,4.83,4.84,4.730000019073486,0.1,
2024-10-10,600785,16,0.011707317073170742,0.0009643201542912649,10.37,10.38,10.25,0.1,
2024-10-10,603090,17,0.019455247874301973,0.003816793893129722,15.72,15.78,15.420000076293945,0.1,
2024-10-10,603278,18,0.011844357765684599,-0.0016722408026756952,5.98,5.97,5.909999847412109,0.1,
2024-10-10,603182,19,0.016873869205687564,0.0017467248908298316,11.45,11.47,11.260000228881836,0.1,
2024-10-10,002259,20,-0.037500038246312206,-0.0043290043290044045,2.31,2.3,2.4000000953674316,0.1,
2024-11-07,605189,1,0.014307249310937964,0.0,13.47,13.47,13.279999732971191,0.1,
2024-11-07,603073,2,0.02352149750452015,0.0006565988181221893,15.23,15.24,14.880000114440918,0.1,
2024-11-07,603878,3,0.021543954154462863,0.005272407732864526,5.69,5.72,5.570000171661377,0.1,
2024-11-07,605177,4,0.01634162877524581,0.0010373443983402453,19.28,19.3,18.969999313354492,0.1,
2024-11-07,603661,5,0.015501472658593363,0.0011972463334333217,33.41,33.45,32.900001525878906,0.1,
2024-11-07,603307,6,0.03073968849936537,0.0018639328984157988,32.19,32.25,31.229999542236328,0.1,
2024-11-07,603518,7,0.029908965028366152,0.0012626262626262985,7.92,7.93,7.690000057220459,0.1,
2024-11-07,603216,8,0.01652089784034949,0.0009560229445506607,10.46,10.47,10.289999961853027,0.1,
2024-11-07,603639,9,0.018837015653927258,0.000803858520900258,12.44,12.45,12.210000038146973,0.1,
2024-11-07,001218,10,0.02040815845077515,0.000606060606060721,16.5,16.51,16.170000076293945,0.1,
2024-11-07,605033,11,0.023181436116095577,0.0031249999999998224,12.8,12.84,12.510000228881836,0.1,
2024-11-07,002521,12,0.017857093914075417,0.003095975232198178,9.69,9.72,9.520000457763672,0.1,
2024-11-07,605001,13,0.011235951960225421,0.0015873015873015817,6.3,6.31,6.230000019073486,0.1,
2024-11-07,603511,14,0.017006782927348807,0.0,11.96,11.96,11.760000228881836,0.1,
2024-11-07,603836,15,0.018575845378392408,0.0007598784194529085,13.16,13.17,12.920000076293945,0.1,
2024-11-07,603700,16,0.020289817467664006,0.0009469696969697239,10.56,10.57,10.350000381469727,0.1,
2024-11-07,605151,17,0.012765910475436515,-0.0006002400960385401,16.66,16.65,16.450000762939453,0.1,
2024-11-07,605566,18,-0.005945285174707271,0.009569377990430672,16.72,16.88,16.81999969482422,0.1,
2024-11-07,003041,19,0.013136263613739763,-0.0008103727714748876,12.34,12.33,12.180000305175781,0.1,
2024-11-07,001256,20,0.013505160964291774,-0.0024227740763175243,16.51,16.47,16.290000915527344,0.1,
2024-12-05,603608,1,-0.022922638773104742,0.008797653958944274,3.41,3.44,3.490000009536743,0.1,
2024-12-05,603661,2,-0.0036596801517780886,0.0018365472910926162,32.67,32.73,32.790000915527344,0.1,
2024-12-05,605177,3,0.005735124769238542,-0.0005184033177810798,19.29,19.28,19.18000030517578,0.1,
2024-12-05,605122,4,0.006086956521739184,0.0008643042350906516,11.57,11.58,11.5,0.1,
2024-12-05,002674,5,0.008213576053570204,0.003054989816700493,9.82,9.85,9.739999771118164,0.1,
2024-12-05,605189,6,0.01033973696760726,0.0,13.68,13.68,13.539999961853027,0.1,
2024-12-05,605287,7,-0.002223852603940868,0.0,13.46,13.46,13.489999771118164,0.1,
2024-12-05,603558,8,-3.471412957090081e-08,0.002022244691607611,9.89,9.91,9.890000343322754,0.1,
2024-12-05,001218,9,0.011111088555071813,0.0011567379988433046,17.29,17.31,17.100000381469727,0.1,
2024-12-05,002322,10,0.007616137447637783,0.0,13.23,13.23,13.130000114440918,0.1,
2024-12-05,600671,11,-0.0010893578260714465,0.0,9.17,9.17,9.180000305175781,0.1,
2024-12-05,002788,12,5.243570400104147e-08,0.0,8.73,8.73,8.729999542236328,0.1,
2024-12-05,603889,13,0.007225422421213601,-0.001434720229555153,6.97,6.96,6.920000076293945,0.1,
2024-12-05,603216,14,0.0018691767375123014,0.001865671641791078,10.72,10.74,10.699999809265137,0.1,
2024-12-05,600287,15,-2.2980103375758176e-08,0.00240963855421672,4.15,4.16,4.150000095367432,0.1,
2024-12-05,603948,16,0.004168809990411582,-0.002594706798131896,19.27,19.22,19.190000534057617,0.1,
2024-12-05,605258,17,0.007072111333043196,0.002457865168539408,28.48,28.55,28.280000686645508,0.1,
2024-12-05,605116,18,-0.0014251419547669508,-0.0023786869647954845,21.02,20.97,21.049999237060547,0.1,
2024-12-05,605099,19,0.004142958895401172,0.001031459515214106,19.39,19.41,19.309999465942383,0.1,
2024-12-05,002884,20,-0.0033783912223301904,0.0,17.7,17.7,17.760000228881836,0.1,
2025-01-03,600051,1,-0.03543910311703102,-0.0015974440894568342,6.26,6.25,6.489999771118164,0.1,
2025-01-03,603458,2,-0.04070798079384352,-0.0073800738007380184,5.42,5.38,5.650000095367432,0.1,
2025-01-03,001228,3,-0.022660061790581443,-0.005544354838709631,19.84,19.73,20.299999237060547,0.1,
2025-01-03,603151,4,-0.03479129274529735,-0.00308959835221434,9.71,9.68,10.0600004196167,0.1,
2025-01-03,002388,5,-0.04999997483359375,0.0,3.42,3.42,3.5999999046325684,0.1,
2025-01-03,603137,6,-0.02571428571428569,-0.00782013685239491,10.23,10.15,10.5,0.1,
2025-01-03,600287,7,-0.016826887014348202,0.0024449877750609694,4.09,4.1,4.159999847412109,0.1,
2025-01-03,603903,8,-0.04402517730132216,-0.006578947368421018,6.08,6.04,6.360000133514404,0.1,
2025-01-03,600493,9,-0.05343507315810725,-0.006048387096774244,4.96,4.93,5.239999771118164,0.1,
2025-01-03,002998,10,-0.03833869330779649,-0.009966777408637828,6.02,5.96,6.260000228881836,0.1,
2025-02-10,603102,1,0.00974767550094957,-0.0005678591709254999,35.22,35.2,34.880001068115234,0.1,
2025-02-10,002586,2,-0.013698655907130375,-0.004629629629629761,2.16,2.15,2.190000057220459,0.1,
2025-02-10,605003,3,0.001128706965040971,0.0033821871476888976,17.74,17.8,17.719999313354492,0.1,
2025-02-10,603661,4,0.0013527326881501711,0.0010131712259371373,29.61,29.64,29.56999969482422,0.1,
2025-02-10,600969,5,0.009836081361553006,-0.0016233766233766378,6.16,6.15,6.099999904632568,0.1,
2025-02-10,605189,6,-0.002356601988617091,0.0015748031496063408,12.7,12.72,12.729999542236328,0.1,
2025-02-10,603209,7,-2.8333334678443123e-08,-0.00202565833896029,14.81,14.78,14.8100004196167,0.1,
2025-02-10,603689,8,0.0023363994629566065,-0.002331002331002252,8.58,8.56,8.5600004196167,0.1,
2025-02-10,000726,9,-2.7161609517101226e-08,-0.0015822784810127777,6.32,6.31,6.320000171661377,0.1,
2025-02-10,001218,10,0.004294525534718874,0.0,16.37,16.37,16.299999237060547,0.1,
2025-02-10,603208,11,4.828730948425175e-08,0.0011507479861909697,17.38,17.4,17.3799991607666,0.1,
2025-02-10,000498,12,0.0,0.0,5.75,5.75,5.75,0.1,
2025-02-10,600780,13,-0.0036832097552279564,0.001848428835489857,5.41,5.42,5.429999828338623,0.1,
2025-02-10,601366,14,0.012145737264080303,0.0,5.0,5.0,4.940000057220459,0.1,
2025-02-10,601199,15,0.007575717538295779,0.001879699248120259,5.32,5.33,5.28000020980835,0.1,
2025-02-10,000707,16,1.6073162800722685e-08,0.001404494382022392,7.12,7.13,7.119999885559082,0.1,
2025-02-10,600608,17,,,,,,0.1,none
2025-02-10,000822,18,0.007619047619047636,0.0,5.29,5.29,5.25,0.1,
2025-02-10,600123,19,-0.0025348373667976043,0.0012706480304955914,7.87,7.88,7.889999866485596,0.1,
2025-02-10,603759,20,0.008438799628536442,0.0,7.17,7.17,7.110000133514404,0.1,
2025-03-10,600308,1,-2.8049243816496983e-08,0.002941176470588225,3.4,3.41,3.4000000953674316,0.1,
2025-03-10,600697,2,0.005474449055127062,0.001814882032667775,11.02,11.04,10.960000038146973,0.1,
2025-03-10,600287,3,-0.004464289952753719,0.0,4.46,4.46,4.480000019073486,0.1,
2025-03-10,600716,4,0.003058109826242994,0.0060975609756097615,3.28,3.3,3.2699999809265137,0.1,
2025-03-10,000498,5,-0.0034662012118936714,-0.0017391304347825765,5.75,5.74,5.769999980926514,0.1,
2025-03-10,601366,6,0.00426438007154184,0.002123142250530785,4.71,4.72,4.690000057220459,0.1,
2025-03-10,600790,7,-0.0028985645059425025,-0.0029069767441859407,3.44,3.43,3.450000047683716,0.1,
2025-03-10,002586,8,-0.009302369525715615,0.009389671361502261,2.13,2.15,2.1500000953674316,0.1,
2025-03-10,000900,9,-0.002439001186626766,0.0,4.09,4.09,4.099999904632568,0.1,
2025-03-10,600356,10,0.002590700822785008,0.0025839793281652312,7.74,7.76,7.71999979019165,0.1,
2025-03-10,603797,11,0.010050246415783892,0.0024875621890549926,4.02,4.03,3.9800000190734863,0.1,
2025-03-10,600512,12,1.6658066925856474e-08,0.004366812227074135,2.29,2.3,2.2899999618530273,0.1,
2025-03-10,603001,13,0.014000000000000012,0.0,5.07,5.07,5.0,0.1,
2025-03-10,600502,14,-0.008948499344322292,0.0,4.43,4.43,4.46999979019165,0.1,
2025-03-10,601199,15,0.0058252240926275345,0.0,5.18,5.18,5.150000095367432,0.1,
2025-03-10,001218,16,0.0012151225176075808,0.0012135922330096527,16.48,16.5,16.459999084472656,0.1,
2025-03-10,600939,17,0.007220223541949844,-0.0035842293906810374,2.79,2.78,2.7699999809265137,0.1,
2025-03-10,603639,18,0.00245302198581987,0.0,12.26,12.26,12.229999542236328,0.1,
2025-03-10,001227,19,-0.00429181288991165,0.0,2.32,2.32,2.3299999237060547,0.1,
2025-03-10,601860,20,-2.1271545636025735e-08,-0.0037174721189590088,2.69,2.68,2.690000057220459,0.1,
2025-04-08,000668,1,-0.04329001959160861,0.009049773755656076,4.42,4.46,4.619999885559082,0.1,
2025-04-08,002898,2,,,,,,0.1,none
2025-04-08,002199,3,-0.05010015683069735,0.0,4.74,4.74,4.989999771118164,0.1,
2025-04-08,600130,4,-0.07117435831038099,0.011494252873563315,2.61,2.64,2.809999942779541,0.1,
2025-04-08,002628,5,-0.039787793550505435,0.008287292817679592,3.62,3.65,3.7699999809265137,0.1,
2025-04-08,000926,6,-0.028571384455879922,0.004901960784313708,2.04,2.05,2.0999999046325684,0.1,
2025-04-08,002963,7,-0.0510805785449141,0.008281573498964745,9.66,9.74,10.180000305175781,0.1,
2025-04-08,603201,8,-0.0999367727818824,0.0,14.23,14.23,15.8100004196167,0.1,
2025-04-08,000004,9,,,,,,0.1,none
2025-04-08,600716,10,-0.02980131837580413,0.006825938566553003,2.93,2.95,3.0199999809265137,0.1,
2025-05-09,600508,1,-0.0017746634384467885,0.0,11.25,11.25,11.270000457763672,0.1,
2025-05-09,600971,2,-0.00854700585321011,0.0,6.96,6.96,7.019999980926514,0.1,
2025-05-09,600123,3,-0.007331403284876581,0.001477104874446189,6.77,6.78,6.820000171661377,0.1,
2025-05-09,600740,4,-0.008426950354419982,0.0,3.53,3.53,3.559999942779541,0.1,
2025-05-09,002253,5,0.00959230766767849,-0.001187648456057011,8.42,8.41,8.34000015258789,0.1,
2025-05-09,002918,6,-0.012925995995688555,0.0,8.4,8.4,8.510000228881836,0.1,
2025-05-09,002898,7,,,,,,0.1,none
2025-05-09,000820,8,0.04368934937882685,0.0046511627906977715,2.15,2.16,2.059999942779541,0.1,
2025-05-09,000504,9,0.0505529352528955,0.0,6.65,6.65,6.329999923706055,0.1,
2025-05-09,603208,10,-0.0020548205949229015,-0.002059025394646641,14.57,14.54,14.600000381469727,0.1,
2025-05-09,605007,11,-0.004332752341274615,0.0008703220191470518,11.49,11.5,11.539999961853027,0.1,
2025-05-09,000498,12,0.0035088055094938397,0.0017482517482518833,5.72,5.73,5.699999809265137,0.1,
2025-05-09,000090,13,-0.013774135775370011,0.0,3.58,3.58,3.630000114440918,0.1,
2025-05-09,600075,14,-0.007092203058679192,0.0,4.2,4.2,4.230000019073486,0.1,
2025-05-09,603878,15,-0.0056285035901455505,-0.0018867924528301883,5.3,5.29,5.329999923706055,0.1,
2025-05-09,603096,16,-0.011092661066488319,0.000560852495793629,17.83,17.84,18.030000686645508,0.1,
2025-05-09,600551,17,-0.0037974803804146084,-0.0012706480304954804,7.87,7.86,7.900000095367432,0.1,
2025-05-09,002986,18,-0.009310965851887731,-0.001879699248120481,10.64,10.62,10.739999771118164,0.1,
2025-05-09,000638,19,,,,,,0.1,none
2025-05-09,600997,20,1.2548346361995755e-08,0.0,6.08,6.08,6.079999923706055,0.1,
2025-06-09,000090,1,0.0028169148783201425,-0.002808988764045006,3.56,3.55,3.549999952316284,0.1,
2025-06-09,600748,2,0.0031446330292046465,-0.0031347962382444194,3.19,3.18,3.180000066757202,0.1,
2025-06-09,600853,3,0.0027933174600722754,0.0,3.59,3.59,3.5799999237060547,0.1,
2025-06-09,600971,4,0.006051416895256345,-0.0015037593984963404,6.65,6.64,6.610000133514404,0.1,
2025-06-09,603165,5,0.0027173947690790623,0.0,11.07,11.07,11.039999961853027,0.1,
2025-06-09,600123,6,0.003062754907972254,-0.0015267175572518665,6.55,6.54,6.53000020980835,0.1,
2025-06-09,002208,7,-1.4901160971803051e-08,0.0,6.4,6.4,6.400000095367432,0.1,
2025-06-09,600894,8,-0.00288742467097558,-0.0009652509652509078,10.36,10.35,10.390000343322754,0.1,
2025-06-09,600508,9,0.00262464514639027,0.0008726003490400203,11.46,11.47,11.430000305175781,0.1,
2025-06-09,600955,10,3.1813245815470736e-08,0.0015163002274451998,13.19,13.21,13.1899995803833,0.1,
2025-06-09,600248,11,2.4770762108161648e-08,0.0,3.85,3.85,3.8499999046325684,0.1,
2025-06-09,002918,12,0.007075526061626203,0.0,8.54,8.54,8.479999542236328,0.1,
2025-06-09,002282,13,0.009695320199793356,0.00137174211248281,7.29,7.3,7.21999979019165,0.1,
2025-06-09,002187,14,0.004470933186657922,0.0014836795252224366,6.74,6.75,6.710000038146973,0.1,
2025-06-09,603661,15,0.0072674251057254224,0.0003607503607503393,27.72,27.73,27.520000457763672,0.1,
2025-06-09,600997,16,0.008726000132649014,0.0,5.78,5.78,5.730000019073486,0.1,
2025-06-09,603190,17,0.012641100961260587,-0.003566651805617438,22.43,22.35,22.149999618530273,0.1,
2025-06-09,603060,18,0.0015673801535593945,-0.0015649452269169695,6.39,6.38,6.380000114440918,0.1,
2025-06-09,603889,19,0.003407174587876982,0.0016977928692700761,5.89,5.9,5.869999885559082,0.1,
2025-06-09,601366,20,0.00426438007154184,-0.002123142250530785,4.71,4.7,4.690000057220459,0.1,
2025-07-07,603813,1,-0.012102894387064023,0.0015313935681469104,13.06,13.08,13.220000267028809,0.1,
2025-07-07,003004,2,-0.008121240873357083,0.003820960698689868,18.32,18.39,18.469999313354492,0.1,
2025-07-07,002187,3,0.0015479817018539954,0.0,6.47,6.47,6.460000038146973,0.1,
2025-07-07,600215,4,0.0013793103448276334,0.0013774104683195176,7.26,7.27,7.25,0.1,
2025-07-07,000910,5,0.005291012899895975,-0.001315789473684159,7.6,7.59,7.559999942779541,0.1,
2025-07-07,603801,6,0.004179760339743099,0.0010405827263266776,9.61,9.62,9.569999694824219,0.1,
2025-07-07,000498,7,0.00844593294960827,-0.0016750418760468344,5.97,5.96,5.920000076293945,0.1,
2025-07-07,605108,8,0.0036822604037538564,0.0015723270440253234,19.08,19.11,19.010000228881836,0.1,
2025-07-07,002088,9,0.0009302325581395099,0.0009293680297397522,10.76,10.77,10.75,0.1,
2025-07-07,002016,10,0.012727272727272698,0.0,5.57,5.57,5.5,0.1,
2025-07-07,002918,11,0.007202890377368876,0.0,8.39,8.39,8.329999923706055,0.1,
2025-07-07,600696,12,,,,,,0.1,none
2025-07-07,603035,13,-0.0007529919557426323,0.0007535795026374359,13.27,13.28,13.279999732971191,0.1,
2025-07-07,600865,14,0.006703932068551577,0.002219755826859071,9.01,9.03,8.949999809265137,0.1,
2025-07-07,000501,15,0.00576700383691664,0.0,8.72,8.72,8.670000076293945,0.1,
2025-07-07,600693,16,-2.612806282442648e-08,0.0,5.84,5.84,5.840000152587891,0.1,
2025-07-07,003012,17,0.0035273233574852902,0.0,5.69,5.69,5.670000076293945,0.1,
2025-07-07,601512,18,0.004076068742035588,0.0013531799729364913,7.39,7.4,7.360000133514404,0.1,
2025-07-07,605377,19,0.007963599368687069,0.0,8.86,8.86,8.789999961853027,0.1,
2025-07-07,600694,20,0.006359255719645018,-0.0010531858873090716,18.99,18.97,18.8700008392334,0.1,
2025-08-04,003004,1,0.006622469934260522,-0.0005482456140349923,18.24,18.23,18.1200008392334,0.1,
2025-08-04,002231,2,,,,,,0.1,none
2025-08-04,603580,3,-0.0006812196844611096,-0.0006816632583503957,14.67,14.66,14.680000305175781,0.1,
2025-08-04,600355,4,,,,,,0.1,none
2025-08-04,600308,5,5.418604009932437e-09,0.0,3.52,3.52,3.5199999809265137,0.1,
2025-08-04,002574,6,0.017574682209825943,0.0,5.79,5.79,5.690000057220459,0.1,
2025-08-04,000809,7,-0.003355711077007051,0.0,2.97,2.97,2.9800000190734863,0.1,
2025-08-04,000498,8,-0.001700699701749686,0.0,5.87,5.87,5.880000114440918,0.1,
2025-08-04,002016,9,-0.003603637846400609,0.001808318264014508,5.53,5.54,5.550000190734863,0.1,
2025-08-04,600697,10,-0.0008057894871121851,0.0008064516129031585,12.4,12.41,12.40999984741211,0.1,
2025-08-04,002253,11,0.004032250342582477,0.0,9.96,9.96,9.920000076293945,0.1,
2025-08-04,002700,12,0.019178055562631968,0.0013440860215052641,7.44,7.45,7.300000190734863,0.1,
2025-08-04,600865,13,-0.0011037990235679418,0.0,9.05,9.05,9.0600004196167,0.1,
2025-08-04,000910,14,7.32656335600268e-09,0.0,7.81,7.81,7.809999942779541,0.1,
2025-08-04,000096,15,0.003308506774795106,-0.0008244023083265883,12.13,12.12,12.09000015258789,0.1,
2025-08-04,003032,16,0.0030864168005624304,0.0,6.5,6.5,6.480000019073486,0.1,
2025-08-04,002991,17,0.0008906414480791547,0.000177967609895191,56.19,56.2,56.13999938964844,0.1,
2025-08-04,002029,18,0.0044313174531767086,-0.0014705882352941124,6.8,6.79,6.769999980926514,0.1,
2025-08-04,002586,19,3.168353135407642e-09,0.0033222591362127574,3.01,3.02,3.009999990463257,0.1,
2025-08-04,603886,20,0.0047393486027691445,0.0007861635220125507,12.72,12.73,12.65999984741211,0.1,
2025-09-01,000809,1,0.013793070109365146,0.0,2.94,2.94,2.9000000953674316,0.1,
2025-09-01,600969,2,0.004160882343176464,0.0,7.24,7.24,7.210000038146973,0.1,
2025-09-01,002700,3,0.008298752526725739,0.00274348422496562,7.29,7.31,7.230000019073486,0.1,
2025-09-01,601528,4,-0.0035650861031041314,0.0,5.59,5.59,5.610000133514404,0.1,
2025-09-01,600368,5,-4.902063999168149e-08,-0.00233644859813098,4.28,4.27,4.28000020980835,0.1,
2025-09-01,600971,6,5.618110865412973e-09,-0.0014727540500736325,6.79,6.78,6.789999961853027,0.1,
2025-09-01,002809,7,0.0016487951665615785,-0.0008230452674896638,12.15,12.14,12.130000114440918,0.1,
2025-09-01,600279,8,-0.0054054395862807025,0.0018115942028986698,5.52,5.53,5.550000190734863,0.1,
2025-09-01,600051,9,-0.006830624383718953,0.0013755158184320937,7.27,7.28,7.320000171661377,0.1,
2025-09-01,603580,10,-0.010121437106142772,0.0,14.67,14.67,14.819999694824219,0.1,
2025-09-01,600269,11,-0.0019762732989376808,-0.001980198019801982,5.05,5.04,5.059999942779541,0.1,
2025-09-01,601113,12,-0.0076923319573932725,0.0051679586563306845,3.87,3.89,3.9000000953674316,0.1,
2025-09-01,603102,13,-0.0067867902022719084,0.002827521206409056,42.44,42.56,42.72999954223633,0.1,
2025-09-01,600508,14,0.0033222623150919173,-0.0008278145695364003,12.08,12.07,12.039999961853027,0.1,
2025-09-01,603385,15,0.0014858812627300821,0.004451038575667532,6.74,6.77,6.730000019073486,0.1,
2025-09-01,603180,16,0.006063621976818867,0.0,19.91,19.91,19.790000915527344,0.1,
2025-09-01,601368,17,0.0020121147345086854,-0.002008032128514192,4.98,4.97,4.96999979019165,0.1,
2025-09-01,000605,18,-0.002816888014254615,0.0,7.08,7.08,7.099999904632568,0.1,
2025-09-01,603559,19,-0.013349487156992579,-0.0036900369003691758,8.13,8.1,8.239999771118164,0.1,
2025-09-01,002641,20,-2.2980103375758176e-08,0.0,4.15,4.15,4.150000095367432,0.1,
2025-09-29,600035,1,-0.0025252621340003945,0.0025316455696202667,3.95,3.96,3.9600000381469727,0.1,
2025-09-29,600969,2,0.004219390425069802,0.0,7.14,7.14,7.110000133514404,0.1,
2025-09-29,603365,3,-0.005952335809632059,0.0011976047904191933,16.7,16.72,16.799999237060547,0.1,
2025-09-29,600051,4,0.0028011392000555357,0.0,7.16,7.16,7.139999866485596,0.1,
2025-09-29,600694,5,0.001697788544228862,-0.001129943502824804,17.7,17.68,17.670000076293945,0.1,
2025-09-29,000900,6,0.007370964882877917,0.0,4.1,4.1,4.070000171661377,0.1,
2025-09-29,002661,7,-0.002132208336557251,0.002136752136752351,9.36,9.38,9.380000114440918,0.1,
2025-09-29,603385,8,0.00766871460425711,-0.0015220700152207556,6.57,6.56,6.519999980926514,0.1,
2025-09-29,000820,9,-0.0038461173074472166,0.0038610038610038533,2.59,2.6,2.5999999046325684,0.1,
2025-09-29,603323,10,3.799499159740094e-09,0.0,5.02,5.02,5.019999980926514,0.1,
2025-09-29,000726,11,2.291109524321655e-08,0.0,6.66,6.66,6.659999847412109,0.1,
2025-09-29,601528,12,0.01127816285763128,-0.0018587360594795044,5.38,5.37,5.320000171661377,0.1,
2025-09-29,000498,13,0.004958646003198286,0.00164473684210531,6.08,6.09,6.050000190734863,0.1,
2025-09-29,000789,14,-3.6299021011210186e-08,0.0,5.78,5.78,5.78000020980835,0.1,
2025-09-29,001277,15,-0.012953328857158164,-0.0010498687664042272,38.1,38.06,38.599998474121094,0.1,
2025-09-29,000507,16,-0.0037243735540601897,0.0,5.35,5.35,5.369999885559082,0.1,
2025-09-29,002700,17,0.010510533662413168,0.0014858841010401136,6.73,6.74,6.659999847412109,0.1,
2025-09-29,603209,18,-0.0020338983050847137,-0.0006793478260869179,14.72,14.71,14.75,0.1,
2025-09-29,002282,19,0.00426739534798215,0.0,7.06,7.06,7.03000020980835,0.1,
2025-09-29,600780,20,3.346225785350043e-08,0.0,5.7,5.7,5.699999809265137,0.1,
2025-11-04,603900,1,-0.010881347654983275,0.002200220022002153,9.09,9.11,9.1899995803833,0.1,
2025-11-04,605259,2,-0.01367446295768271,0.005813953488372103,22.36,22.49,22.670000076293945,0.1,
2025-11-04,603551,3,-0.0036630106240365112,0.003676470588235281,10.88,10.92,10.920000076293945,0.1,
2025-11-04,600696,4,,,,,,0.1,none
2025-11-04,000526,5,-0.0004938271604939537,0.0032114624505930056,40.48,40.61,40.5,0.1,
2025-11-04,002628,6,-0.01103757339791922,0.004464285714285587,4.48,4.5,4.53000020980835,0.1,
2025-11-04,001268,7,-0.01093643972586067,0.011402902557014372,28.94,29.27,29.260000228881836,0.1,
2025-11-04,002852,8,-0.010251588716601479,0.006591337099811634,10.62,10.69,10.729999542236328,0.1,
2025-11-04,001226,9,0.00645338483875757,0.003473149879775539,37.43,37.56,37.189998626708984,0.1,
2025-11-04,603325,10,-0.013220428875557966,0.0037721123829346226,76.88,77.17,77.91000366210938,0.1,
2025-12-02,605169,1,-0.013005791228566821,-0.0036603221083455484,13.66,13.61,13.84000015258789,0.1,
2025-12-02,002628,2,-0.00915329212965521,-0.002309468822170868,4.33,4.32,4.369999885559082,0.1,
2025-12-02,600603,3,-0.020319284353920608,-0.004444444444444473,6.75,6.72,6.889999866485596,0.1,
2025-12-02,603151,4,-0.01391121062751366,-0.0016277807921867282,18.43,18.4,18.690000534057617,0.1,
2025-12-02,002857,5,-0.013085094527023222,0.003059663437022131,19.61,19.67,19.8700008392334,0.1,
2025-12-02,603307,6,-0.010461278148469755,-0.0007208073041805596,41.62,41.59,42.060001373291016,0.1,
2025-12-02,603900,7,-0.014115096374432645,0.0011013215859030367,9.08,9.09,9.210000038146973,0.1,
2025-12-02,600727,8,-0.007002782551900344,0.0,7.09,7.09,7.139999866485596,0.1,
2025-12-02,603968,9,-0.005998292702340424,0.0017241379310344307,11.6,11.62,11.670000076293945,0.1,
2025-12-02,001333,10,-0.0034676937963795673,-0.001304915180513122,22.99,22.96,23.06999969482422,0.1,
2025-12-30,000789,1,-0.013084094557077486,0.0,5.28,5.28,5.349999904632568,0.1,
2025-12-30,600035,2,-0.0025707209857315227,0.0,3.88,3.88,3.890000104904175,0.1,
2025-12-30,603801,3,-0.002183389491841492,0.001094091903719896,9.14,9.15,9.15999984741211,0.1,
2025-12-30,000779,4,-0.007246344795431625,0.0,8.22,8.22,8.279999732971191,0.1,
2025-12-30,603689,5,-0.0036719799282490806,0.0,8.14,8.14,8.170000076293945,0.1,
2025-12-30,000900,6,-0.004866212375838175,-0.0024449877750610804,4.09,4.08,4.110000133514404,0.1,
2025-12-30,603811,7,-0.004712503138091906,-0.0037878787878788955,10.56,10.52,10.609999656677246,0.1,
2025-12-30,600997,8,-0.005163501389844893,0.0,5.78,5.78,5.809999942779541,0.1,
2025-12-30,600971,9,-0.003189789631156903,0.0,6.25,6.25,6.269999980926514,0.1,
2025-12-30,001277,10,-0.001267713703091422,-0.0020309723280019787,39.39,39.31,39.439998626708984,0.1,
2025-12-30,600668,11,-0.0045703457313613916,-0.0009182736455463081,10.89,10.88,10.9399995803833,0.1,
2025-12-30,600928,12,-0.007999999999999896,0.0,3.72,3.72,3.75,0.1,
2025-12-30,000910,13,-0.0013350829671214814,-0.0013368983957220415,7.48,7.47,7.489999771118164,0.1,
2025-12-30,603310,14,-0.0047198088105323555,0.0,16.87,16.87,16.950000762939453,0.1,
2025-12-30,605266,15,-0.0041365125106880285,-0.0015576323987539498,19.26,19.23,19.34000015258789,0.1,
2025-12-30,600551,16,-0.001215011274910749,-0.0012165450121653931,8.22,8.21,8.229999542236328,0.1,
2025-12-30,000731,17,-0.0030257387459038387,-0.0030349013657055,6.59,6.57,6.610000133514404,0.1,
2025-12-30,601199,18,-0.008896776971038634,-0.0017953321364453378,5.57,5.56,5.619999885559082,0.1,
2025-12-30,600248,19,-0.005617961545225647,-0.0028248587570621764,3.54,3.53,3.559999942779541,0.1,
2025-12-30,605080,20,-0.001311798781482021,-0.0017513134851138146,22.84,22.8,22.8700008392334,0.1,
2026-01-29,000638,1,,,,,,0.1,none
2026-01-29,600035,2,-0.007499999999999951,0.0,3.97,3.97,4.0,0.1,
2026-01-29,603518,3,-0.004098384010634226,-0.0030864197530865445,9.72,9.69,9.760000228881836,0.1,
2026-01-29,603137,4,-0.0007022311291356997,-0.0042164441321153046,14.23,14.17,14.239999771118164,0.1,
2026-01-29,600356,5,-0.0010928545297447245,-0.002188183807440014,9.14,9.12,9.149999618530273,0.1,
2026-01-29,605500,6,0.0011274086324621901,-0.0011261261261262812,8.88,8.87,8.869999885559082,0.1,
2026-01-29,603385,7,0.007173631465342556,-0.004273504273504147,7.02,6.99,6.96999979019165,0.1,
2026-01-29,000789,8,3.8356189557831044e-08,0.0,5.47,5.47,5.46999979019165,0.1,
2026-01-29,601528,9,0.009293658828161133,0.0036832412523020164,5.43,5.45,5.380000114440918,0.1,
2026-01-29,603180,10,0.020578155596661762,0.00048007681229012,20.83,20.84,20.40999984741211,0.1,
2026-01-29,603817,11,-0.0029027382979902594,0.0,6.87,6.87,6.889999866485596,0.1,
2026-01-29,603237,12,0.004681091088228895,0.0011648223645894795,17.17,17.19,17.09000015258789,0.1,
2026-01-29,605259,13,-0.025514778365919644,0.0009186954524575963,21.77,21.79,22.34000015258789,0.1,
2026-01-29,000910,14,0.005167988380451627,-0.0012853470437018677,7.78,7.77,7.739999771118164,0.1,
2026-01-29,603535,15,-0.001990068692068525,-0.0009970089730807485,10.03,10.02,10.050000190734863,0.1,
2026-01-29,600051,16,-0.0075949486890026785,0.0012755102040815647,7.84,7.85,7.900000095367432,0.1,
2026-01-29,603201,17,-0.014942507139677375,0.001166861143523823,17.14,17.16,17.399999618530273,0.1,
2026-01-29,001205,18,-0.0006222585571946659,0.0,16.06,16.06,16.06999969482422,0.1,
2026-01-29,603357,19,-0.0011976504207017458,0.0,8.34,8.34,8.350000381469727,0.1,
2026-01-29,600168,20,-0.0075901292355377015,0.0,5.23,5.23,5.269999980926514,0.1,
2026-03-06,000638,1,,,,,,0.1,none
2026-03-06,002808,2,,,,,,0.1,none
2026-03-06,000004,3,,,,,,0.1,none
2026-03-06,600327,4,0.014669888795516561,0.0,4.15,4.15,4.090000152587891,0.1,
2026-03-06,600608,5,,,,,,0.1,none
2026-03-06,000055,6,0.02857145404992667,0.002525252525252597,3.96,3.97,3.8499999046325684,0.1,
2026-03-06,002543,7,0.01348318950709615,-0.0011086474501108556,9.02,9.01,8.899999618530273,0.1,
2026-03-06,002898,8,,,,,,0.1,none
2026-03-06,002614,9,0.016717337016622702,-0.001494768310911887,6.69,6.68,6.579999923706055,0.1,
2026-03-06,002038,10,0.022838480088976265,0.0015948963317384823,6.27,6.28,6.130000114440918,0.1,
2026-04-03,000004,1,,,,,,0.1,none
2026-04-03,603813,2,-0.049868791772268994,0.0,21.72,21.72,22.860000610351562,0.1,
2026-04-03,600608,3,,,,,,0.1,none
2026-04-03,000055,4,-0.04178270689569641,-0.005813953488372103,3.44,3.42,3.5899999141693115,0.1,
2026-04-03,001277,5,-0.01608270246215604,-0.0008756567425569628,34.26,34.23,34.81999969482422,0.1,
2026-04-03,603633,6,-0.022818766928519585,-0.004120879120879106,7.28,7.25,7.449999809265137,0.1,
2026-04-03,603385,7,-0.04248864129053698,-0.004754358161648042,6.31,6.28,6.590000152587891,0.1,
2026-04-03,603677,8,-0.03457272839815684,-0.0013513513513514486,14.8,14.78,15.329999923706055,0.1,
2026-04-03,603836,9,-0.03507403946858856,0.0024232633279481774,12.38,12.41,12.829999923706055,0.1,
2026-04-03,002918,10,-0.02529355939866318,-0.00278035217794248,10.79,10.76,11.069999694824219,0.1,
2026-05-07,000789,1,-0.006048394741178464,0.0020283975659229903,4.93,4.94,4.960000038146973,0.1,
2026-05-07,000726,2,-0.001524381534568131,-0.0015267175572518665,6.55,6.54,6.559999942779541,0.1,
2026-05-07,601528,3,4.019317190184779e-08,0.0,5.22,5.22,5.21999979019165,0.1,
2026-05-07,002462,4,-0.01090909090909098,0.0007352941176470562,13.6,13.61,13.75,0.1,
2026-05-07,600269,5,-1.2887490519197797e-08,0.0022522522522521182,4.44,4.45,4.440000057220459,0.1,
2026-05-07,000501,6,0.006016796372870337,0.0,8.36,8.36,8.3100004196167,0.1,
2026-05-07,000910,7,-0.004392375408662774,0.0,6.8,6.8,6.829999923706055,0.1,
2026-05-07,002367,8,-0.006482994456942004,-0.0016313213703099683,6.13,6.12,6.170000076293945,0.1,
2026-05-07,603759,9,-0.007600438420959699,-0.001094091903719896,9.14,9.13,9.210000038146973,0.1,
2026-05-07,603086,10,-0.008141097217199023,0.001367989056087593,7.31,7.32,7.369999885559082,0.1,
2026-05-07,002110,11,0.002915432375560245,0.0029069767441860517,3.44,3.45,3.430000066757202,0.1,
2026-05-07,605368,12,-0.005181320113825771,0.0013020833333334814,7.68,7.69,7.71999979019165,0.1,
2026-05-07,002101,13,-0.001992028080579411,0.0,10.02,10.02,10.039999961853027,0.1,
2026-05-07,001390,14,-0.010921152505931064,0.00048007681229012,20.83,20.84,21.059999465942383,0.1,
2026-05-07,000498,15,-0.0018083561354325095,0.0018115942028986698,5.52,5.53,5.53000020980835,0.1,
2026-05-07,000090,16,-0.005649706799024434,0.0,3.52,3.52,3.5399999618530273,0.1,
2026-05-07,000521,17,0.007029866850138733,-0.003490401396160636,5.73,5.71,5.690000057220459,0.1,
2026-05-07,001206,18,-0.0031545981240594934,-0.0015822784810126667,18.96,18.93,19.020000457763672,0.1,
2026-05-07,001333,19,-0.002132228627406918,0.0012820512820512775,23.4,23.43,23.450000762939453,0.1,
2026-05-07,600035,20,2.2351742234860694e-08,0.0026041666666667407,3.84,3.85,3.8399999141693115,0.1,
2026-06-04,000910,1,0.01803280280117603,0.004830917874396157,6.21,6.24,6.099999904632568,0.1,
2026-06-04,600067,2,-0.019672115821089742,0.010033444816053505,2.99,3.02,3.049999952316284,0.1,
2026-06-04,002753,3,-0.024242410143106685,0.004658385093167627,6.44,6.47,6.599999904632568,0.1,
2026-06-04,002225,4,0.002673794234694604,0.005333333333333412,3.75,3.77,3.740000009536743,0.1,
2026-06-04,002582,5,-0.032193118097793905,0.0020790020790022457,9.62,9.64,9.9399995803833,0.1,
2026-06-04,603081,6,-0.022308478201327753,0.003968253968253954,10.08,10.12,10.3100004196167,0.1,
2026-06-04,603535,7,-0.036984381514753584,0.004431314623338345,6.77,6.8,7.03000020980835,0.1,
2026-06-04,000407,8,-0.025761119769992513,0.004807692307692291,4.16,4.18,4.269999980926514,0.1,
2026-06-04,603036,9,-0.0014880640630742237,0.0014903129657226621,13.42,13.44,13.4399995803833,0.1,
2026-06-04,002278,10,-0.02552721676349834,0.005694760820045719,8.78,8.83,9.010000228881836,0.1,
2026-07-03,000789,1,0.015463887574582502,0.002538071065989911,3.94,3.95,3.880000114440918,0.1,
2026-07-03,601528,2,-4.63153068119837e-08,0.0,4.53,4.53,4.53000020980835,0.1,
2026-07-03,000910,3,0.024761904761904763,0.003717472118959231,5.38,5.4,5.25,0.1,
2026-07-03,000498,4,0.01022497645799314,0.002024291497975561,4.94,4.95,4.889999866485596,0.1,
2026-07-03,000507,5,0.006329162516975906,0.002096436058700357,4.77,4.78,4.739999771118164,0.1,
2026-07-03,600853,6,0.025723507267742196,-0.0031347962382444194,3.19,3.18,3.109999895095825,0.1,
2026-07-03,600035,7,0.014662731058885381,-0.0028901734104045396,3.46,3.45,3.4100000858306885,0.1,
2026-07-03,600051,8,0.025553682685741874,0.004983388704318914,6.02,6.05,5.869999885559082,0.1,
2026-07-03,600284,9,0.016129024443095608,-0.001984126984126977,5.04,5.03,4.960000038146973,0.1,
2026-07-03,603801,10,0.010676177164183231,0.005281690140845008,5.68,5.71,5.619999885559082,0.1,
2026-07-03,002133,11,0.024096381619861607,0.0039215686274509665,2.55,2.56,2.490000009536743,0.1,
2026-07-03,000726,12,0.001757459170294906,0.0,5.7,5.7,5.690000057220459,0.1,
2026-07-03,002614,13,0.01754387241761557,0.004310344827586299,4.64,4.66,4.559999942779541,0.1,
2026-07-03,603357,14,0.020833370777278315,0.0,6.37,6.37,6.239999771118164,0.1,
2026-07-03,002144,15,0.023645358668937577,0.002887391722810273,10.39,10.42,10.149999618530273,0.1,
2026-07-03,000655,16,0.009230769230769154,-0.0015243902439023849,6.56,6.55,6.5,0.1,
2026-07-03,001227,17,1.8699496839857943e-08,0.0,2.04,2.04,2.0399999618530273,0.1,
2026-07-03,002375,18,0.01492540202711301,0.0,3.4,3.4,3.3499999046325684,0.1,
2026-07-03,002282,19,0.02272731024068686,0.0,5.85,5.85,5.71999979019165,0.1,
2026-07-03,002758,20,0.021491802258821746,0.0012376237623761277,8.08,8.09,7.909999847412109,0.1,
2026-07-31,002586,1,0.0058479307777463685,0.005813953488372103,3.44,3.46,3.4200000762939453,0.1,
2026-07-31,603829,2,0.019693651429742776,-0.0042918454935623185,13.98,13.92,13.710000038146973,0.1,
2026-07-31,603095,3,0.027918808265306794,-0.003292181069958877,12.15,12.11,11.819999694824219,0.1,
2026-07-31,003037,4,0.018587338927868124,0.0,5.48,5.48,5.380000114440918,0.1,
2026-07-31,603677,5,0.024959736054893655,0.0015710919088767206,12.73,12.75,12.420000076293945,0.1,
2026-07-31,605088,6,0.047888770342555675,-0.004422604422604448,20.35,20.26,19.420000076293945,0.1,
2026-07-31,603320,7,0.028928334040072334,-0.005111821086261958,15.65,15.57,15.210000038146973,0.1,
2026-07-31,600067,8,0.015151474813019927,0.0,2.68,2.68,2.640000104904175,0.1,
2026-07-31,001238,9,0.009094644939450891,-0.002458009012699658,24.41,24.35,24.190000534057617,0.1,
2026-07-31,002144,10,0.019211289189238867,0.0,10.08,10.08,9.890000343322754,0.1,
2026-08-28,603230,1,0.009955756474198552,-0.0010952902519169028,9.13,9.12,9.039999961853027,0.1,
2026-08-28,605259,2,0.007963599368687069,-0.0011286681715575453,17.72,17.7,17.579999923706055,0.1,
2026-08-28,603586,3,0.00894855734178468,0.0007390983000739038,13.53,13.54,13.40999984741211,0.1,
2026-08-28,605088,4,-0.0009823482196456013,-0.002949852507374562,20.34,20.28,20.360000610351562,0.1,
2026-08-28,000521,5,-2.7472098818037693e-08,0.0,4.86,4.86,4.860000133514404,0.1,
2026-08-28,603357,6,0.011647216048640274,-0.00328947368421062,6.08,6.06,6.010000228881836,0.1,
2026-08-28,000531,7,0.007042283956032458,-0.0017482517482516613,5.72,5.71,5.679999828338623,0.1,
2026-08-28,603239,8,0.014904176376005163,-0.0013986013986014845,14.3,14.28,14.09000015258789,0.1,
2026-08-28,000789,9,0.011961764046590995,0.0,4.23,4.23,4.179999828338623,0.1,
2026-08-28,603788,10,0.00439239774949618,-0.001457725947521915,13.72,13.7,13.65999984741211,0.1,
2026-08-28,603107,11,0.0016764203111998555,0.0,11.95,11.95,11.930000305175781,0.1,
2026-08-28,603187,12,0.0017937562469947377,0.0035810205908684,11.17,11.21,11.149999618530273,0.1,
2026-08-28,000726,13,0.010050286753263693,-0.0016583747927032544,6.03,6.02,5.96999979019165,0.1,
2026-08-28,002959,14,0.00763826646074528,-0.0015160703456639224,32.98,32.93,32.72999954223633,0.1,
2026-08-28,603153,15,0.0037735849056603765,-0.0022556390977443996,13.3,13.27,13.25,0.1,
2026-08-28,600668,16,0.011968087673106309,0.0013140604467805073,7.61,7.62,7.519999980926514,0.1,
2026-08-28,603949,17,0.0021459555612310943,-0.0021413276231262435,14.01,13.98,13.979999542236328,0.1,
2026-08-28,603350,18,0.009190494028225915,-0.0021015761821366885,28.55,28.49,28.290000915527344,0.1,
2026-08-28,603235,19,0.005618004052744929,0.0025784271594326835,23.27,23.33,23.139999389648438,0.1,
2026-08-28,603310,20,0.008959322471918663,0.0,14.64,14.64,14.510000228881836,0.1,
