code,entry_date,entry_px,exit_date,exit_px,ret,hold,regime,ex_b,ex_m
sh600882,2016-06-29,9.9468675,2016-07-11,11.07,0.10651393516602092,8,bear,0.07585264097729327,0.10133879611917895
sz002306,2016-09-19,6.547432499999999,2016-09-30,7.15,0.08575193405964865,9,bear,0.08588853524965279,0.10309816539775951
sz002222,2016-12-20,11.727044999999999,2017-01-04,11.48,-0.02669513078529151,10,bear,-0.05260508075234138,-0.03360269483851741
sz000555,2016-12-21,21.8750625,2017-01-05,21.69,-0.014161330967625618,10,bear,-0.030578546269114604,-0.011978215669907089
sz002602,2017-01-25,5.3606475,2017-02-09,5.54,0.027514866441040953,6,bear,-0.012891371968678067,0.008084730922397254
sh603667,2017-01-25,20.03454,2017-02-08,21.02,0.04315522093344781,5,bear,0.012368207689094746,0.029018076772637347
sz002805,2017-01-25,19.290284999999997,2017-02-10,21.06,0.08546374509241317,7,bear,0.04656931525767205,0.06985021377973144
sz000971,2017-04-26,9.001462499999999,2017-05-31,8.46,-0.06555684701236031,22,bear,-0.015449778860540109,0.0116242320811758
sh603703,2017-04-27,14.3118225,2017-06-15,12.17,-0.15454356005323577,32,bear,-0.1375646536584304,-0.08942436797448117
sh603777,2017-04-27,23.926792499999998,2017-05-10,23.11,-0.039690861196710725,8,bear,0.0006192571498206956,0.0068639476606768834
sz002823,2017-04-27,19.129364999999996,2017-05-15,21.4,0.11226640298828539,11,bear,0.15368704793771193,0.16557006900650906
sz000980,2017-04-27,14.060385,2017-06-06,13.38,-0.05386196750657968,25,bear,0.0064225765788942235,0.0341819063312333
sh600652,2017-04-27,9.464107499999999,2017-05-10,9.96,0.046345891569807396,8,bear,0.08665600991633882,0.092900700427195
sh603628,2017-05-04,26.099212499999997,2017-05-15,28.16,0.07275573927757395,7,bear,0.11824003290389618,0.1227067713940484
sh600390,2017-05-05,9.2629575,2017-06-14,8.23,-0.11662365934422136,26,bear,-0.0943962971957013,-0.05664084767360844
sz000885,2017-05-05,15.066135,2017-07-24,16.59,0.09481346742213592,3,bear,0.11698482362156448,0.2103357448998492
sz000933,2017-05-10,4.9382325,2017-05-31,4.91,-0.01143425304499135,12,bear,0.00880310958880115,0.02747956479456415
sz002611,2017-05-10,9.132209999999999,2017-06-15,8.1,-0.11812967507317507,24,bear,-0.14244087434468167,-0.09865883039974455
sh600821,2017-05-22,4.06323,2017-06-15,4.49,0.09867826827425463,14,bear,0.06996356148475336,0.10032955617048511
sz002917,2018-02-08,9.3635325,2018-03-05,9.82,0.042719187443414075,12,bear,-0.02493022074153961,0.003165906234339433
sh603559,2018-02-09,18.717007499999998,2018-02-28,21.64,0.14951976163924718,8,bear,0.06393011182510189,0.0821413525132344
sz002238,2018-02-09,5.3807624999999994,2018-03-02,5.29,-0.022520971702430614,10,bear,-0.11936757761555294,-0.0938155969318375
sz002695,2018-02-09,13.7687175,2018-03-01,14.56,0.051389136279395675,9,bear,-0.05102875435088916,-0.027725157747306328
sh603368,2018-02-09,16.856370000000002,2018-03-01,18.21,0.07409201981209468,9,bear,-0.028325870818190158,-0.005022274214607325
sz002528,2018-02-09,4.1939775,2018-03-01,5.1,0.20903724447734873,9,bear,0.10661935384706389,0.12992295045064672
sh603042,2018-02-09,16.906657499999998,2018-03-02,18.83,0.10735829953377829,10,bear,0.01051169362065596,0.03606367430437141
sz002620,2018-02-09,7.854907499999999,2018-03-06,8.48,0.0733722835055668,12,bear,-0.04538085548921167,-0.011546808907044515
sz002826,2018-02-09,15.166709999999998,2018-03-01,15.04,-0.014056443355216719,9,bear,-0.11647433398550155,-0.09317073738191872
sh600728,2018-02-09,6.6178349999999995,2018-03-01,7.44,0.11777038865429557,9,bear,0.01535249802401073,0.03865609462759356
sz000611,2018-02-09,5.531625,2018-03-01,6.73,0.20964499581949236,9,bear,0.10722710518920753,0.13053070179279036
sz002846,2018-02-09,8.408069999999999,2018-03-06,8.79,0.03941302819790993,12,bear,-0.07934011079686853,-0.04550606421470138
sz000721,2018-02-09,4.525874999999999,2018-03-02,4.93,0.0830286961084874,10,bear,-0.013817909804634931,0.011734070879080516
sh600318,2018-02-09,5.672429999999999,2018-03-05,5.97,0.04640735980875932,11,bear,-0.05886651948487831,-0.028784871775325183
sz000025,2018-02-09,21.362129999999997,2018-03-05,26.19,0.21895183205045576,11,bear,0.11367795275681813,0.14375960046637126
sh600175,2018-02-12,4.1537475,2018-03-06,4.54,0.08670423515151082,11,bear,-0.0023706039559387992,0.028423781168673612
sz002824,2018-02-13,9.584797499999999,2018-03-02,10.03,0.04043173577741199,8,bear,-0.026432890458445435,-0.004558780350379932
sz002651,2018-02-14,5.662372499999999,2018-03-06,6.22,0.09216322310127079,9,bear,0.006320373684532754,0.03584527343736288
sz002137,2018-02-14,5.9842125,2018-03-06,6.84,0.13643524523903516,9,bear,0.05059239582229713,0.08011729557512726
sh603007,2018-02-14,5.853465,2018-02-23,7.45,0.26543209876543217,2,bear,0.24165184169880205,0.24743621874904176
sz002546,2018-02-14,3.5100675,2018-03-02,3.68,0.042384512548547804,7,bear,-0.022196226869910518,-0.0006681444858225305
sh600295,2018-02-14,3.9324825,2018-03-07,4.1,0.036603468674049955,10,bear,-0.0433910104495312,-0.010455917287624406
sz002322,2018-02-22,10.681064999999998,2018-03-01,11.47,0.06768824082617253,5,bear,0.01752285419772992,0.03325513186817064
sz000886,2018-02-23,5.4813374999999995,2018-03-02,5.84,0.05930714903068823,5,bear,0.01945437586945231,0.03469331953505583
sz002676,2018-02-23,5.923867499999999,2018-03-01,6.2,0.04059552311053549,4,bear,-0.00453904226483548,0.00850276055289112
sz000615,2018-02-26,7.864965,2018-03-06,7.98,0.008792156099868276,6,bear,-0.025625649814769114,-0.006702416062092986
sh600992,2018-02-26,8.68968,2018-03-06,9.37,0.072090399186161,6,bear,0.03767259327152361,0.05659582702419974
sh600191,2018-02-26,6.859215,2018-03-06,6.91,0.0016113359910718827,6,bear,-0.03280646992356551,-0.01388323617088938
sz002288,2018-03-02,5.0991525,2018-03-19,5.23,0.019763088081794056,11,bear,-0.01893797601619629,0.012045537293099429
sz002112,2018-04-12,7.7241599999999995,2018-05-10,7.64,-0.016583032977048662,18,bear,-0.014772958624072352,0.010274321775199047
sz000820,2018-04-20,16.594875,2018-07-19,8.42,-0.4955319036750804,61,bear,-0.37121078681991515,-0.29267396003491986
sz002509,2018-04-20,4.857772499999999,2018-05-04,4.63,-0.05236865250482603,8,bear,-0.05952941009379542,-0.053672727582073754
sz000995,2018-05-04,6.648007499999999,2018-05-17,7.07,0.057361547802104784,9,bear,0.034215333848063745,0.0558947139083521
sh600614,2018-05-16,7.5732975,2018-05-23,7.74,0.016135309619092597,5,bear,0.002450100427490831,0.014085474364891493
sz002562,2018-05-16,6.7888125,2018-05-23,7.03,0.029572918680549787,5,bear,0.01588770948894802,0.027523083426348682
sz002808,2018-06-05,8.267265,2018-07-10,7.24,-0.1292924564532527,24,bear,-0.011032663795141895,0.020384528217299747
sz002163,2018-06-06,4.6666799999999995,2018-06-19,4.97,0.058873224647929545,8,bear,0.1916611713380798,0.21055316172636918
sz002554,2018-06-08,3.721275,2018-07-10,3.07,-0.1797576099589523,21,bear,-0.07596198457041525,-0.0509644667984227
sz002517,2018-06-12,8.488529999999999,2018-09-21,4.84,-0.4330973678599238,72,bear,-0.2638532505886083,-0.19964744005580892
sz002927,2018-06-12,18.58626,2018-06-21,20.01,0.07041128769316707,6,bear,0.20155932929897546,0.21366769254375595
sz000957,2018-06-13,7.472722499999999,2018-07-12,6.05,-0.19504404184686364,20,bear,-0.10967385186743117,-0.08149663485309111
sh600378,2018-06-14,10.2083625,2018-07-17,8.65,-0.15752771318612557,22,bear,-0.08111372625466529,-0.045332961250765025
sz002356,2018-06-19,11.42532,2018-07-11,12.53,0.09038105716076217,16,bear,0.10260903793155929,0.11572922607823699
sz002605,2018-06-20,6.8290425,2018-07-26,6.09,-0.11334824757643558,26,bear,-0.14507398615595068,-0.11258886103172061
sz002108,2018-06-22,4.18392,2018-07-02,5.03,0.19530906422684957,6,bear,0.1856627270359823,0.1929180046206822
sz002028,2018-06-22,15.438262499999999,2018-07-10,15.34,-0.012078269818251886,12,bear,-0.0262433013278206,-0.013477258264879555
sz000905,2018-06-26,7.764389999999999,2018-07-25,7.3,-0.06521632736119631,21,bear,-0.10176049742606774,-0.0706285320053035
sz000892,2018-06-26,4.747139999999999,2018-07-09,5.62,0.1770634529421926,9,bear,0.1815065245942934,0.18856705399857798
sh603008,2018-06-26,18.415282499999996,2018-08-01,17.04,-0.08000216667868099,26,bear,-0.07795311601076527,-0.04476545963573508
sz002849,2018-06-28,11.767274999999998,2018-07-09,12.65,0.06883390589580007,7,bear,0.05741015510649583,0.0646290022338536
sh603505,2018-06-28,3.9827699999999995,2018-07-10,4.1,0.023515041039276596,8,bear,0.0023255823952452737,0.013391444428438426
sz002788,2018-06-28,7.100594999999999,2018-07-10,7.02,-0.01703519212122362,8,bear,-0.03822465076525494,-0.02715878873206179
sz000626,2018-06-29,6.6077775,2018-07-10,7.12,0.07132239243830463,7,bear,0.0806266861775069,0.08876638437130746
sh603555,2018-07-03,11.153767499999999,2018-08-01,9.74,-0.1317736361278823,21,bear,-0.11378446216542204,-0.08621934631179395
sz002388,2018-07-05,5.7629475,2018-07-10,5.99,0.03342213337879629,3,bear,-0.004292686556159442,0.0016943086038405664
sz000503,2018-07-05,31.077674999999996,2018-07-19,30.4,-0.02743046254264514,10,bear,-0.05615176416025647,-0.03573388651331788
sh600099,2018-07-11,6.245707499999999,2018-07-26,6.64,0.057017159385065685,11,bear,0.00047847464264139106,0.019053131546648894
sh603843,2018-07-17,5.6221425,2018-07-27,6.84,0.20962248822401763,8,bear,0.19406306832464182,0.20390954913175552
sz002916,2018-08-08,26.290305,2018-08-20,28.96,0.09521285508098898,8,bear,0.10740764923645485,0.11585152446767732
sz002864,2018-08-10,30.916754999999995,2018-08-22,30.28,-0.026227364417772736,8,bear,0.014782251961644621,0.02111506478638836
sz002675,2018-08-13,8.3778975,2018-08-27,8.44,0.0016200365306451303,10,bear,0.022160204322339006,0.03060774595012017
sz002903,2018-08-13,26.390879999999996,2018-08-27,26.53,-0.0005087931891620823,10,bear,0.020031374602531793,0.028478916230312956
sh603626,2018-08-15,12.9238875,2018-08-29,12.54,-0.03528292087036511,10,bear,-0.030989536769381654,-0.022276550218232716
sz000678,2018-08-17,5.31036,2018-09-20,5.24,-0.018923387491620147,24,bear,-0.0055363198289482,0.014056831645055667
sz002507,2018-08-22,16.715564999999998,2018-09-27,17.28,0.02782287048029808,25,bear,0.05042956939138221,0.07197564009587898
sh603165,2018-08-22,8.8606575,2018-09-21,8.43,-0.05407386528595659,22,bear,-0.048622867208442666,-0.03069740815293376
sh600158,2018-08-24,8.60922,2018-09-25,8.74,0.009353344437707412,21,bear,0.021913419459752226,0.038908987977496645
sh600636,2018-09-03,10.6106625,2018-09-14,10.59,-0.007686136468858518,9,bear,0.011193831881323613,0.015035961699580658
sz002915,2018-09-13,10.882214999999999,2018-10-09,11.5,0.050693723658281176,12,bear,0.07717567365832567,0.08770623518170884
sh600687,2018-09-14,4.2543225,2018-09-25,4.11,-0.03947867139832473,6,bear,-0.05854044118879764,-0.04993427112599014
sz000528,2018-09-19,6.7686975,2018-10-08,6.72,-0.01290314717122465,7,bear,0.0182400157485767,0.025928104773250915
sz002895,2018-09-21,9.796005,2018-10-11,11.3,0.14689865919831613,8,bear,0.25437209163222196,0.27389247599858135
sh600678,2018-10-16,6.295995,2018-11-06,6.29,-0.006696717516452955,15,bear,-0.09963059962195153,-0.07246984042330906
sh603555,2018-10-17,6.6278925,2018-11-02,5.86,-0.12094153609160063,12,bear,-0.19717926495242843,-0.17642226406889616
sh600756,2018-10-18,15.900907499999999,2018-11-01,16.32,0.02045496459871865,10,bear,-0.060749992696416566,-0.041811327088509875
sz002681,2018-10-19,3.5905274999999994,2018-11-02,3.73,0.03287121460565334,10,bear,-0.055780567217407206,-0.03280707260259086
sh603659,2018-10-22,9.896579999999998,2018-11-06,9.95,-0.0003832131908193537,11,bear,-0.04309019180049212,-0.017521019266154236
sz002069,2018-10-23,3.2787449999999994,2018-11-06,3.5,0.061343593356604664,10,bear,0.0052960032154838466,0.02763274033950247
sh603169,2018-10-23,4.34484,2018-11-05,4.52,0.03433267968440723,9,bear,-0.024291925221317845,-0.004935758563969772
sz000780,2018-10-23,3.0172499999999998,2018-11-05,3.23,0.06435578755489257,9,bear,0.005731182649167499,0.02508734930651557
sh600652,2018-10-23,3.7816199999999993,2018-11-02,3.84,0.009599060720008934,8,bear,-0.040079873495710405,-0.024855719991343506
sh600992,2018-10-23,6.557489999999999,2018-11-06,6.86,0.04011672148947243,10,bear,-0.01593086865164839,0.006405868472370235
sz002289,2018-10-24,5.18967,2018-11-02,5.43,0.04029302441195681,7,bear,-0.00738133439503974,0.0069271434697741885
sh601108,2018-10-24,6.014385,2018-11-02,6.8,0.12412158516623051,7,bear,0.07644722635923396,0.09075570422404788
sz002054,2018-10-24,4.083345,2018-11-01,4.21,0.02508911199029229,6,bear,0.006110437472166774,0.016053349909907588
sz002036,2018-10-26,5.129324999999999,2018-11-01,5.37,0.040901580617332955,4,bear,0.020980395518608974,0.028554414912597803
sh600978,2018-10-26,3.7816199999999993,2018-11-06,4.36,0.14631560019251033,7,bear,0.0913098153960592,0.11030405367372986
sh603997,2018-10-29,7.543125,2018-11-06,7.58,-0.0008895517441378509,6,bear,-0.07072030591639344,-0.050996493453650205
sz000776,2018-10-30,9.69543,2018-11-05,10.73,0.10034340921444418,4,bear,0.04119436131052567,0.05604348171491713
sz000526,2018-10-30,20.115,2018-11-14,22.56,0.11510216256524974,11,bear,0.010121983027690407,0.044731962963536986
sz000153,2018-10-30,3.4497225,2018-11-05,3.58,0.03179748516003822,4,bear,-0.027351562743880287,-0.012502442339488828
sz000989,2018-11-01,7.472722499999999,2018-11-09,7.79,0.036463952729410165,6,bear,0.006983879654199887,0.024327095938855958
sh600086,2018-11-16,5.0890949999999995,2018-12-03,5.31,0.037407928128674994,11,bear,0.06446885786466139,0.08271241457878786
sz002301,2018-11-22,5.209784999999999,2018-12-07,5.37,0.02482588053057877,11,bear,0.05492847745700802,0.06953246953970926
sz000918,2018-11-29,8.508645,2018-12-11,8.74,0.02128423503389798,8,bear,0.0010131390486007863,0.015321134620293497
sh600086,2018-12-25,4.90806,2019-02-22,4.72,-0.04384624474843424,35,bear,-0.1635300962243711,-0.09805926365000683
sz000056,2019-01-03,5.250014999999999,2019-01-22,4.86,-0.07961120111085374,13,bear,-0.13259702992631672,-0.10437965092964785
sz000513,2019-01-07,14.7141225,2019-01-18,15.79,0.06694826687762023,9,bear,0.05701636211287031,0.07296631013831267
sh603080,2019-01-10,17.248612499999997,2019-01-24,16.63,-0.04140825820047833,10,bear,-0.05331249270292637,-0.036944506969553426
sh600518,2019-01-14,7.502895,2019-02-15,8.48,0.12373157294617632,19,bear,0.09377540193108946,0.11727190607367932
sz002075,2019-01-15,4.968405,2019-01-23,5.02,0.00457490884901679,6,bear,0.011454943579094157,0.021745539724032703
sz002958,2019-05-07,6.9497325,2019-08-26,4.99,-0.28611532889934965,78,bear,-0.28424090311724937,-0.13312505966167898
sz002950,2019-05-09,14.472742499999999,2019-06-03,15.38,0.05657687200611772,17,bear,0.04872787848780624,0.08660770523922512
sz002949,2019-05-09,17.6307975,2019-05-30,17.68,-0.0029753333619763067,15,bear,-0.024271518785076274,0.010555256476800445
sz000813,2019-05-09,9.5445675,2019-06-27,7.57,-0.21143912492629968,34,bear,-0.2580396624901178,-0.18437440388952764
sh603121,2019-05-09,11.887965,2019-05-27,11.51,-0.03736110427646777,12,bear,-0.057738001860279886,-0.0328997860936554
sh601038,2019-05-09,4.545989999999999,2019-05-21,5.12,0.11979128858620491,8,bear,0.09158487035673679,0.11388518574187723
sh601606,2019-05-09,13.79889,2019-05-23,14.21,0.023871666489116095,10,bear,0.024227210523062537,0.04874154699855604
sz002495,2019-05-10,3.3390899999999997,2019-06-26,3.34,-0.005479037701888734,32,bear,-0.010343964579115017,0.05338923809429008
sz002125,2019-05-14,5.6020275,2019-06-13,5.87,0.04180986258992836,21,bear,0.04332002710634397,0.08254540570378521
sz002528,2019-05-14,4.204034999999999,2019-05-30,4.26,0.007485665557018573,12,bear,0.007893583346714306,0.032627079146943405
sz002645,2019-05-14,5.43105,2019-05-28,5.5,0.0068725200467680825,10,bear,0.0063760230367257975,0.02501512282696039
sz000626,2019-05-15,9.41382,2019-06-25,8.31,-0.12233105158161084,28,bear,-0.11748775337595385,-0.0647980605248537
sh603005,2019-05-15,6.466972499999999,2019-05-24,6.74,0.03622599292018047,7,bear,0.08503227939076241,0.09273083062048104
sh600365,2019-05-16,5.18967,2019-06-25,5.47,0.04795632477594913,27,bear,0.060630670916445806,0.11072732306423705
sh603002,2019-05-16,3.54024,2019-05-28,3.5,-0.017051103879962892,8,bear,0.011573072726512312,0.023141113679999936
sh600273,2019-05-17,8.52876,2019-05-30,7.86,-0.08371146567613585,9,bear,-0.09021433698818726,-0.0750619208992579
sh601108,2019-05-17,8.9612325,2019-05-29,8.86,-0.016981760042494187,8,bear,-0.029270933079251327,-0.016662891359928156
sh600963,2019-06-12,3.4798949999999995,2019-06-26,3.52,0.0057085055727257306,10,bear,-0.021641940242563384,0.001660220824301506
sz002265,2019-06-12,10.0675575,2019-06-25,11.77,0.16237950466138384,9,bear,0.13593576045467537,0.15833121991295962
sh603718,2019-06-12,12.521587499999999,2019-06-26,13.63,0.0822611350198208,10,bear,0.05491068920453168,0.07821285027139657
sh600072,2019-06-12,11.797447499999999,2019-06-26,12.5,0.05345880962809968,10,bear,0.026108363812810564,0.049410524879675455
sz002054,2019-06-12,7.341974999999999,2019-06-25,7.81,0.05762992927652322,9,bear,0.031186185069814742,0.05358164452809899
sh601777,2019-06-12,4.18392,2019-06-26,4.42,0.050351106139696844,10,bear,0.02300066032440773,0.04630282139127262
sz000717,2019-06-12,3.8117924999999997,2019-06-25,3.97,0.0355160990531358,9,bear,0.009072354846427322,0.03146781430471157
sh601890,2019-06-12,5.451165,2019-06-26,5.84,0.06517047273381005,10,bear,0.03782002691852093,0.06112218798538582
sz000650,2019-06-12,6.39657,2019-07-29,6.04,-0.061173410124488625,33,bear,-0.07113300858861649,-0.0039130334397906585
sh600664,2019-06-12,3.9928274999999998,2019-06-25,4.05,0.008486467296671352,9,bear,-0.017957276910037123,0.004438182548247127
sz000958,2019-06-12,5.4008775,2019-06-26,5.79,0.06588373833696481,10,bear,0.0385332925216757,0.06183545358854059
sh600822,2019-06-12,10.6106625,2019-06-27,11.37,0.06540213676572959,11,bear,0.03145460820000778,0.05850135002996537
sh600126,2020-02-04,3.7916774999999996,2020-02-24,4.12,0.08034240781290092,14,bear,-0.10345545629787734,-0.03275720386612879
sh603306,2020-02-11,12.642277499999999,2020-02-21,13.69,0.0766479773917319,8,bear,-0.008132493549934283,0.02602546930606331
sz002787,2020-02-11,7.08048,2020-02-24,7.46,0.047542680722210795,9,bear,-0.05053375494780865,-0.007692316423346002
sh600787,2020-02-11,4.2543225,2020-02-24,4.29,0.002587956131675506,9,bear,-0.09548847953834394,-0.05264704101388129
sz002164,2020-02-11,3.5201249999999997,2020-02-24,3.75,0.05917758602322376,9,bear,-0.038898849646795686,0.003942588877666964
sh603530,2020-02-12,16.655219999999996,2020-02-24,17.94,0.07094622586792632,8,bear,-0.009100325326347525,0.026858077283766102
sz002116,2020-02-14,5.833349999999999,2020-02-24,6.06,0.03288076319781941,6,bear,-0.055634460998352786,-0.026853342155318316
sz002261,2020-03-19,9.846292499999999,2020-03-25,11.2,0.1309434490190089,4,bear,0.1132173464361288,0.12008894996514607
sz002008,2020-03-26,27.627952499999996,2020-04-09,29.48,0.06089982600049715,9,bear,0.03247199495533448,0.05736415707800302
sz000030,2020-03-26,4.1135174999999995,2020-05-22,3.52,-0.14920502951549364,37,bear,-0.14799649262233838,-0.05599934112962124
sz002241,2020-03-26,16.25292,2020-04-07,18.3,0.11947730007900126,7,bear,0.10464713583952556,0.1224135209945475
sz002831,2020-03-26,13.71843,2020-04-08,14.08,0.02045496459871865,8,bear,0.000827831633615661,0.020558617960047876
sz002563,2020-03-26,4.5158175,2020-04-09,4.85,0.06782714314739247,9,bear,0.0393993121022298,0.06429147422489834
sz002622,2020-03-26,3.2787449999999994,2020-04-10,3.68,0.1159269781578014,10,bear,0.11126485844719158,0.13692880315624578
sh600223,2020-03-26,6.708352499999999,2020-04-09,6.78,0.004868930188149934,9,bear,-0.023558900857012732,0.0013332612656558052
sz002273,2020-03-26,12.7227375,2020-04-21,12.29,-0.039567349401023244,17,bear,-0.05769209988698021,-0.010196319702664103
sz000639,2020-03-26,5.06898,2020-03-31,5.65,0.10821358537615078,3,bear,0.13392505887024375,0.13974136643639423
sh603348,2020-03-26,17.7112575,2020-05-20,18.14,0.018318151604989286,35,bear,-0.005642683645378455,0.08662492155191415
sz002536,2020-03-26,4.455472499999999,2020-04-09,4.91,0.09567896558670275,9,bear,0.06725113454154008,0.09214329666420862
sz002126,2020-03-26,8.36784,2020-04-14,8.34,-0.00905789307634941,12,bear,-0.023096085029074676,0.007058018104902475
sz002058,2020-03-27,18.6566625,2020-04-21,18.18,-0.031152276030077863,16,bear,-0.05315971576868617,-0.005308241136593894
sz002750,2020-03-30,9.836234999999999,2020-04-08,10.05,0.01585743935560724,6,bear,-0.030624041171519067,-0.013216643698455321
sz002466,2020-04-02,18.3549375,2020-04-21,18.01,-0.0244345697172762,12,bear,-0.053563159609192,-0.014737271028610666
sz002552,2020-04-03,16.0618275,2020-04-21,15.81,-0.02133848094184798,11,bear,-0.055537980542969656,-0.020359919418725836
sz002537,2020-04-03,5.1997275,2020-04-09,6.77,0.2945048562641024,3,bear,0.2498396050410947,0.26161414497795166
sh603186,2020-04-03,45.7716825,2020-04-20,49.82,0.08218733274661694,10,bear,0.04298628972505791,0.0738466322951552
sz002413,2020-04-03,6.939675,2020-04-21,7.63,0.09315313757488641,11,bear,0.05895363797376474,0.09413169909800856
sz002452,2020-04-03,5.7227175,2020-04-15,6.44,0.11886878917227706,7,bear,0.09510918321297313,0.11608216246238068
sh603618,2020-04-03,5.47128,2020-04-22,5.36,-0.0259719846178591,12,bear,-0.06969179194194808,-0.030251430665667933
sh600468,2020-09-29,4.807485,2020-11-17,4.86,0.005110780376849977,29,bear,-0.030025763619354606,0.026655253902757692
sz000410,2020-11-02,4.123574999999999,2020-11-17,4.22,0.01749937857320427,11,bear,-0.015342959458713112,0.004264076456784505
sh600989,2021-03-12,13.949752499999999,2021-03-31,13.67,-0.025688986238286304,13,bear,-0.04367711563752863,-0.018431974814664298
sh600531,2021-03-16,5.4813374999999995,2021-04-16,5.25,-0.04771189513508334,22,bear,-0.07845061492130279,-0.03268822776588354
sh603416,2021-04-28,62.587822499999994,2021-05-31,55.38,-0.12025114789702096,20,bear,-0.17397450915431145,-0.12221735288322377
sz002893,2021-04-28,9.132209999999999,2021-05-10,10.26,0.11703574490731183,5,bear,0.12299057054102569,0.12680070022513468
sh603324,2021-05-10,27.31617,2021-06-03,28.13,0.023871666489116095,18,bear,-0.03841098298307921,0.017248584024996072
sh601689,2021-07-09,22.6997775,2021-08-03,23.65,0.035869734846519785,17,bear,0.03186512565787569,0.08454243576445997
sh603882,2021-07-21,124.13972249999999,2021-08-03,126.1,0.009950098768748195,9,bear,0.022427842703302003,0.04793682753162842
sh603351,2021-08-02,17.1078075,2021-08-16,17.96,0.043776649930156175,10,bear,0.0067848867598019336,0.03723829049074978
sh600732,2021-08-02,9.01152,2021-08-17,9.38,0.034904766343524685,11,bear,0.022716804649925315,0.05349845083518967
sz002833,2021-08-03,18.82764,2021-08-12,20.13,0.06302502597245319,7,bear,0.02483055741492124,0.054300088954147396
sz002816,2021-08-10,18.0934425,2021-08-25,18.9,0.03857101820176001,11,bear,0.012571704458491872,0.04430239673366254
sh603259,2021-08-25,120.48884999999999,2021-09-07,129.13,0.06555504928464329,9,bear,0.04191816016930727,0.06176749054004649
sh600298,2021-09-02,39.9182175,2021-09-22,39.23,-0.02289155321126246,12,bear,-0.03702804995905107,-0.004116776913701825
sz002900,2021-09-07,19.6624125,2021-09-24,20.11,0.01688271975781208,11,bear,0.03624436328968561,0.06249560874444082
sz002674,2021-10-11,10.298879999999999,2021-11-17,9.92,-0.042326932637335224,27,bear,-0.08424185209224389,-0.011208862358545346
sz002163,2021-10-11,13.859234999999998,2021-10-27,14.13,0.013674456057639839,12,bear,0.04452128959876844,0.07395775033815855
sz000422,2021-10-13,18.968445,2021-10-21,24.76,0.29782014287412606,6,bear,0.2943393909138712,0.3138104458386771
sz002455,2021-10-15,15.40809,2021-10-26,17.6,0.13568910877337803,7,bear,0.13628787042892365,0.15570782477528855
sh600869,2021-10-15,5.571854999999999,2021-10-29,5.92,0.05637350577141742,10,bear,0.0767040370685077,0.10003449140197318
sz002617,2021-10-15,8.6393925,2021-10-25,10.32,0.18765989622534218,6,bear,0.1843578150724754,0.20151520792537803
sz002171,2021-10-15,9.423877499999998,2021-10-27,9.55,0.007556337611561936,8,bear,0.02505949255065454,0.04742277582102883
sz002610,2021-10-15,4.3146675,2021-10-20,5.58,0.28582677575966176,3,bear,0.275709506993175,0.2857008085932149
sz000933,2021-10-15,9.0215775,2021-11-26,7.14,-0.2131148903836385,30,bear,-0.2908655753017527,-0.19578095671033313
sz002559,2021-10-15,7.422434999999999,2021-10-27,7.52,0.007319026707542697,8,bear,0.0248221816466353,0.04718546491700959
sh600961,2021-10-15,9.655199999999999,2021-11-18,8.46,-0.12882643549589845,24,bear,-0.17773300879475562,-0.10834665980722968
sz002114,2021-10-15,8.398012499999998,2021-10-22,9.45,0.1187959651167465,5,bear,0.12246334482481358,0.13558081713146009
sz002080,2021-10-15,28.492897499999994,2021-10-27,33.0,0.15152381396100556,8,bear,0.16902696890009816,0.19139025217047245
sz002006,2021-10-15,16.554645,2021-11-02,16.76,0.006583348661357569,12,bear,0.026752214131118834,0.057847307382828506
sz000837,2021-10-15,10.90233,2021-11-12,11.0,0.0031571232938281124,20,bear,-0.03730888459486836,0.020586483832599756
sh605169,2021-11-02,11.2342275,2021-11-18,11.89,0.052287084269924344,12,bear,-0.018210204838708943,0.019839510136114624
sh600289,2021-11-02,3.5704124999999993,2021-11-04,3.72,0.03590551511905149,2,bear,0.014833232184620293,0.02166840653246238
sh605162,2021-11-02,11.857792499999999,2021-11-17,12.83,0.07576747526995442,11,bear,-0.0022350223169445016,0.032345064718186656
sh605555,2021-11-04,13.225612499999999,2021-11-12,14.96,0.12463449235337887,6,bear,0.08466601934377271,0.10350954385292299
sh600238,2021-11-05,18.204075,2021-11-18,19.3,0.05410601747136301,9,bear,0.0013648915188340105,0.03173008666518662
sz003008,2022-01-13,20.71845,2022-02-22,18.37,-0.11844889458429564,23,bear,-0.06807957207686854,-0.030399923056926625
sz002141,2022-01-25,5.5617975,2022-02-18,5.64,0.008229803404384839,13,bear,-0.01886083652173909,-0.0019861856290841473
sz003037,2022-02-08,10.5503175,2022-02-18,11.72,0.10447955713181156,8,bear,0.09042273671293555,0.1109263106555387
sz002605,2022-02-10,22.357822499999997,2022-04-06,17.86,-0.2057676904805913,37,bear,-0.1671183779785923,-0.08088355811475512
sz002036,2022-02-16,18.74718,2022-03-01,18.72,-0.007191481598832539,9,bear,-0.026525992784956598,0.0014557882938930344
sz002870,2022-02-16,32.74722,2022-03-04,31.94,-0.030258293681112436,12,bear,-0.0402793768734957,-0.006517056719286374
sz002349,2022-02-16,13.275899999999998,2022-02-24,14.06,0.05297230319601698,6,bear,0.05262460548848935,0.07296948843325268
sz000887,2022-02-16,18.505799999999997,2022-02-28,19.18,0.030472338402014687,8,bear,0.019662896735722635,0.04526371117780059
sz002177,2022-02-18,5.933925,2022-03-01,5.51,-0.07678012445388183,7,bear,-0.09103812140098066,-0.06880837628664382
sh603899,2022-03-10,47.39093999999999,2022-04-28,43.09,-0.0959826392977221,33,bear,0.1016328205702115,0.1604815215312142
sh605555,2022-03-18,10.520145,2022-04-07,10.21,-0.03506154145213769,12,bear,-0.018602209962352623,0.004684051938536604
sz002637,2022-03-21,18.2744775,2022-03-29,18.45,0.003799561437529464,6,bear,0.03176601024484771,0.0438534825248692
sh603239,2022-03-24,11.666699999999999,2022-04-07,11.41,-0.02762627821063357,8,bear,-0.008000524537440046,0.0024939386018356657
sz002935,2022-04-11,14.734237499999999,2022-05-19,12.48,-0.15786344559737142,25,bear,-0.11913415662693538,-0.060722152866326096
sh603997,2022-04-18,7.643699999999999,2022-05-18,8.2,0.0666104111882988,19,bear,0.10916952350332254,0.15623861637478353
sh603197,2022-04-18,34.07481,2022-05-18,35.29,0.029707355668307622,19,bear,0.07226646798333136,0.11933556085479236
sh603348,2022-04-18,30.192614999999996,2022-04-29,35.31,0.16276670636180435,9,bear,0.2674083783517688,0.28651103238742226
sz000815,2022-04-18,12.290265,2022-05-18,11.96,-0.03246756680999141,19,bear,0.010091545505032329,0.05716063837649332
sh603305,2022-04-18,13.336244999999998,2022-05-09,13.5,0.006458339660076806,12,bear,0.08967946224648049,0.1170017396201416
sz002132,2022-04-20,4.566104999999999,2022-05-16,5.12,0.11485828731489978,15,bear,0.15732648894191836,0.199150459267187
sz002549,2022-04-20,14.593432499999999,2022-05-11,14.55,-0.008709054569581154,12,bear,0.04955604259440738,0.08468232113719742
sh603209,2022-04-26,14.3520525,2022-05-13,16.01,0.10910564882618723,10,bear,-0.012406006641258793,0.017022455989040175
sz002980,2022-04-27,16.172459999999997,2022-05-24,16.73,0.028526427024707646,16,bear,-0.05854075783438217,-0.00925079463843681
sz000789,2022-04-28,9.494279999999998,2022-05-24,9.49,-0.006198205656458344,15,bear,-0.11175023853965771,-0.06497538619965149
sh603843,2022-04-28,4.4755875,2022-05-17,4.95,0.09964054998366145,10,bear,-0.008799111254262026,0.021243782438311598
sz002756,2022-04-28,62.19558,2022-05-17,67.91,0.08559993330715776,10,bear,-0.02283972793076572,0.007203165761807906
sh603289,2022-04-28,7.331917499999999,2022-05-17,8.1,0.09840638550556524,10,bear,-0.010033275732358238,0.020009617960215387
sz002738,2022-04-28,35.482859999999995,2022-05-05,39.34,0.10232926545379972,2,bear,0.039633792473516394,0.04509379826122317
sz000023,2022-04-28,9.715544999999999,2022-05-17,11.5,0.17686398447024865,10,bear,0.06842432323232517,0.09846721692489879
sh600993,2022-04-28,17.6509125,2022-05-17,19.19,0.08094454040265608,10,bear,-0.027495120835267395,0.0025477728573062297
sh600211,2022-04-28,21.6135675,2022-05-17,24.92,0.1463498564038539,10,bear,0.037910195165930416,0.06795308885850404
sz002596,2022-04-28,3.5201249999999997,2022-05-17,4.09,0.1552096871559958,10,bear,0.04677002591807233,0.07681291961064596
sh603022,2022-04-29,7.311802499999999,2022-05-19,7.88,0.07151280412729966,11,bear,-0.005927296581587971,0.029144331684412883
sh603396,2022-04-29,45.67110749999999,2022-05-18,52.35,0.13964802583340052,10,bear,0.07030979807276605,0.10071404588620703
sz002125,2022-04-29,10.2687075,2022-05-18,10.94,0.05924674551300635,10,bear,-0.010091482247628125,0.02031276556581285
sh603496,2022-04-29,7.1106525,2022-05-19,7.4,0.034708136841169024,11,bear,-0.0427319638677186,-0.007660335601717749
sh603607,2022-04-29,10.3893975,2022-05-19,11.0,0.05268375764812161,11,bear,-0.024756343060766017,0.010315285205234836
sh603963,2022-05-10,13.426762499999999,2022-05-16,16.23,0.2018293687700221,4,bear,0.18133200316470388,0.19298992272238813
sh603208,2022-05-11,27.67824,2022-05-24,26.31,-0.05489953479701026,9,bear,-0.06770222674439896,-0.043704420381398656
sz002960,2022-05-11,12.199747499999999,2022-05-17,13.13,0.07006333532722708,4,bear,0.05461527013279088,0.06293547883131256
sh600356,2022-05-16,6.1652474999999995,2022-05-19,6.07,-0.021110263618775993,3,bear,-0.03473797110990018,-0.026089694583099177
sh603319,2022-05-18,8.7600825,2022-05-20,8.78,-0.0034894077766961518,2,bear,-0.02327383470433675,-0.01599983313115827
sh603217,2022-09-05,31.198364999999995,2022-11-14,27.01,-0.13922756849597706,44,bear,-0.13616711775910195,-0.05069094671178698
sz002338,2022-09-05,21.2313825,2022-09-09,22.55,0.05599988601778527,4,bear,0.04897087857321125,0.05888172577051054
sz002438,2022-09-09,13.03452,2022-10-26,10.94,-0.16551625990063323,27,bear,-0.11824529120314076,-0.0692722494412461
sz002648,2022-09-21,13.044577499999999,2022-10-12,13.46,0.025913257826863267,10,bear,0.07245492745168991,0.08672826337485173
sh603612,2022-10-12,27.8693325,2022-10-19,29.87,0.06562464314493366,5,bear,0.020051767418335364,0.03916421693678207
sz002206,2022-10-13,5.02875,2022-10-28,4.94,-0.023297042008451285,11,bear,-0.021117441907499535,0.005297328648275812
sz002387,2022-10-13,5.702602499999999,2022-10-27,6.08,0.06004933712283145,10,bear,0.025242375474489487,0.049954495010311684
sh603068,2022-10-13,26.10927,2022-10-28,27.22,0.03654698120629174,11,bear,0.03872658130724349,0.06514135186301884
sh600353,2022-10-13,7.492837499999999,2022-10-26,9.11,0.20883677245102406,9,bear,0.17116648723609806,0.19770353105122318
sh603005,2022-10-13,18.606375,2022-10-21,20.0,0.06871972643784718,6,bear,0.03529411079316236,0.053928019913919156
sh603936,2022-10-13,11.646585,2022-10-28,12.04,0.02783519804303136,11,bear,0.030014798143983112,0.05642956869975846
sz002463,2022-10-13,9.715544999999999,2022-10-24,10.26,0.04996734614476095,7,bear,0.030150654841243796,0.05158067554705892
sh603916,2022-10-13,15.991425,2022-11-14,16.04,-0.0027299005560793566,22,bear,-0.08097334362155462,-0.025433530535440174
sh603097,2022-10-13,13.849177499999998,2022-10-26,14.3,0.02661511847905773,9,bear,-0.01105516673586826,0.015481877079256856
sh603603,2022-10-18,5.149439999999999,2022-11-10,5.61,0.08317457820656249,17,bear,0.05343900401817514,0.08885558783524394
sz002554,2022-10-20,3.8419649999999996,2022-11-14,3.82,-0.01143425304499135,17,bear,-0.055869686894097104,-0.018689077040144886
sh603008,2022-11-02,21.623624999999997,2022-11-14,27.2,0.25065061940354605,8,bear,0.2226298966171567,0.24181952785701388
sz002336,2022-11-02,6.678179999999999,2022-11-14,7.68,0.14340134587567266,8,bear,0.11538062308928332,0.1345702543291405
sz002824,2022-11-02,21.000059999999998,2022-11-07,23.1,0.09367187522321374,3,bear,0.06467798554719661,0.07391817319051142
sh605138,2022-11-25,10.58049,2022-11-30,10.75,0.010178876403644788,3,bear,-0.0034058033332193816,0.004153544596904757
sh603917,2023-03-22,25.797487499999995,2023-05-19,20.49,-0.21030361968389355,38,bear,-0.1785321221346643,-0.12331732169343368
sz002881,2023-03-24,32.7371625,2023-03-28,34.24,0.03989220201964683,2,bear,0.048347626690027456,0.05310567030529767
sz002402,2023-04-28,15.5589525,2023-05-19,15.1,-0.03507803626240269,12,bear,-0.03914266310549375,-0.02243503510365985
sz002463,2023-05-19,18.968445,2023-06-02,20.24,0.06089982600049715,10,bear,0.05259272926723946,0.07123149467520107
sh603168,2023-05-23,8.60922,2023-05-30,8.55,-0.01258911957180786,5,bear,-0.01598137274335054,-0.00588176873095414
sz000756,2023-05-23,22.760122499999998,2023-05-29,23.1,0.00909716105438374,4,bear,0.009875506734904449,0.0182570863376057
sz002466,2023-06-05,70.744455,2023-06-16,69.94,-0.017055895052128234,9,bear,-0.02491481912715976,-0.0021205330622587892
sh600386,2023-06-06,4.4051849999999995,2023-06-12,4.36,-0.015948251889534637,4,bear,-0.0278200196850118,-0.0189446903158923
sz000598,2023-08-25,4.918117499999999,2023-09-20,5.09,0.02899788384478419,18,bear,0.0010164956574034711,0.019753338735079673
sh603963,2023-09-05,10.962674999999999,2023-09-15,10.7,-0.029573074090037288,8,bear,-0.011252877004968798,-0.002484521044445409
sh603075,2023-09-20,27.446917499999998,2023-11-13,23.63,-0.14401580796823543,32,bear,-0.1871780862004968,-0.14076640258707818
sz002552,2023-09-26,17.671027499999997,2023-11-21,15.22,-0.14365562500539353,34,bear,-0.2007715881423171,-0.1461790689066118
sz002281,2023-10-31,28.271632499999996,2023-11-10,29.1,0.023381829825356082,8,bear,-0.0010362915274579887,0.013606331259254922
sz002644,2023-11-02,9.987097499999999,2023-11-15,10.24,0.01942731609459103,9,bear,-0.03612026803590496,-0.01403825531146441
sz000938,2023-12-29,19.048905,2024-01-29,17.3,-0.09703339903264796,20,bear,0.023262595039286516,0.03745377226029023
sh600697,2024-01-09,14.0503275,2024-01-10,14.36,0.01616350223864882,1,bear,0.025040736876097425,0.024890774965921514
sh600178,2024-01-17,13.054635,2024-03-05,10.97,-0.16451723851337086,28,bear,-0.08515250806602326,-0.016479203537353215
sh600072,2024-01-25,15.8003325,2024-02-20,16.07,0.011219067699999474,12,bear,0.13928680739627142,0.16226306134205404
sz000029,2024-01-25,10.590547499999998,2024-01-29,11.69,0.09746757662906491,2,bear,0.13119846403077917,0.1321096976063305
sz000798,2024-01-25,8.307495,2024-01-29,9.11,0.09029466764650484,2,bear,0.1240255550482191,0.12493678862377045
sh603126,2024-01-25,6.125017499999999,2024-02-01,8.18,0.3278272266160871,5,bear,0.4500106137761979,0.455216134021317
sh603159,2024-01-25,14.663834999999999,2024-03-05,12.39,-0.15992252367815096,22,bear,-0.10443520208013579,-0.042586063387878514
sh600476,2024-01-25,15.066135,2024-03-05,14.84,-0.020673185259524107,22,bear,0.034814136338491064,0.09666327503074834
sh600962,2024-01-25,10.841985,2024-01-29,12.34,0.13162349883347013,2,bear,0.1653543862351844,0.16626561981073573
sz001318,2024-01-25,11.646585,2024-03-01,10.88,-0.07119211339633025,20,bear,-0.02840777051295884,0.02470270049585299
sh603967,2024-01-25,8.156632499999999,2024-03-05,7.14,-0.12967207974614514,22,bear,-0.07418475814812997,-0.012335619455872693
sh601611,2024-01-25,6.4368,2024-02-08,6.92,0.06888671389510326,10,bear,0.2353323817783063,0.2512790650195278
sh600692,2024-01-25,5.863522499999999,2024-01-26,6.47,0.09708754421936638,1,bear,0.10072362525693801,0.10033429746611955
sz002116,2024-01-25,8.066114999999998,2024-01-29,9.89,0.21906673782855823,2,bear,0.2527976252302725,0.25370885880582383
sh600651,2024-01-25,3.3491475,2024-03-01,3.14,-0.06783890527365544,20,bear,-0.02505456239028403,0.028055908618527803
sh603032,2024-02-05,17.21844,2024-02-27,19.26,0.11213646532438482,10,bear,-0.1477042912401032,-0.12528500352715533
sh603901,2024-02-05,9.112095,2024-02-20,9.51,0.03766669465144945,5,bear,-0.09338035906141973,-0.09605989344095067
sh600207,2024-06-19,4.2744374999999994,2024-07-26,3.92,-0.08819347574973313,27,bear,-0.014132979368002396,0.02142711201325831
sh603863,2024-06-21,16.594875,2024-07-02,19.98,0.19706324994915603,7,bear,0.21170909260195847,0.21847679877743087
sh600158,2024-06-27,7.844849999999999,2024-07-29,7.44,-0.057060364442914735,22,bear,-0.030970658076689306,0.0005476235423741427
sh603882,2024-06-27,28.100655,2024-07-15,27.47,-0.02806366969026175,12,bear,-0.01350999018630461,0.00372686442317427
sh603032,2024-06-27,11.46555,2024-07-12,11.72,0.016314960904623144,11,bear,0.016246686877772643,0.0308673442901084
sz002271,2024-07-02,10.831927499999999,2024-07-18,10.72,-0.016023694767159258,12,bear,0.020775337976279395,0.03897985118144898
sh601500,2024-08-01,4.7370825,2024-09-12,4.33,-0.09119114982692389,30,bear,-0.02953695422394753,-0.000763187085669359
sz002130,2024-08-23,14.1307875,2024-09-30,12.81,-0.09868133676201707,24,bear,-0.37418867348346685,-0.3160366858974121
sh600452,2024-08-23,8.9411175,2024-09-06,9.15,0.01747768106167924,10,bear,0.004432411008413517,0.01661134586988311
sz000953,2024-08-28,3.4899525,2024-09-18,3.53,0.005659102810138483,13,bear,0.018825289301926396,0.03593553565824259
sh605358,2024-08-30,19.260112499999998,2024-09-12,19.18,-0.009885586078482111,9,bear,0.016637131246120096,0.02662230445178937
sh603207,2024-09-06,24.520184999999998,2024-10-09,26.24,0.06398544709185505,16,bear,-0.17679182226188828,-0.11583317114950464
sh601211,2025-01-03,17.248612499999997,2025-01-27,17.44,0.005282019060953713,16,bear,-0.0356067670311353,-0.013542028237101267
sh605289,2025-01-07,19.330515,2025-02-10,18.08,-0.07006926613181286,18,bear,-0.1590817110629571,-0.11856951826834428
sz002591,2025-01-08,4.877887499999999,2025-01-24,4.98,0.015063385533184315,12,bear,-0.01960997400806863,0.0007681249665612011
sh600105,2025-01-08,5.079037499999999,2025-01-22,5.09,-0.003604029306733758,10,bear,-0.02803244356629009,-0.010527245650925221
sz002639,2025-01-08,6.637949999999999,2025-01-24,6.67,-0.0009494648197108102,12,bear,-0.035622824360963756,-0.015244725386333924
sz002717,2025-01-08,3.2184,2025-01-27,3.18,-0.01761278896346008,13,bear,-0.041994094679475236,-0.024045295572202585
sz002725,2025-01-08,10.7112375,2025-01-15,11.75,0.09067112926961052,5,bear,0.0718034687217679,0.07979655672191499
sh600053,2025-01-08,13.3261875,2025-01-17,14.8,0.1042092871648399,7,bear,0.07779881119996146,0.08963220562077945
sz002526,2025-01-08,3.3994349999999995,2025-01-15,3.93,0.1494270371399955,5,bear,0.1305593765921529,0.13855246459229997
sz002370,2025-01-08,3.198285,2025-01-21,3.39,0.053848390621848985,9,bear,0.018801399716343203,0.03602218403698787
sz002354,2025-01-08,5.2198425,2025-01-16,6.68,0.2723736396260996,6,bear,0.2472700848618241,0.25788880074787657
sz002229,2025-01-08,11.968425,2025-02-10,12.36,0.026779212803689667,17,bear,-0.06335550233046061,-0.02722979722497776
sz002667,2025-01-15,9.53451,2025-02-10,9.99,0.04174808144309461,12,bear,-0.02819923099588051,-0.0009223335147776623
sh600880,2025-01-15,4.6365075,2025-01-27,4.59,-0.015723041535034676,8,bear,-0.02113458356514264,-0.011328761512976349
sh600839,2025-01-15,9.1020375,2025-01-27,9.02,-0.014711266570809123,8,bear,-0.020122808600917086,-0.010316986548750795
sh600797,2025-01-15,6.3261674999999995,2025-01-27,6.58,0.0341434999942698,8,bear,0.028731957964161836,0.03853778001632813
sh600732,2025-01-15,10.359225,2025-01-27,10.46,0.003922108072756503,8,bear,-0.0014894339573514603,0.00831638809481483
sz002181,2025-01-15,5.752889999999999,2025-02-10,5.74,-0.007977729454239357,12,bear,-0.07792504189321448,-0.05064814441211163
sh603716,2025-01-15,7.050307499999999,2025-02-05,7.38,0.04074396755035159,9,bear,0.025185804969044323,0.0362223754532045
sh603721,2025-01-15,25.18398,2025-01-24,25.47,0.0055419159322711575,7,bear,-0.00997108895092591,0.002158026267002011
sz002803,2025-01-15,12.421012499999998,2025-01-24,12.09,-0.032246163507201886,7,bear,-0.047759168390398954,-0.03563005317247103
sh600679,2025-01-15,13.054635,2025-02-10,12.62,-0.038852101188581734,12,bear,-0.10879941362755685,-0.081522516146454
sh600571,2025-01-15,12.129344999999999,2025-01-24,12.03,-0.013893371818511246,7,bear,-0.029406376701708314,-0.017277261483780393
sh603918,2025-01-15,12.250034999999999,2025-01-24,12.25,-0.0057528407061693265,7,bear,-0.021265845589366394,-0.009136730371438473
sh600355,2025-01-15,3.54024,2025-02-10,3.84,0.07843536031455489,12,bear,0.008488047875579774,0.03576494535668262
sh605136,2025-01-15,7.643699999999999,2025-02-10,7.73,0.005475424205555024,12,bear,-0.0644718882334201,-0.03719499075231725
sz002855,2025-01-15,18.6566625,2025-02-10,19.16,0.021073838903394426,12,bear,-0.04887347353558069,-0.021596576054477845
sz002856,2025-01-15,7.452607499999999,2025-01-24,7.38,-0.015436543518493329,7,bear,-0.030949548401690397,-0.018820433183762475
sh600228,2025-01-15,5.9842125,2025-02-19,5.19,-0.13770483584932847,19,bear,-0.219039551116456,-0.1642815240417741
sh600178,2025-01-15,11.153767499999999,2025-01-24,10.79,-0.038176338174522706,7,bear,-0.053689343057719774,-0.04156022783979185
sz002655,2025-01-15,11.837677499999998,2025-01-27,12.06,0.012922931884231659,8,bear,0.007511389854123696,0.017317211906289987
sh600825,2025-01-15,6.1451325,2025-01-27,6.15,-0.004962464194222083,8,bear,-0.010374006224330046,-0.0005681841721637548
sz000516,2025-01-15,5.0890949999999995,2025-02-10,5.2,0.01591736841226199,12,bear,-0.05402994402671313,-0.02675304654561028
sz002995,2025-01-15,19.9239075,2025-01-27,19.65,-0.01941863060747495,8,bear,-0.024830172637582915,-0.015024350585416624
sz002576,2025-01-15,13.949752499999999,2025-01-27,14.54,0.03631910315254694,8,bear,0.030907561122438976,0.04071338317460527
sz002607,2025-01-15,3.2184,2025-01-24,3.32,0.025636962465821478,7,bear,0.01012395758262441,0.02225307280055233
sh600100,2025-01-15,6.6278925,2025-01-24,6.63,-0.005433853973944247,7,bear,-0.020946858857141315,-0.008817743639213393
sh603353,2025-01-15,14.7141225,2025-01-27,14.28,-0.03508415129750353,8,bear,-0.04049569332761149,-0.030689871275445202
sh605168,2025-01-15,30.263017499999997,2025-02-07,31.46,0.033575220977220877,11,bear,-0.0179924170071577,0.00301231766844956
sz000917,2025-01-15,7.140824999999999,2025-01-24,7.09,-0.012826599167462982,7,bear,-0.02833960405066005,-0.01621048883273213
sh603489,2025-01-15,22.3175925,2025-01-24,22.1,-0.015443758102492433,7,bear,-0.0309567629856895,-0.01882764776776158
sz000952,2025-02-06,5.5819125,2025-02-10,5.65,0.006377742395639485,2,bear,-0.024346207965551425,-0.014652798489329655
sz000631,2025-02-12,3.0474224999999997,2025-02-20,3.09,0.008141306300652351,6,bear,-0.004730635241487313,0.016763674752265367
sh600602,2025-04-01,24.09777,2025-04-28,22.75,-0.06135764844630853,18,bear,-0.012655670780530426,-0.01228072572664185
sz002409,2025-04-08,53.184059999999995,2025-04-29,52.16,-0.024894301036814448,15,bear,-0.11238334302151876,-0.08068096646982703
sz002828,2025-04-10,7.9957125,2025-05-08,9.01,0.12037451321567638,12,bear,0.030512196499906885,0.06655742798078901
sh603458,2025-04-10,6.2658225,2025-04-22,6.58,0.04410314846933505,8,bear,0.0073257669267257075,0.026249706154670704
sz000678,2025-04-10,11.46555,2025-04-25,12.18,0.05620445595719348,11,bear,0.01815100082529897,0.0411467160673229
sz002241,2025-04-17,19.732815,2025-04-29,20.16,0.01577397852257789,8,bear,0.0021231179854492854,0.011441625675369993
sh603948,2025-04-17,15.518722499999999,2025-04-28,16.37,0.04878945415771185,7,bear,0.04344669907440868,0.052190950248339196
sz002115,2025-04-21,7.3721475,2025-04-29,6.95,-0.06268322764838874,6,bear,-0.06067965841713474,-0.054228085468743914
sz002278,2025-04-21,7.5934124999999995,2025-04-28,8.08,0.05796175303264528,5,bear,0.0681451205674044,0.07405227420185512
sh601126,2025-11-26,26.229959999999995,2025-12-08,29.22,0.10758784992428527,8,bear,0.0831507957389106,0.10221996848416448
sz002478,2025-12-01,7.422434999999999,2025-12-12,7.64,0.023393266495429055,9,bear,0.04009855909739857,0.06059574496456632
sh600939,2025-12-01,3.8419649999999996,2025-12-08,3.91,0.011856562982744512,5,bear,0.00907743723193355,0.021051281809174927
sh605358,2026-03-04,36.005849999999995,2026-04-14,36.01,-0.0056354036913444094,28,bear,-0.004211691508682391,0.05240185508304007
sh600192,2026-03-30,8.800312499999999,2026-05-08,8.59,-0.029510883846454172,25,bear,-0.11504515631523282,-0.04597969423969284
sh601702,2026-03-31,19.511549999999996,2026-04-14,19.71,0.004362416107382749,9,bear,-0.03747422783037102,-0.013634196161325107
sh600143,2026-03-31,16.61499,2026-04-13,16.49,-0.01322946929248836,8,bear,-0.04486653604087376,-0.024826462085775436
sh600219,2026-04-02,6.11496,2026-04-14,6.12,-0.004930531025550411,7,bear,-0.046403993845420266,-0.0269436497291361
sz000533,2026-04-09,14.402339999999999,2026-04-21,15.98,0.10316205561040781,8,bear,0.06449372134908549,0.09058897372868313
sz002885,2026-04-09,24.268747499999996,2026-04-14,26.88,0.10122864807918086,3,bear,0.08042040218569779,0.08843667387920817
sz000099,2026-04-09,16.997175,2026-04-15,17.68,0.03419185835293237,4,bear,0.01741502121096672,0.028634112540102397
sz002121,2026-04-09,7.754332499999999,2026-04-27,7.06,-0.0947763717895771,12,bear,-0.1310547502331414,-0.09674980266166378
sz002173,2026-04-09,25.224209999999996,2026-04-17,25.5,0.005120675731767443,6,bear,-0.027993942697259966,-0.008026495889942975
sz002426,2026-04-09,3.5804699999999996,2026-04-21,3.75,0.0413262783936188,8,bear,0.0026579441322964747,0.02875319651189412
sh601611,2026-04-09,13.889407499999999,2026-04-27,13.39,-0.04149925041798941,12,bear,-0.0777776288615537,-0.04347268129007609
sh603312,2026-04-09,38.7113175,2026-04-21,41.45,0.06458950925656315,8,bear,0.025921174995240825,0.05201642737483847
sz002243,2026-04-09,8.800312499999999,2026-04-22,8.91,0.006642377756471696,9,bear,-0.0373173348051945,-0.007002210032006184
sh603499,2026-04-09,16.1825175,2026-05-12,16.41,0.00822647032515178,20,bear,-0.07202118335869323,-0.006940162032823549
sz002881,2026-04-09,38.01734999999999,2026-04-17,39.77,0.040086236941817566,6,bear,0.006971618512790156,0.026939065320107147
sz002459,2026-04-09,10.831927499999999,2026-04-27,10.76,-0.012352141389424975,12,bear,-0.04863051983298927,-0.014325572261511654
sz002112,2026-04-09,21.0101175,2026-05-14,22.82,0.07989805387809001,22,bear,0.008060394501750556,0.0810365094797465
sz002031,2026-04-09,6.1853625,2026-05-08,6.68,0.07375921783080619,18,bear,-0.0058837746368625155,0.047393622730882434
sh603916,2026-06-12,13.6480275,2026-06-24,14.73,0.0730709987212439,7,bear,0.06021629290904418,0.0971863603764257
sh603201,2026-07-14,14.181074999999998,2026-07-17,17.39,0.21923108791117762,3,bear,0.2700560364683051,0.25586246804495416
sz000973,2026-07-16,12.099172499999998,2026-08-06,12.45,0.023079264305059022,15,bear,0.001817762136477885,0.020553843429059304
sh603612,2026-07-22,15.910965,2026-07-30,16.78,0.04855456598641261,6,bear,0.03987056199476813,0.02871008878394421
sh603048,2026-07-24,16.172459999999997,2026-08-03,18.9,0.16193362048816318,6,bear,0.10562531710701073,0.09531573276854233
sz001696,2026-08-04,15.287399999999998,2026-08-10,16.12,0.04839998953386471,4,bear,0.0011038455760106203,0.02449082285236659
sh600707,2026-08-05,8.327609999999998,2026-08-10,9.6,0.1461631848753724,3,bear,0.11671591224054967,0.13088246622770705
sz002364,2026-09-04,39.1136175,2026-09-08,36.81,-0.06430688749257196,2,bear,-0.0815168084415191,-0.07419428354984692
