rank_prov,sym,close,limit_099,volbr,ret20_pct,amt20_wan,comp_prov
1,sh603611,15.67,15.51,0.33,-5.43,2527.4,3.7904
2,sh603173,29.48,29.19,0.358,-6.71,2502.8,3.7549
3,sh603639,10.41,10.31,0.339,-4.14,2251.2,3.7176
4,sz002942,16.77,16.6,0.212,-11.78,21640.2,3.4805
5,sh603515,14.6,14.45,0.513,-11.03,2509.0,3.425
6,sh603706,17.12,16.95,0.481,-6.14,2245.2,3.2013
7,sh600191,9.06,8.97,0.455,-19.11,11391.7,3.1533
8,sh600469,4.96,4.91,0.346,-4.98,4815.9,3.1252
9,sz001382,16.41,16.25,0.318,-1.5,4253.4,3.0822
10,sz002853,21.26,21.05,0.44,-5.38,2984.9,3.0759
11,sz002616,4.81,4.76,0.328,-2.04,4304.7,3.0574
12,sh603167,8.06,7.98,0.42,-0.74,2185.4,3.0035
13,sh603383,26.83,26.56,0.377,-9.02,7479.1,2.958
14,sh603758,10.91,10.8,0.326,-10.65,13144.3,2.9342
15,sh605086,23.54,23.3,0.573,-9.01,2804.0,2.9277
16,sh603205,21.57,21.35,0.495,-6.38,3073.0,2.9085
17,sz002749,8.44,8.36,0.398,-1.63,3086.3,2.9083
18,sh605286,24.95,24.7,0.397,-12.27,10107.6,2.9018
19,sz001277,30.55,30.24,0.296,-3.29,7858.3,2.8777
20,sh603036,13.68,13.54,0.437,-13.14,9186.2,2.867
